Resolved 1 suite(s):
  - /home/jakedern/repos/otel-arrow/tools/comparison_dashboard/suites/dfe/dfe-logs-otlphttp-gzip-baseline.yaml
Publishing to: /home/jakedern/repos/otel-arrow/tools/comparison_dashboard/.site/data


############################################################
# [1/1] dfe-logs-otlphttp-gzip-baseline
############################################################

Suite:    DFE OTLP/HTTP Baseline w/ Gzip (Logs)
Slug:     dfe_logs_otlphttp_gzip_baseline
Binary:   dfe
File:     /home/jakedern/repos/otel-arrow/tools/comparison_dashboard/suites/dfe/dfe-logs-otlphttp-gzip-baseline.yaml
Template: ../pipeline_perf_test/test_suites/comparison_dashboard/templates/orchestrator/dfe-single-core-multi-rate.yaml
Staging:  .data/dfe_logs_otlphttp_gzip_baseline/20260519_180634

Rendering orchestrator config...
  Generated .data/dfe_logs_otlphttp_gzip_baseline/20260519_180634/orchestrator.yaml

============================================================
Running: /home/jakedern/repos/otel-arrow/.venv/bin/python ../pipeline_perf_test/orchestrator/run_orchestrator.py --config .data/dfe_logs_otlphttp_gzip_baseline/20260519_180634/orchestrator.yaml --tests 100k,400k,800k,1000k
Log:     .data/dfe_logs_otlphttp_gzip_baseline/20260519_180634/orchestrator.log
============================================================

[2026-05-19 18:06:34] INFO | ctx.type=- ctx.name=- | Starting Test: 100k
[2026-05-19 18:06:34] INFO | ctx.type=ScenarioContext ctx.name=100k | Running 14 test steps...
[2026-05-19 18:06:34] INFO | ctx.type=FrameworkElementHookContext ctx.name=RenderTemplateHook (pre_run) | Rendered template saved to .data/dfe_logs_otlphttp_gzip_baseline/20260519_180634/tests/100k/backend-config.rendered.yaml
[2026-05-19 18:06:34] INFO | ctx.type=StepContext ctx.name=Deploy Backend Engine | Executing main step action...
[2026-05-19 18:06:36] INFO | ctx.type=FrameworkElementHookContext ctx.name=ReadyCheckHttpHook (post_run) | Ready check passed on attempt 2
[2026-05-19 18:06:36] INFO | ctx.type=FrameworkElementHookContext ctx.name=RenderTemplateHook (pre_run) | Rendered template saved to .data/dfe_logs_otlphttp_gzip_baseline/20260519_180634/tests/100k/engine-config.rendered.yaml
[2026-05-19 18:06:36] INFO | ctx.type=StepContext ctx.name=Deploy Dataflow Engine | Executing main step action...
[2026-05-19 18:06:37] INFO | ctx.type=FrameworkElementHookContext ctx.name=ReadyCheckHttpHook (post_run) | Ready check passed on attempt 2
[2026-05-19 18:06:37] INFO | ctx.type=FrameworkElementHookContext ctx.name=RenderTemplateHook (pre_run) | Rendered template saved to .data/dfe_logs_otlphttp_gzip_baseline/20260519_180634/tests/100k/loadgen-config.rendered.yaml
[2026-05-19 18:06:37] INFO | ctx.type=StepContext ctx.name=Deploy Load Generator | Executing main step action...
[2026-05-19 18:06:38] INFO | ctx.type=FrameworkElementHookContext ctx.name=ReadyCheckHttpHook (post_run) | Ready check passed on attempt 2
[2026-05-19 18:06:38] INFO | ctx.type=StepContext ctx.name=Monitor All | Executing main step action...
[2026-05-19 18:06:38] INFO | ctx.type=StepContext ctx.name=Wait for data | Executing main step action...
[2026-05-19 18:06:48] INFO | ctx.type=StepContext ctx.name=Observe Load | Executing main step action...
[2026-05-19 18:07:08] INFO | ctx.type=StepContext ctx.name=Wait Before Drain | Executing main step action...
[2026-05-19 18:07:18] INFO | ctx.type=StepContext ctx.name=Stop Load Generator | Executing main step action...
[2026-05-19 18:07:18] INFO | ctx.type=StepContext ctx.name=Stop Engine | Executing main step action...
[2026-05-19 18:07:18] INFO | ctx.type=StepContext ctx.name=Stop Backend | Executing main step action...
[2026-05-19 18:07:18] INFO | ctx.type=StepContext ctx.name=Wait For Metrics Update | Executing main step action...
[2026-05-19 18:07:19] INFO | ctx.type=StepContext ctx.name=Stop Monitoring All | Executing main step action...
[2026-05-19 18:07:23] INFO | ctx.type=StepContext ctx.name=Destroy All | Executing main step action...
[2026-05-19 18:07:54] INFO | ctx.type=StepContext ctx.name=Run Report | Executing main step action...

================================================================================
DOCKER CONTAINER LOGS
================================================================================

================================================================================
Component: load-generator
Container ID: f16023224759202c6f92c5ad62eaf024367c38ab171fad44a787a9ad14b819f6
================================================================================
System Information:
  Available CPU cores: 32
  Available memory: 113.92 GB / 117.92 GB
  Build mode: release
  Memory allocator: jemalloc

Available Component URNs:
  Receivers: urn:otel:receiver:host_metrics, urn:otel:receiver:internal_telemetry, urn:otel:receiver:otap, urn:otel:receiver:otlp, urn:otel:receiver:syslog_cef, urn:otel:receiver:topic, urn:otel:receiver:traffic_generator
  Processors: urn:otel:processor:attribute, urn:otel:processor:batch, urn:otel:processor:content_router, urn:otel:processor:debug, urn:otel:processor:delay, urn:otel:processor:durable_buffer, urn:otel:processor:fanout, urn:otel:processor:filter, urn:otel:processor:log_sampling, urn:otel:processor:retry, urn:otel:processor:temporal_reaggregation, urn:otel:processor:transform, urn:otel:processor:type_router
  Exporters: urn:otel:exporter:console, urn:otel:exporter:error, urn:otel:exporter:noop, urn:otel:exporter:otap, urn:otel:exporter:otlp_grpc, urn:otel:exporter:otlp_http, urn:otel:exporter:parquet, urn:otel:exporter:perf, urn:otel:exporter:topic

Example configuration files can be found in the configs/ directory.
[2m2026-05-19T18:06:37.719Z[0m  [32mINFO [0m [1motap-df-controller::pipeline.core_allocation[0m: [pipeline_group_id=default, pipeline_id=main, num_cores=1, core_allocation=2]
[2m2026-05-19T18:06:37.721Z[0m  [32mINFO [0m [1motap-df-core-nodes::otlp.exporter.http.start[0m: [logs_endpoint=http://df-engine:4318/v1/logs, metrics_endpoint=http://df-engine:4318/v1/metrics, traces_endpoint=http://df-engine:4318/v1/traces][35m entity/node.attrs: node.id=exporter node.urn=urn:otel:exporter:otlp_http node.type=exporter pipeline.id=main pipeline.group.id=default deployment.generation=0 core.id=2 numa.node.id=0 process.instance.id=AGPEC2YWSZ4GBDCIGJAHLSZEB4 host.id=f16023224759 conta[2m2026-05-19T18:06:37.722Z[0m  [32mINFO [0m [1motap-df-admin::endpoint.start[0m: Admin HTTP server listening [bind_address=0.0.0.0:8080][35m[0m
[2m2026-05-19T18:07:18.706Z[0m  [32mINFO [0m [1motap-df-admin::shutdown.requested[0m: [wait=true, timeout_secs=5][35m[0m
[2m2026-05-19T18:07:18.706Z[0m  [32mINFO [0m [1motap-df-admin::shutdown.blocking_wait[0m: [timeout_secs=5][35m[0m
[2m2026-05-19T18:07:18.706Z[0m  [32mINFO [0m [1motap-df-state::state.observed_event[0m: global shutdown [pipeline_group_id=default, pipeline_id=main, core_id=2, event_type=ShutdownRequested][35m[0m
[2m2026-05-19T18:07:18.706Z[0m  [32mINFO [0m [1motap-df-core-nodes::traffic_generator.drain_ingress[0m[35m entity/node.attrs: node.id=receiver node.urn=urn:otel:receiver:traffic_generator node.type=receiver pipeline.id=main pipeline.group.id=default deployment.generation=0 core.id=2 numa.node.id=0 process.instance.id=AGPEC2YWSZ4GBDCIGJAHLSZEB4 host.id=f16023224759 container.id=[0m
[2m2026-05-19T18:07:18.708Z[0m  [32mINFO [0m [1motap-df-core-nodes::otlp.exporter.http.shutdown[0m: [reason=global shutdown][35m entity/node.attrs: node.id=exporter node.urn=urn:otel:exporter:otlp_http node.type=exporter pipeline.id=main pipeline.group.id=default deployment.generation=0 core.id=2 numa.node.id=0 process.instance.id=AGPEC2YWSZ4GBDCIGJAHLSZEB4 host.id=f16023224759 container.id=[0m
[2m2026-05-19T18:07:18.807Z[0m  [32mINFO [0m [1motap-df-admin::shutdown.completed[0m: [elapsed_ms=101][35m[0m
[2m2026-05-19T18:07:18.809Z[0m  [32mINFO [0m [1motap-df-admin::shutdown.requested[0m: [wait=true, timeout_secs=5][35m[0m
[2m2026-05-19T18:07:18.809Z[0m  [32mINFO [0m [1motap-df-admin::shutdown.blocking_wait[0m: [timeout_secs=5][35m[0m
[2m2026-05-19T18:07:18.809Z[0m  [32mINFO [0m [1motap-df-admin::shutdown.completed[0m: [elapsed_ms=0][35m[0m

================================================================================
Component: df-engine
Container ID: dfbca1d7a5af7a1f1df4adfeea1a573457d9e66cfff5fb7dbdcaa15ccc244966
================================================================================
System Information:
  Available CPU cores: 32
  Available memory: 113.98 GB / 117.92 GB
  Build mode: release
  Memory allocator: jemalloc

Available Component URNs:
  Receivers: urn:otel:receiver:host_metrics, urn:otel:receiver:internal_telemetry, urn:otel:receiver:otap, urn:otel:receiver:otlp, urn:otel:receiver:syslog_cef, urn:otel:receiver:topic, urn:otel:receiver:traffic_generator
  Processors: urn:otel:processor:attribute, urn:otel:processor:batch, urn:otel:processor:content_router, urn:otel:processor:debug, urn:otel:processor:delay, urn:otel:processor:durable_buffer, urn:otel:processor:fanout, urn:otel:processor:filter, urn:otel:processor:log_sampling, urn:otel:processor:retry, urn:otel:processor:temporal_reaggregation, urn:otel:processor:transform, urn:otel:processor:type_router
  Exporters: urn:otel:exporter:console, urn:otel:exporter:error, urn:otel:exporter:noop, urn:otel:exporter:otap, urn:otel:exporter:otlp_grpc, urn:otel:exporter:otlp_http, urn:otel:exporter:parquet, urn:otel:exporter:perf, urn:otel:exporter:topic

Example configuration files can be found in the configs/ directory.
[2m2026-05-19T18:06:36.402Z[0m  [32mINFO [0m [1motap-df-controller::pipeline.core_allocation[0m: [pipeline_group_id=default, pipeline_id=main, num_cores=1, core_allocation=0]
[2m2026-05-19T18:06:36.405Z[0m  [32mINFO [0m [1motap-df-admin::endpoint.start[0m: Admin HTTP server listening [bind_address=0.0.0.0:8080][35m[0m
[2m2026-05-19T18:06:36.406Z[0m  [32mINFO [0m [1motap-df-core-nodes::otlp.exporter.http.start[0m: [logs_endpoint=http://backend-service:1235/v1/logs, metrics_endpoint=http://backend-service:1235/v1/metrics, traces_endpoint=http://backend-service:1235/v1/traces][35m entity/node.attrs: node.id=exporter node.urn=urn:otel:exporter:otlp_http node.type=exporter pipeline.id=main pipeline.group.id=default deployment.generation=0 core.id=0 numa.node.id=0 process.instance.id=AGPEC2YROJ65BBH43KQXGKPQOA host.id=[2m2026-05-19T18:06:36.407Z[0m  [32mINFO [0m [1motap-df-core-nodes::otlp.receiver.http.start[0m: Starting OTLP HTTP receiver [endpoint=0.0.0.0:4318][35m entity/node.attrs: node.id=receiver node.urn=urn:otel:receiver:otlp node.type=receiver pipeline.id=main pipeline.group.id=default deployment.generation=0 core.id=0 numa.node.id=0 process.instance.id=AGPEC2YROJ65BBH43KQXGKPQOA host.id=dfbca1d7a5af container.id=[0m
[2m2026-05-19T18:07:18.810Z[0m  [32mINFO [0m [1motap-df-admin::shutdown.requested[0m: [wait=true, timeout_secs=5][35m[0m
[2m2026-05-19T18:07:18.810Z[0m  [32mINFO [0m [1motap-df-admin::shutdown.blocking_wait[0m: [timeout_secs=5][35m[0m
[2m2026-05-19T18:07:18.811Z[0m  [32mINFO [0m [1motap-df-state::state.observed_event[0m: global shutdown [pipeline_group_id=default, pipeline_id=main, core_id=0, event_type=ShutdownRequested][35m[0m
[2m2026-05-19T18:07:18.811Z[0m  [32mINFO [0m [1motap-df-core-nodes::otlp.receiver.drain_ingress[0m[35m entity/node.attrs: node.id=receiver node.urn=urn:otel:receiver:otlp node.type=receiver pipeline.id=main pipeline.group.id=default deployment.generation=0 core.id=0 numa.node.id=0 process.instance.id=AGPEC2YROJ65BBH43KQXGKPQOA host.id=dfbca1d7a5af container.id=[0m
[2m2026-05-19T18:07:18.811Z[0m  [32mINFO [0m [1motap-df-core-nodes::otlp.exporter.http.shutdown[0m: [reason=global shutdown][35m entity/node.attrs: node.id=exporter node.urn=urn:otel:exporter:otlp_http node.type=exporter pipeline.id=main pipeline.group.id=default deployment.generation=0 core.id=0 numa.node.id=0 process.instance.id=AGPEC2YROJ65BBH43KQXGKPQOA host.id=dfbca1d7a5af container.id=[0m
[2m2026-05-19T18:07:18.912Z[0m  [32mINFO [0m [1motap-df-admin::shutdown.completed[0m: [elapsed_ms=101][35m[0m

================================================================================
Component: backend-service
Container ID: 4eba84adfd826a4658f0480af9ab21e25d4ddec70aa40219644d5bdfeb614116
================================================================================
System Information:
  Available CPU cores: 32
  Available memory: 114.05 GB / 117.92 GB
  Build mode: release
  Memory allocator: jemalloc

Available Component URNs:
  Receivers: urn:otel:receiver:host_metrics, urn:otel:receiver:internal_telemetry, urn:otel:receiver:otap, urn:otel:receiver:otlp, urn:otel:receiver:syslog_cef, urn:otel:receiver:topic, urn:otel:receiver:traffic_generator
  Processors: urn:otel:processor:attribute, urn:otel:processor:batch, urn:otel:processor:content_router, urn:otel:processor:debug, urn:otel:processor:delay, urn:otel:processor:durable_buffer, urn:otel:processor:fanout, urn:otel:processor:filter, urn:otel:processor:log_sampling, urn:otel:processor:retry, urn:otel:processor:temporal_reaggregation, urn:otel:processor:transform, urn:otel:processor:type_router
  Exporters: urn:otel:exporter:console, urn:otel:exporter:error, urn:otel:exporter:noop, urn:otel:exporter:otap, urn:otel:exporter:otlp_grpc, urn:otel:exporter:otlp_http, urn:otel:exporter:parquet, urn:otel:exporter:perf, urn:otel:exporter:topic

Example configuration files can be found in the configs/ directory.
[2m2026-05-19T18:06:35.117Z[0m  [32mINFO [0m [1motap-df-controller::pipeline.core_allocation[0m: [pipeline_group_id=default, pipeline_id=main, num_cores=1, core_allocation=1]
[2m2026-05-19T18:06:35.120Z[0m  [32mINFO [0m [1motap-df-admin::endpoint.start[0m: Admin HTTP server listening [bind_address=0.0.0.0:8080][35m[0m
[2m2026-05-19T18:06:35.121Z[0m  [32mINFO [0m [1motap-df-core-nodes::perf_exporter.start[0m: Starting Perf Exporter [frequency_ms=500][35m entity/node.attrs: node.id=perf node.urn=urn:otel:exporter:perf node.type=exporter pipeline.id=main pipeline.group.id=default deployment.generation=0 core.id=1 numa.node.id=0 process.instance.id=AGPEC2YMNVZ7FA2I4QFQVJQXOM host.id=4eba84adfd82 container.id=[0m
[2m2026-05-19T18:06:35.121Z[0m  [32mINFO [0m [1motap-df-core-nodes::otlp.receiver.http.start[0m: Starting OTLP HTTP receiver [endpoint=0.0.0.0:1235][35m entity/node.attrs: node.id=receiver node.urn=urn:otel:receiver:otlp node.type=receiver pipeline.id=main pipeline.group.id=default deployment.generation=0 core.id=1 numa.node.id=0 process.instance.id=AGPEC2YMNVZ7FA2I4QFQVJQXOM host.id=4eba84adfd82 container.id=[0m

================================================================================
END OF CONTAINER LOGS
================================================================================
[2026-05-19 18:07:55] INFO | ctx.type=- ctx.name=- | Starting Test: 400k
[2026-05-19 18:07:55] INFO | ctx.type=ScenarioContext ctx.name=400k | Running 14 test steps...
[2026-05-19 18:07:55] INFO | ctx.type=FrameworkElementHookContext ctx.name=RenderTemplateHook (pre_run) | Rendered template saved to .data/dfe_logs_otlphttp_gzip_baseline/20260519_180634/tests/400k/backend-config.rendered.yaml
[2026-05-19 18:07:55] INFO | ctx.type=StepContext ctx.name=Deploy Backend Engine | Executing main step action...
[2026-05-19 18:07:56] INFO | ctx.type=FrameworkElementHookContext ctx.name=ReadyCheckHttpHook (post_run) | Ready check passed on attempt 2
[2026-05-19 18:07:56] INFO | ctx.type=FrameworkElementHookContext ctx.name=RenderTemplateHook (pre_run) | Rendered template saved to .data/dfe_logs_otlphttp_gzip_baseline/20260519_180634/tests/400k/engine-config.rendered.yaml
[2026-05-19 18:07:56] INFO | ctx.type=StepContext ctx.name=Deploy Dataflow Engine | Executing main step action...
[2026-05-19 18:07:57] INFO | ctx.type=FrameworkElementHookContext ctx.name=ReadyCheckHttpHook (post_run) | Ready check passed on attempt 2
[2026-05-19 18:07:57] INFO | ctx.type=FrameworkElementHookContext ctx.name=RenderTemplateHook (pre_run) | Rendered template saved to .data/dfe_logs_otlphttp_gzip_baseline/20260519_180634/tests/400k/loadgen-config.rendered.yaml
[2026-05-19 18:07:57] INFO | ctx.type=StepContext ctx.name=Deploy Load Generator | Executing main step action...
[2026-05-19 18:07:59] INFO | ctx.type=FrameworkElementHookContext ctx.name=ReadyCheckHttpHook (post_run) | Ready check passed on attempt 2
[2026-05-19 18:07:59] INFO | ctx.type=StepContext ctx.name=Monitor All | Executing main step action...
[2026-05-19 18:07:59] INFO | ctx.type=StepContext ctx.name=Wait for data | Executing main step action...
[2026-05-19 18:08:09] INFO | ctx.type=StepContext ctx.name=Observe Load | Executing main step action...
[2026-05-19 18:08:29] INFO | ctx.type=StepContext ctx.name=Wait Before Drain | Executing main step action...
[2026-05-19 18:08:39] INFO | ctx.type=StepContext ctx.name=Stop Load Generator | Executing main step action...
[2026-05-19 18:08:39] INFO | ctx.type=StepContext ctx.name=Stop Engine | Executing main step action...
[2026-05-19 18:08:39] INFO | ctx.type=StepContext ctx.name=Stop Backend | Executing main step action...
[2026-05-19 18:08:39] INFO | ctx.type=StepContext ctx.name=Wait For Metrics Update | Executing main step action...
[2026-05-19 18:08:40] INFO | ctx.type=StepContext ctx.name=Stop Monitoring All | Executing main step action...
[2026-05-19 18:08:45] INFO | ctx.type=StepContext ctx.name=Destroy All | Executing main step action...
[2026-05-19 18:09:16] INFO | ctx.type=StepContext ctx.name=Run Report | Executing main step action...

# DF Engine 100k - DFE OTLP/HTTP Baseline w/ Gzip (Logs)

## Table: metadata_filtered
  
**Description**: Information about the test suite and report.
  
| Attribute        | Value                                                  |
|:-----------------|:-------------------------------------------------------|
| test.suite.start | 2026-05-19T18:06:34.811791+00:00                       |
| test.suite       | DFE OTLP/HTTP Baseline w/ Gzip (Logs)                  |
| test.step        | Run Report                                             |
| test.start       | 2026-05-19T18:06:34.812559+00:00                       |
| test.name        | 100k                                                   |
| report.type      | sql_report                                             |
| report.time      | 2026-05-19T18:07:54.189253+00:00                       |
| report.name      | DF Engine 100k - DFE OTLP/HTTP Baseline w/ Gzip (Logs) |
| code.sha         | ed5022bc35724109c28a91eb172c976aafdaed19               |
| code.dirty       | True                                                   |
| code.branch      | otel-arrow-otlphttp-compression                        |


## Table: send_receive_rates_by_core
  
**Description**: Core Specific increase and average rate of various send / receive metrics
  
| component_name   | metric_name   |   core_id |   total_increase |   average_rate |
|:-----------------|:--------------|----------:|-----------------:|---------------:|
| backend-service  | logs          |         1 |          1.9e+06 |        99009.3 |
| load-generator   | logs_produced |         2 |          1.9e+06 |        99009.9 |


## Table: aggregate_send_receive_rates
  
**Description**: Cumulative increase and average rate of various send / receive metrics
  
| component_name   | metric_name   |   total_increase |   average_rate |
|:-----------------|:--------------|-----------------:|---------------:|
| load-generator   | logs_produced |          1.9e+06 |        99009.9 |
| backend-service  | logs          |          1.9e+06 |        99009.3 |


## Table: component_resource_metrics
  
**Description**: CPU and Memory metrics for the components in the Test Suite during the test.
  
| component_name   | metric_name            |   min_value |   avg_value |   max_value |
|:-----------------|:-----------------------|------------:|------------:|------------:|
| load-generator   | container.memory.usage | 1.47821e+08 | 1.48547e+08 | 1.49254e+08 |
| load-generator   | container.cpu.usage    | 0.0184105   | 0.0188301   | 0.0195162   |
| df-engine        | container.cpu.usage    | 0.127855    | 0.129055    | 0.131095    |
| df-engine        | container.memory.usage | 5.59636e+07 | 5.65842e+07 | 5.72211e+07 |
| backend-service  | container.cpu.usage    | 0.0756641   | 0.0769447   | 0.0792287   |
| backend-service  | container.memory.usage | 4.67149e+07 | 4.89083e+07 | 4.93896e+07 |


## Table: log_loss
  
**Description**: Lost logs (failed or sent but not received) total and as a percentage
  
|   logs_lost |   logs_lost_pct |
|------------:|----------------:|
|           0 |               0 |


## Table: log_throughput_rates
  
**Description**: Log throughput rates (logs/sec) calculated from total counts and observation window duration
  
| metric_name   |   total_increase |   logs_per_second |
|:--------------|-----------------:|------------------:|
| logs_produced |          1.9e+06 |           98975.5 |
| logs          |          1.9e+06 |           98974.7 |


## Table: gh_actions_benchmark
  
**Description**: The final metrics used with gh_actions_benchmark.
  
| name                          | unit      |           value | extra                                                             |
|:------------------------------|:----------|----------------:|:------------------------------------------------------------------|
| dropped_logs_percentage       | %         |     0           | DFE OTLP/HTTP Baseline w/ Gzip (Logs)/100k - Dropped Logs %       |
| cpu_percentage_normalized_avg | %         |    12.9055      | DFE OTLP/HTTP Baseline w/ Gzip (Logs)/100k - CPU % (Normalized)   |
| cpu_percentage_normalized_max | %         |    13.1095      | DFE OTLP/HTTP Baseline w/ Gzip (Logs)/100k - CPU % (Normalized)   |
| ram_mib_avg                   | MiB       |    53.9629      | DFE OTLP/HTTP Baseline w/ Gzip (Logs)/100k - RAM (MiB)            |
| ram_mib_max                   | MiB       |    54.5703      | DFE OTLP/HTTP Baseline w/ Gzip (Logs)/100k - RAM (MiB)            |
| logs_produced_rate            | logs/sec  | 98975.5         | DFE OTLP/HTTP Baseline w/ Gzip (Logs)/100k - Log Throughput       |
| logs_received_rate            | logs/sec  | 98974.7         | DFE OTLP/HTTP Baseline w/ Gzip (Logs)/100k - Log Throughput       |
| test_duration                 | seconds   |    20.0006      | DFE OTLP/HTTP Baseline w/ Gzip (Logs)/100k - Test Duration        |
| network_tx_bytes_rate_avg     | bytes/sec |     2.61589e+06 | DFE OTLP/HTTP Baseline w/ Gzip (Logs)/100k - Network Utilization  |
| network_rx_bytes_rate_avg     | bytes/sec |     3.57376e+07 | DFE OTLP/HTTP Baseline w/ Gzip (Logs)/100k - Network Utilization  |
| egress_bytes_per_log          | bytes/log |    26.4298      | DFE OTLP/HTTP Baseline w/ Gzip (Logs)/100k - Egress Bytes Per Log |




================================================================================
DOCKER CONTAINER LOGS
================================================================================

================================================================================
Component: load-generator
Container ID: 3c05351f15930571269c729f027bbde2b356ed18282983e686ac16708d76035a
================================================================================
System Information:
  Available CPU cores: 32
  Available memory: 113.82 GB / 117.92 GB
  Build mode: release
  Memory allocator: jemalloc

Available Component URNs:
  Receivers: urn:otel:receiver:host_metrics, urn:otel:receiver:internal_telemetry, urn:otel:receiver:otap, urn:otel:receiver:otlp, urn:otel:receiver:syslog_cef, urn:otel:receiver:topic, urn:otel:receiver:traffic_generator
  Processors: urn:otel:processor:attribute, urn:otel:processor:batch, urn:otel:processor:content_router, urn:otel:processor:debug, urn:otel:processor:delay, urn:otel:processor:durable_buffer, urn:otel:processor:fanout, urn:otel:processor:filter, urn:otel:processor:log_sampling, urn:otel:processor:retry, urn:otel:processor:temporal_reaggregation, urn:otel:processor:transform, urn:otel:processor:type_router
  Exporters: urn:otel:exporter:console, urn:otel:exporter:error, urn:otel:exporter:noop, urn:otel:exporter:otap, urn:otel:exporter:otlp_grpc, urn:otel:exporter:otlp_http, urn:otel:exporter:parquet, urn:otel:exporter:perf, urn:otel:exporter:topic

Example configuration files can be found in the configs/ directory.
[2m2026-05-19T18:07:58.222Z[0m  [32mINFO [0m [1motap-df-controller::pipeline.core_allocation[0m: [pipeline_group_id=default, pipeline_id=main, num_cores=4, core_allocation=2-5]
[2m2026-05-19T18:07:58.226Z[0m  [32mINFO [0m [1motap-df-core-nodes::otlp.exporter.http.start[0m: [logs_endpoint=http://df-engine:4318/v1/logs, metrics_endpoint=http://df-engine:4318/v1/metrics, traces_endpoint=http://df-engine:4318/v1/traces][35m entity/node.attrs: node.id=exporter node.urn=urn:otel:exporter:otlp_http node.type=exporter pipeline.id=main pipeline.group.id=default deployment.generation=0 core.id=3 numa.node.id=0 process.instance.id=AGPEC3CRBVYEFK52WLWH5TXYSA host.id=3c05351f1593 conta[2m2026-05-19T18:07:58.226Z[0m  [32mINFO [0m [1motap-df-core-nodes::otlp.exporter.http.start[0m: [logs_endpoint=http://df-engine:4318/v1/logs, metrics_endpoint=http://df-engine:4318/v1/metrics, traces_endpoint=http://df-engine:4318/v1/traces][35m entity/node.attrs: node.id=exporter node.urn=urn:otel:exporter:otlp_http node.type=exporter pipeline.id=main pipeline.group.id=default deployment.generation=0 core.id=2 numa.node.id=0 process.instance.id=AGPEC3CRBVYEFK52WLWH5TXYSA host.id=3c05351f1593 conta[2m2026-05-19T18:07:58.226Z[0m  [32mINFO [0m [1motap-df-core-nodes::otlp.exporter.http.start[0m: [logs_endpoint=http://df-engine:4318/v1/logs, metrics_endpoint=http://df-engine:4318/v1/metrics, traces_endpoint=http://df-engine:4318/v1/traces][35m entity/node.attrs: node.id=exporter node.urn=urn:otel:exporter:otlp_http node.type=exporter pipeline.id=main pipeline.group.id=default deployment.generation=0 core.id=4 numa.node.id=0 process.instance.id=AGPEC3CRBVYEFK52WLWH5TXYSA host.id=3c05351f1593 conta[2m2026-05-19T18:07:58.227Z[0m  [32mINFO [0m [1motap-df-admin::endpoint.start[0m: Admin HTTP server listening [bind_address=0.0.0.0:8080][35m[0m
[2m2026-05-19T18:07:58.227Z[0m  [32mINFO [0m [1motap-df-core-nodes::otlp.exporter.http.start[0m: [logs_endpoint=http://df-engine:4318/v1/logs, metrics_endpoint=http://df-engine:4318/v1/metrics, traces_endpoint=http://df-engine:4318/v1/traces][35m entity/node.attrs: node.id=exporter node.urn=urn:otel:exporter:otlp_http node.type=exporter pipeline.id=main pipeline.group.id=default deployment.generation=0 core.id=5 numa.node.id=0 process.instance.id=AGPEC3CRBVYEFK52WLWH5TXYSA host.id=3c05351f1593 conta[2m2026-05-19T18:08:39.208Z[0m  [32mINFO [0m [1motap-df-admin::shutdown.requested[0m: [wait=true, timeout_secs=5][35m[0m
[2m2026-05-19T18:08:39.208Z[0m  [32mINFO [0m [1motap-df-admin::shutdown.blocking_wait[0m: [timeout_secs=5][35m[0m
[2m2026-05-19T18:08:39.208Z[0m  [32mINFO [0m [1motap-df-state::state.observed_event[0m: global shutdown [pipeline_group_id=default, pipeline_id=main, core_id=2, event_type=ShutdownRequested][35m[0m
[2m2026-05-19T18:08:39.208Z[0m  [32mINFO [0m [1motap-df-state::state.observed_event[0m: global shutdown [pipeline_group_id=default, pipeline_id=main, core_id=3, event_type=ShutdownRequested][35m[0m
[2m2026-05-19T18:08:39.208Z[0m  [32mINFO [0m [1motap-df-state::state.observed_event[0m: global shutdown [pipeline_group_id=default, pipeline_id=main, core_id=4, event_type=ShutdownRequested][35m[0m
[2m2026-05-19T18:08:39.208Z[0m  [32mINFO [0m [1motap-df-state::state.observed_event[0m: global shutdown [pipeline_group_id=default, pipeline_id=main, core_id=5, event_type=ShutdownRequested][35m[0m
[2m2026-05-19T18:08:39.208Z[0m  [32mINFO [0m [1motap-df-core-nodes::traffic_generator.drain_ingress[0m[35m entity/node.attrs: node.id=receiver node.urn=urn:otel:receiver:traffic_generator node.type=receiver pipeline.id=main pipeline.group.id=default deployment.generation=0 core.id=4 numa.node.id=0 process.instance.id=AGPEC3CRBVYEFK52WLWH5TXYSA host.id=3c05351f1593 container.id=[0m
[2m2026-05-19T18:08:39.208Z[0m  [32mINFO [0m [1motap-df-core-nodes::traffic_generator.drain_ingress[0m[35m entity/node.attrs: node.id=receiver node.urn=urn:otel:receiver:traffic_generator node.type=receiver pipeline.id=main pipeline.group.id=default deployment.generation=0 core.id=2 numa.node.id=0 process.instance.id=AGPEC3CRBVYEFK52WLWH5TXYSA host.id=3c05351f1593 container.id=[0m
[2m2026-05-19T18:08:39.208Z[0m  [32mINFO [0m [1motap-df-core-nodes::traffic_generator.drain_ingress[0m[35m entity/node.attrs: node.id=receiver node.urn=urn:otel:receiver:traffic_generator node.type=receiver pipeline.id=main pipeline.group.id=default deployment.generation=0 core.id=3 numa.node.id=0 process.instance.id=AGPEC3CRBVYEFK52WLWH5TXYSA host.id=3c05351f1593 container.id=[0m
[2m2026-05-19T18:08:39.208Z[0m  [32mINFO [0m [1motap-df-core-nodes::traffic_generator.drain_ingress[0m[35m entity/node.attrs: node.id=receiver node.urn=urn:otel:receiver:traffic_generator node.type=receiver pipeline.id=main pipeline.group.id=default deployment.generation=0 core.id=5 numa.node.id=0 process.instance.id=AGPEC3CRBVYEFK52WLWH5TXYSA host.id=3c05351f1593 container.id=[0m
[2m2026-05-19T18:08:39.211Z[0m  [32mINFO [0m [1motap-df-core-nodes::otlp.exporter.http.shutdown[0m: [reason=global shutdown][35m entity/node.attrs: node.id=exporter node.urn=urn:otel:exporter:otlp_http node.type=exporter pipeline.id=main pipeline.group.id=default deployment.generation=0 core.id=3 numa.node.id=0 process.instance.id=AGPEC3CRBVYEFK52WLWH5TXYSA host.id=3c05351f1593 container.id=[0m
[2m2026-05-19T18:08:39.211Z[0m  [32mINFO [0m [1motap-df-core-nodes::otlp.exporter.http.shutdown[0m: [reason=global shutdown][35m entity/node.attrs: node.id=exporter node.urn=urn:otel:exporter:otlp_http node.type=exporter pipeline.id=main pipeline.group.id=default deployment.generation=0 core.id=4 numa.node.id=0 process.instance.id=AGPEC3CRBVYEFK52WLWH5TXYSA host.id=3c05351f1593 container.id=[0m
[2m2026-05-19T18:08:39.211Z[0m  [32mINFO [0m [1motap-df-core-nodes::otlp.exporter.http.shutdown[0m: [reason=global shutdown][35m entity/node.attrs: node.id=exporter node.urn=urn:otel:exporter:otlp_http node.type=exporter pipeline.id=main pipeline.group.id=default deployment.generation=0 core.id=5 numa.node.id=0 process.instance.id=AGPEC3CRBVYEFK52WLWH5TXYSA host.id=3c05351f1593 container.id=[0m
[2m2026-05-19T18:08:39.211Z[0m  [32mINFO [0m [1motap-df-core-nodes::otlp.exporter.http.shutdown[0m: [reason=global shutdown][35m entity/node.attrs: node.id=exporter node.urn=urn:otel:exporter:otlp_http node.type=exporter pipeline.id=main pipeline.group.id=default deployment.generation=0 core.id=2 numa.node.id=0 process.instance.id=AGPEC3CRBVYEFK52WLWH5TXYSA host.id=3c05351f1593 container.id=[0m
[2m2026-05-19T18:08:39.309Z[0m  [32mINFO [0m [1motap-df-admin::shutdown.completed[0m: [elapsed_ms=100][35m[0m
[2m2026-05-19T18:08:39.310Z[0m  [32mINFO [0m [1motap-df-admin::shutdown.requested[0m: [wait=true, timeout_secs=5][35m[0m
[2m2026-05-19T18:08:39.310Z[0m  [32mINFO [0m [1motap-df-admin::shutdown.blocking_wait[0m: [timeout_secs=5][35m[0m
[2m2026-05-19T18:08:39.310Z[0m  [32mINFO [0m [1motap-df-admin::shutdown.completed[0m: [elapsed_ms=0][35m[0m

================================================================================
Component: df-engine
Container ID: e622c16add6d3bbc14fb863cffe5a9656a36b3a1399bbc5fea59d9748a6ca332
================================================================================
System Information:
  Available CPU cores: 32
  Available memory: 113.88 GB / 117.92 GB
  Build mode: release
  Memory allocator: jemalloc

Available Component URNs:
  Receivers: urn:otel:receiver:host_metrics, urn:otel:receiver:internal_telemetry, urn:otel:receiver:otap, urn:otel:receiver:otlp, urn:otel:receiver:syslog_cef, urn:otel:receiver:topic, urn:otel:receiver:traffic_generator
  Processors: urn:otel:processor:attribute, urn:otel:processor:batch, urn:otel:processor:content_router, urn:otel:processor:debug, urn:otel:processor:delay, urn:otel:processor:durable_buffer, urn:otel:processor:fanout, urn:otel:processor:filter, urn:otel:processor:log_sampling, urn:otel:processor:retry, urn:otel:processor:temporal_reaggregation, urn:otel:processor:transform, urn:otel:processor:type_router
  Exporters: urn:otel:exporter:console, urn:otel:exporter:error, urn:otel:exporter:noop, urn:otel:exporter:otap, urn:otel:exporter:otlp_grpc, urn:otel:exporter:otlp_http, urn:otel:exporter:parquet, urn:otel:exporter:perf, urn:otel:exporter:topic

Example configuration files can be found in the configs/ directory.
[2m2026-05-19T18:07:56.933Z[0m  [32mINFO [0m [1motap-df-controller::pipeline.core_allocation[0m: [pipeline_group_id=default, pipeline_id=main, num_cores=1, core_allocation=0]
[2m2026-05-19T18:07:56.936Z[0m  [32mINFO [0m [1motap-df-core-nodes::otlp.exporter.http.start[0m: [logs_endpoint=http://backend-service:1235/v1/logs, metrics_endpoint=http://backend-service:1235/v1/metrics, traces_endpoint=http://backend-service:1235/v1/traces][35m entity/node.attrs: node.id=exporter node.urn=urn:otel:exporter:otlp_http node.type=exporter pipeline.id=main pipeline.group.id=default deployment.generation=0 core.id=0 numa.node.id=0 process.instance.id=AGPEC3CMAR6FFACXT4QSRLL4DU host.id=[2m2026-05-19T18:07:56.936Z[0m  [32mINFO [0m [1motap-df-admin::endpoint.start[0m: Admin HTTP server listening [bind_address=0.0.0.0:8080][35m[0m
[2m2026-05-19T18:07:56.936Z[0m  [32mINFO [0m [1motap-df-core-nodes::otlp.receiver.http.start[0m: Starting OTLP HTTP receiver [endpoint=0.0.0.0:4318][35m entity/node.attrs: node.id=receiver node.urn=urn:otel:receiver:otlp node.type=receiver pipeline.id=main pipeline.group.id=default deployment.generation=0 core.id=0 numa.node.id=0 process.instance.id=AGPEC3CMAR6FFACXT4QSRLL4DU host.id=e622c16add6d container.id=[0m
[2m2026-05-19T18:08:39.312Z[0m  [32mINFO [0m [1motap-df-admin::shutdown.requested[0m: [wait=true, timeout_secs=5][35m[0m
[2m2026-05-19T18:08:39.312Z[0m  [32mINFO [0m [1motap-df-admin::shutdown.blocking_wait[0m: [timeout_secs=5][35m[0m
[2m2026-05-19T18:08:39.312Z[0m  [32mINFO [0m [1motap-df-state::state.observed_event[0m: global shutdown [pipeline_group_id=default, pipeline_id=main, core_id=0, event_type=ShutdownRequested][35m[0m
[2m2026-05-19T18:08:39.312Z[0m  [32mINFO [0m [1motap-df-core-nodes::otlp.receiver.drain_ingress[0m[35m entity/node.attrs: node.id=receiver node.urn=urn:otel:receiver:otlp node.type=receiver pipeline.id=main pipeline.group.id=default deployment.generation=0 core.id=0 numa.node.id=0 process.instance.id=AGPEC3CMAR6FFACXT4QSRLL4DU host.id=e622c16add6d container.id=[0m
[2m2026-05-19T18:08:39.312Z[0m  [32mINFO [0m [1motap-df-core-nodes::otlp.exporter.http.shutdown[0m: [reason=global shutdown][35m entity/node.attrs: node.id=exporter node.urn=urn:otel:exporter:otlp_http node.type=exporter pipeline.id=main pipeline.group.id=default deployment.generation=0 core.id=0 numa.node.id=0 process.instance.id=AGPEC3CMAR6FFACXT4QSRLL4DU host.id=e622c16add6d container.id=[0m
[2m2026-05-19T18:08:39.413Z[0m  [32mINFO [0m [1motap-df-admin::shutdown.completed[0m: [elapsed_ms=101][35m[0m

================================================================================
Component: backend-service
Container ID: 8039734f0d3a1e0dbd16dad7ae84087b8ec18de852ca33392854bb63fdd31031
================================================================================
System Information:
  Available CPU cores: 32
  Available memory: 113.88 GB / 117.92 GB
  Build mode: release
  Memory allocator: jemalloc

Available Component URNs:
  Receivers: urn:otel:receiver:host_metrics, urn:otel:receiver:internal_telemetry, urn:otel:receiver:otap, urn:otel:receiver:otlp, urn:otel:receiver:syslog_cef, urn:otel:receiver:topic, urn:otel:receiver:traffic_generator
  Processors: urn:otel:processor:attribute, urn:otel:processor:batch, urn:otel:processor:content_router, urn:otel:processor:debug, urn:otel:processor:delay, urn:otel:processor:durable_buffer, urn:otel:processor:fanout, urn:otel:processor:filter, urn:otel:processor:log_sampling, urn:otel:processor:retry, urn:otel:processor:temporal_reaggregation, urn:otel:processor:transform, urn:otel:processor:type_router
  Exporters: urn:otel:exporter:console, urn:otel:exporter:error, urn:otel:exporter:noop, urn:otel:exporter:otap, urn:otel:exporter:otlp_grpc, urn:otel:exporter:otlp_http, urn:otel:exporter:parquet, urn:otel:exporter:perf, urn:otel:exporter:topic

Example configuration files can be found in the configs/ directory.
[2m2026-05-19T18:07:55.643Z[0m  [32mINFO [0m [1motap-df-controller::pipeline.core_allocation[0m: [pipeline_group_id=default, pipeline_id=main, num_cores=1, core_allocation=1]
[2m2026-05-19T18:07:55.645Z[0m  [32mINFO [0m [1motap-df-core-nodes::perf_exporter.start[0m: Starting Perf Exporter [frequency_ms=500][35m entity/node.attrs: node.id=perf node.urn=urn:otel:exporter:perf node.type=exporter pipeline.id=main pipeline.group.id=default deployment.generation=0 core.id=1 numa.node.id=0 process.instance.id=AGPEC3CG7JYXHJMF5YK4ESLJRA host.id=8039734f0d3a container.id=[0m
[2m2026-05-19T18:07:55.645Z[0m  [32mINFO [0m [1motap-df-core-nodes::otlp.receiver.http.start[0m: Starting OTLP HTTP receiver [endpoint=0.0.0.0:1235][35m entity/node.attrs: node.id=receiver node.urn=urn:otel:receiver:otlp node.type=receiver pipeline.id=main pipeline.group.id=default deployment.generation=0 core.id=1 numa.node.id=0 process.instance.id=AGPEC3CG7JYXHJMF5YK4ESLJRA host.id=8039734f0d3a container.id=[0m
[2m2026-05-19T18:07:55.646Z[0m  [32mINFO [0m [1motap-df-admin::endpoint.start[0m: Admin HTTP server listening [bind_address=0.0.0.0:8080][35m[0m

================================================================================
END OF CONTAINER LOGS
================================================================================
[2026-05-19 18:09:19] INFO | ctx.type=- ctx.name=- | Starting Test: 800k
[2026-05-19 18:09:19] INFO | ctx.type=ScenarioContext ctx.name=800k | Running 14 test steps...
[2026-05-19 18:09:19] INFO | ctx.type=FrameworkElementHookContext ctx.name=RenderTemplateHook (pre_run) | Rendered template saved to .data/dfe_logs_otlphttp_gzip_baseline/20260519_180634/tests/800k/backend-config.rendered.yaml
[2026-05-19 18:09:19] INFO | ctx.type=StepContext ctx.name=Deploy Backend Engine | Executing main step action...
[2026-05-19 18:09:20] INFO | ctx.type=FrameworkElementHookContext ctx.name=ReadyCheckHttpHook (post_run) | Ready check passed on attempt 2
[2026-05-19 18:09:20] INFO | ctx.type=FrameworkElementHookContext ctx.name=RenderTemplateHook (pre_run) | Rendered template saved to .data/dfe_logs_otlphttp_gzip_baseline/20260519_180634/tests/800k/engine-config.rendered.yaml
[2026-05-19 18:09:20] INFO | ctx.type=StepContext ctx.name=Deploy Dataflow Engine | Executing main step action...
[2026-05-19 18:09:21] INFO | ctx.type=FrameworkElementHookContext ctx.name=ReadyCheckHttpHook (post_run) | Ready check passed on attempt 2
[2026-05-19 18:09:21] INFO | ctx.type=FrameworkElementHookContext ctx.name=RenderTemplateHook (pre_run) | Rendered template saved to .data/dfe_logs_otlphttp_gzip_baseline/20260519_180634/tests/800k/loadgen-config.rendered.yaml
[2026-05-19 18:09:21] INFO | ctx.type=StepContext ctx.name=Deploy Load Generator | Executing main step action...
[2026-05-19 18:09:23] INFO | ctx.type=FrameworkElementHookContext ctx.name=ReadyCheckHttpHook (post_run) | Ready check passed on attempt 2
[2026-05-19 18:09:23] INFO | ctx.type=StepContext ctx.name=Monitor All | Executing main step action...
[2026-05-19 18:09:23] INFO | ctx.type=StepContext ctx.name=Wait for data | Executing main step action...
[2026-05-19 18:09:33] INFO | ctx.type=StepContext ctx.name=Observe Load | Executing main step action...
[2026-05-19 18:09:53] INFO | ctx.type=StepContext ctx.name=Wait Before Drain | Executing main step action...
[2026-05-19 18:10:03] INFO | ctx.type=StepContext ctx.name=Stop Load Generator | Executing main step action...
[2026-05-19 18:10:03] INFO | ctx.type=StepContext ctx.name=Stop Engine | Executing main step action...
[2026-05-19 18:10:03] INFO | ctx.type=StepContext ctx.name=Stop Backend | Executing main step action...
[2026-05-19 18:10:03] INFO | ctx.type=StepContext ctx.name=Wait For Metrics Update | Executing main step action...
[2026-05-19 18:10:04] INFO | ctx.type=StepContext ctx.name=Stop Monitoring All | Executing main step action...
[2026-05-19 18:10:10] INFO | ctx.type=StepContext ctx.name=Destroy All | Executing main step action...
[2026-05-19 18:10:41] INFO | ctx.type=StepContext ctx.name=Run Report | Executing main step action...

# DF Engine 400k - DFE OTLP/HTTP Baseline w/ Gzip (Logs)

## Table: metadata_filtered
  
**Description**: Information about the test suite and report.
  
| Attribute        | Value                                                  |
|:-----------------|:-------------------------------------------------------|
| test.suite.start | 2026-05-19T18:06:34.811791+00:00                       |
| test.suite       | DFE OTLP/HTTP Baseline w/ Gzip (Logs)                  |
| test.step        | Run Report                                             |
| test.start       | 2026-05-19T18:07:55.328890+00:00                       |
| test.name        | 400k                                                   |
| report.type      | sql_report                                             |
| report.time      | 2026-05-19T18:09:16.576669+00:00                       |
| report.name      | DF Engine 400k - DFE OTLP/HTTP Baseline w/ Gzip (Logs) |
| code.sha         | ed5022bc35724109c28a91eb172c976aafdaed19               |
| code.dirty       | True                                                   |
| code.branch      | otel-arrow-otlphttp-compression                        |


## Table: send_receive_rates_by_core
  
**Description**: Core Specific increase and average rate of various send / receive metrics
  
| component_name   | metric_name   |   core_id |   total_increase |   average_rate |
|:-----------------|:--------------|----------:|-----------------:|---------------:|
| backend-service  | logs          |         1 |          7.6e+06 |       396883   |
| load-generator   | logs_produced |         2 |          1.9e+06 |        97454.6 |
| load-generator   | logs_produced |         3 |          1.9e+06 |        97455.2 |
| load-generator   | logs_produced |         4 |          1.9e+06 |        97455.2 |
| load-generator   | logs_produced |         5 |          2e+06   |       102423   |


## Table: aggregate_send_receive_rates
  
**Description**: Cumulative increase and average rate of various send / receive metrics
  
| component_name   | metric_name   |   total_increase |   average_rate |
|:-----------------|:--------------|-----------------:|---------------:|
| backend-service  | logs          |          7.6e+06 |         396883 |
| load-generator   | logs_produced |          7.7e+06 |         394788 |


## Table: component_resource_metrics
  
**Description**: CPU and Memory metrics for the components in the Test Suite during the test.
  
| component_name   | metric_name            |   min_value |   avg_value |   max_value |
|:-----------------|:-----------------------|------------:|------------:|------------:|
| load-generator   | container.memory.usage | 4.48156e+08 | 4.48703e+08 | 4.51543e+08 |
| load-generator   | container.cpu.usage    | 0.0715802   | 0.0724984   | 0.0742156   |
| df-engine        | container.cpu.usage    | 0.506375    | 0.509247    | 0.512488    |
| df-engine        | container.memory.usage | 5.80731e+07 | 5.87432e+07 | 5.97729e+07 |
| backend-service  | container.cpu.usage    | 0.295532    | 0.297585    | 0.299919    |
| backend-service  | container.memory.usage | 4.44539e+07 | 4.49475e+07 | 4.51584e+07 |


## Table: log_loss
  
**Description**: Lost logs (failed or sent but not received) total and as a percentage
  
|   logs_lost |   logs_lost_pct |
|------------:|----------------:|
|      100000 |        0.012987 |


## Table: log_throughput_rates
  
**Description**: Log throughput rates (logs/sec) calculated from total counts and observation window duration
  
| metric_name   |   total_increase |   logs_per_second |
|:--------------|-----------------:|------------------:|
| logs          |          7.6e+06 |            396960 |
| logs_produced |          7.7e+06 |            393928 |


## Table: gh_actions_benchmark
  
**Description**: The final metrics used with gh_actions_benchmark.
  
| name                          | unit      |            value | extra                                                             |
|:------------------------------|:----------|-----------------:|:------------------------------------------------------------------|
| dropped_logs_percentage       | %         |      1.2987      | DFE OTLP/HTTP Baseline w/ Gzip (Logs)/400k - Dropped Logs %       |
| cpu_percentage_normalized_avg | %         |     50.9247      | DFE OTLP/HTTP Baseline w/ Gzip (Logs)/400k - CPU % (Normalized)   |
| cpu_percentage_normalized_max | %         |     51.2488      | DFE OTLP/HTTP Baseline w/ Gzip (Logs)/400k - CPU % (Normalized)   |
| ram_mib_avg                   | MiB       |     56.0219      | DFE OTLP/HTTP Baseline w/ Gzip (Logs)/400k - RAM (MiB)            |
| ram_mib_max                   | MiB       |     57.0039      | DFE OTLP/HTTP Baseline w/ Gzip (Logs)/400k - RAM (MiB)            |
| logs_produced_rate            | logs/sec  | 393928           | DFE OTLP/HTTP Baseline w/ Gzip (Logs)/400k - Log Throughput       |
| logs_received_rate            | logs/sec  | 396960           | DFE OTLP/HTTP Baseline w/ Gzip (Logs)/400k - Log Throughput       |
| test_duration                 | seconds   |     20.0006      | DFE OTLP/HTTP Baseline w/ Gzip (Logs)/400k - Test Duration        |
| network_tx_bytes_rate_avg     | bytes/sec |      1.03514e+07 | DFE OTLP/HTTP Baseline w/ Gzip (Logs)/400k - Network Utilization  |
| network_rx_bytes_rate_avg     | bytes/sec |      1.43241e+08 | DFE OTLP/HTTP Baseline w/ Gzip (Logs)/400k - Network Utilization  |
| egress_bytes_per_log          | bytes/log |     26.0768      | DFE OTLP/HTTP Baseline w/ Gzip (Logs)/400k - Egress Bytes Per Log |




================================================================================
DOCKER CONTAINER LOGS
================================================================================

================================================================================
Component: load-generator
Container ID: 7dea6ccbdb02b5c60de732008bb891e21d321729814f8b279ddaed4278225d8c
================================================================================
System Information:
  Available CPU cores: 32
  Available memory: 113.71 GB / 117.92 GB
  Build mode: release
  Memory allocator: jemalloc

Available Component URNs:
  Receivers: urn:otel:receiver:host_metrics, urn:otel:receiver:internal_telemetry, urn:otel:receiver:otap, urn:otel:receiver:otlp, urn:otel:receiver:syslog_cef, urn:otel:receiver:topic, urn:otel:receiver:traffic_generator
  Processors: urn:otel:processor:attribute, urn:otel:processor:batch, urn:otel:processor:content_router, urn:otel:processor:debug, urn:otel:processor:delay, urn:otel:processor:durable_buffer, urn:otel:processor:fanout, urn:otel:processor:filter, urn:otel:processor:log_sampling, urn:otel:processor:retry, urn:otel:processor:temporal_reaggregation, urn:otel:processor:transform, urn:otel:processor:type_router
  Exporters: urn:otel:exporter:console, urn:otel:exporter:error, urn:otel:exporter:noop, urn:otel:exporter:otap, urn:otel:exporter:otlp_grpc, urn:otel:exporter:otlp_http, urn:otel:exporter:parquet, urn:otel:exporter:perf, urn:otel:exporter:topic

Example configuration files can be found in the configs/ directory.
[2m2026-05-19T18:09:22.238Z[0m  [32mINFO [0m [1motap-df-controller::pipeline.core_allocation[0m: [pipeline_group_id=default, pipeline_id=main, num_cores=8, core_allocation=2-9]
[2m2026-05-19T18:09:22.245Z[0m  [32mINFO [0m [1motap-df-core-nodes::otlp.exporter.http.start[0m: [logs_endpoint=http://df-engine:4318/v1/logs, metrics_endpoint=http://df-engine:4318/v1/metrics, traces_endpoint=http://df-engine:4318/v1/traces][35m entity/node.attrs: node.id=exporter node.urn=urn:otel:exporter:otlp_http node.type=exporter pipeline.id=main pipeline.group.id=default deployment.generation=0 core.id=9 numa.node.id=0 process.instance.id=AGPEC3MZHVZNBFLCEM2KD74QLU host.id=7dea6ccbdb02 conta[2m2026-05-19T18:09:22.245Z[0m  [32mINFO [0m [1motap-df-core-nodes::otlp.exporter.http.start[0m: [logs_endpoint=http://df-engine:4318/v1/logs, metrics_endpoint=http://df-engine:4318/v1/metrics, traces_endpoint=http://df-engine:4318/v1/traces][35m entity/node.attrs: node.id=exporter node.urn=urn:otel:exporter:otlp_http node.type=exporter pipeline.id=main pipeline.group.id=default deployment.generation=0 core.id=5 numa.node.id=0 process.instance.id=AGPEC3MZHVZNBFLCEM2KD74QLU host.id=7dea6ccbdb02 conta[2m2026-05-19T18:09:22.245Z[0m  [32mINFO [0m [1motap-df-core-nodes::otlp.exporter.http.start[0m: [logs_endpoint=http://df-engine:4318/v1/logs, metrics_endpoint=http://df-engine:4318/v1/metrics, traces_endpoint=http://df-engine:4318/v1/traces][35m entity/node.attrs: node.id=exporter node.urn=urn:otel:exporter:otlp_http node.type=exporter pipeline.id=main pipeline.group.id=default deployment.generation=0 core.id=2 numa.node.id=0 process.instance.id=AGPEC3MZHVZNBFLCEM2KD74QLU host.id=7dea6ccbdb02 conta[2m2026-05-19T18:09:22.245Z[0m  [32mINFO [0m [1motap-df-core-nodes::otlp.exporter.http.start[0m: [logs_endpoint=http://df-engine:4318/v1/logs, metrics_endpoint=http://df-engine:4318/v1/metrics, traces_endpoint=http://df-engine:4318/v1/traces][35m entity/node.attrs: node.id=exporter node.urn=urn:otel:exporter:otlp_http node.type=exporter pipeline.id=main pipeline.group.id=default deployment.generation=0 core.id=3 numa.node.id=0 process.instance.id=AGPEC3MZHVZNBFLCEM2KD74QLU host.id=7dea6ccbdb02 conta[2m2026-05-19T18:09:22.245Z[0m  [32mINFO [0m [1motap-df-core-nodes::otlp.exporter.http.start[0m: [logs_endpoint=http://df-engine:4318/v1/logs, metrics_endpoint=http://df-engine:4318/v1/metrics, traces_endpoint=http://df-engine:4318/v1/traces][35m entity/node.attrs: node.id=exporter node.urn=urn:otel:exporter:otlp_http node.type=exporter pipeline.id=main pipeline.group.id=default deployment.generation=0 core.id=6 numa.node.id=0 process.instance.id=AGPEC3MZHVZNBFLCEM2KD74QLU host.id=7dea6ccbdb02 conta[2m2026-05-19T18:09:22.245Z[0m  [32mINFO [0m [1motap-df-core-nodes::otlp.exporter.http.start[0m: [logs_endpoint=http://df-engine:4318/v1/logs, metrics_endpoint=http://df-engine:4318/v1/metrics, traces_endpoint=http://df-engine:4318/v1/traces][35m entity/node.attrs: node.id=exporter node.urn=urn:otel:exporter:otlp_http node.type=exporter pipeline.id=main pipeline.group.id=default deployment.generation=0 core.id=8 numa.node.id=0 process.instance.id=AGPEC3MZHVZNBFLCEM2KD74QLU host.id=7dea6ccbdb02 conta[2m2026-05-19T18:09:22.245Z[0m  [32mINFO [0m [1motap-df-core-nodes::otlp.exporter.http.start[0m: [logs_endpoint=http://df-engine:4318/v1/logs, metrics_endpoint=http://df-engine:4318/v1/metrics, traces_endpoint=http://df-engine:4318/v1/traces][35m entity/node.attrs: node.id=exporter node.urn=urn:otel:exporter:otlp_http node.type=exporter pipeline.id=main pipeline.group.id=default deployment.generation=0 core.id=4 numa.node.id=0 process.instance.id=AGPEC3MZHVZNBFLCEM2KD74QLU host.id=7dea6ccbdb02 conta[2m2026-05-19T18:09:22.245Z[0m  [32mINFO [0m [1motap-df-core-nodes::otlp.exporter.http.start[0m: [logs_endpoint=http://df-engine:4318/v1/logs, metrics_endpoint=http://df-engine:4318/v1/metrics, traces_endpoint=http://df-engine:4318/v1/traces][35m entity/node.attrs: node.id=exporter node.urn=urn:otel:exporter:otlp_http node.type=exporter pipeline.id=main pipeline.group.id=default deployment.generation=0 core.id=7 numa.node.id=0 process.instance.id=AGPEC3MZHVZNBFLCEM2KD74QLU host.id=7dea6ccbdb02 conta[2m2026-05-19T18:09:22.245Z[0m  [32mINFO [0m [1motap-df-admin::endpoint.start[0m: Admin HTTP server listening [bind_address=0.0.0.0:8080][35m[0m
[2m2026-05-19T18:10:03.238Z[0m  [32mINFO [0m [1motap-df-admin::shutdown.requested[0m: [wait=true, timeout_secs=5][35m[0m
[2m2026-05-19T18:10:03.238Z[0m  [32mINFO [0m [1motap-df-admin::shutdown.blocking_wait[0m: [timeout_secs=5][35m[0m
[2m2026-05-19T18:10:03.238Z[0m  [32mINFO [0m [1motap-df-state::state.observed_event[0m: global shutdown [pipeline_group_id=default, pipeline_id=main, core_id=2, event_type=ShutdownRequested][35m[0m
[2m2026-05-19T18:10:03.238Z[0m  [32mINFO [0m [1motap-df-state::state.observed_event[0m: global shutdown [pipeline_group_id=default, pipeline_id=main, core_id=3, event_type=ShutdownRequested][35m[0m
[2m2026-05-19T18:10:03.238Z[0m  [32mINFO [0m [1motap-df-state::state.observed_event[0m: global shutdown [pipeline_group_id=default, pipeline_id=main, core_id=6, event_type=ShutdownRequested][35m[0m
[2m2026-05-19T18:10:03.238Z[0m  [32mINFO [0m [1motap-df-state::state.observed_event[0m: global shutdown [pipeline_group_id=default, pipeline_id=main, core_id=5, event_type=ShutdownRequested][35m[0m
[2m2026-05-19T18:10:03.238Z[0m  [32mINFO [0m [1motap-df-state::state.observed_event[0m: global shutdown [pipeline_group_id=default, pipeline_id=main, core_id=7, event_type=ShutdownRequested][35m[0m
[2m2026-05-19T18:10:03.238Z[0m  [32mINFO [0m [1motap-df-state::state.observed_event[0m: global shutdown [pipeline_group_id=default, pipeline_id=main, core_id=8, event_type=ShutdownRequested][35m[0m
[2m2026-05-19T18:10:03.238Z[0m  [32mINFO [0m [1motap-df-state::state.observed_event[0m: global shutdown [pipeline_group_id=default, pipeline_id=main, core_id=4, event_type=ShutdownRequested][35m[0m
[2m2026-05-19T18:10:03.238Z[0m  [32mINFO [0m [1motap-df-state::state.observed_event[0m: global shutdown [pipeline_group_id=default, pipeline_id=main, core_id=9, event_type=ShutdownRequested][35m[0m
[2m2026-05-19T18:10:03.238Z[0m  [32mINFO [0m [1motap-df-core-nodes::traffic_generator.drain_ingress[0m[35m entity/node.attrs: node.id=receiver node.urn=urn:otel:receiver:traffic_generator node.type=receiver pipeline.id=main pipeline.group.id=default deployment.generation=0 core.id=3 numa.node.id=0 process.instance.id=AGPEC3MZHVZNBFLCEM2KD74QLU host.id=7dea6ccbdb02 container.id=[0m
[2m2026-05-19T18:10:03.238Z[0m  [32mINFO [0m [1motap-df-core-nodes::traffic_generator.drain_ingress[0m[35m entity/node.attrs: node.id=receiver node.urn=urn:otel:receiver:traffic_generator node.type=receiver pipeline.id=main pipeline.group.id=default deployment.generation=0 core.id=2 numa.node.id=0 process.instance.id=AGPEC3MZHVZNBFLCEM2KD74QLU host.id=7dea6ccbdb02 container.id=[0m
[2m2026-05-19T18:10:03.238Z[0m  [32mINFO [0m [1motap-df-core-nodes::traffic_generator.drain_ingress[0m[35m entity/node.attrs: node.id=receiver node.urn=urn:otel:receiver:traffic_generator node.type=receiver pipeline.id=main pipeline.group.id=default deployment.generation=0 core.id=6 numa.node.id=0 process.instance.id=AGPEC3MZHVZNBFLCEM2KD74QLU host.id=7dea6ccbdb02 container.id=[0m
[2m2026-05-19T18:10:03.238Z[0m  [32mINFO [0m [1motap-df-core-nodes::traffic_generator.drain_ingress[0m[35m entity/node.attrs: node.id=receiver node.urn=urn:otel:receiver:traffic_generator node.type=receiver pipeline.id=main pipeline.group.id=default deployment.generation=0 core.id=5 numa.node.id=0 process.instance.id=AGPEC3MZHVZNBFLCEM2KD74QLU host.id=7dea6ccbdb02 container.id=[0m
[2m2026-05-19T18:10:03.238Z[0m  [32mINFO [0m [1motap-df-core-nodes::traffic_generator.drain_ingress[0m[35m entity/node.attrs: node.id=receiver node.urn=urn:otel:receiver:traffic_generator node.type=receiver pipeline.id=main pipeline.group.id=default deployment.generation=0 core.id=8 numa.node.id=0 process.instance.id=AGPEC3MZHVZNBFLCEM2KD74QLU host.id=7dea6ccbdb02 container.id=[0m
[2m2026-05-19T18:10:03.238Z[0m  [32mINFO [0m [1motap-df-core-nodes::traffic_generator.drain_ingress[0m[35m entity/node.attrs: node.id=receiver node.urn=urn:otel:receiver:traffic_generator node.type=receiver pipeline.id=main pipeline.group.id=default deployment.generation=0 core.id=4 numa.node.id=0 process.instance.id=AGPEC3MZHVZNBFLCEM2KD74QLU host.id=7dea6ccbdb02 container.id=[0m
[2m2026-05-19T18:10:03.238Z[0m  [32mINFO [0m [1motap-df-core-nodes::traffic_generator.drain_ingress[0m[35m entity/node.attrs: node.id=receiver node.urn=urn:otel:receiver:traffic_generator node.type=receiver pipeline.id=main pipeline.group.id=default deployment.generation=0 core.id=9 numa.node.id=0 process.instance.id=AGPEC3MZHVZNBFLCEM2KD74QLU host.id=7dea6ccbdb02 container.id=[0m
[2m2026-05-19T18:10:03.238Z[0m  [32mINFO [0m [1motap-df-core-nodes::traffic_generator.drain_ingress[0m[35m entity/node.attrs: node.id=receiver node.urn=urn:otel:receiver:traffic_generator node.type=receiver pipeline.id=main pipeline.group.id=default deployment.generation=0 core.id=7 numa.node.id=0 process.instance.id=AGPEC3MZHVZNBFLCEM2KD74QLU host.id=7dea6ccbdb02 container.id=[0m
[2m2026-05-19T18:10:03.241Z[0m  [32mINFO [0m [1motap-df-core-nodes::otlp.exporter.http.shutdown[0m: [reason=global shutdown][35m entity/node.attrs: node.id=exporter node.urn=urn:otel:exporter:otlp_http node.type=exporter pipeline.id=main pipeline.group.id=default deployment.generation=0 core.id=5 numa.node.id=0 process.instance.id=AGPEC3MZHVZNBFLCEM2KD74QLU host.id=7dea6ccbdb02 container.id=[0m
[2m2026-05-19T18:10:03.241Z[0m  [32mINFO [0m [1motap-df-core-nodes::otlp.exporter.http.shutdown[0m: [reason=global shutdown][35m entity/node.attrs: node.id=exporter node.urn=urn:otel:exporter:otlp_http node.type=exporter pipeline.id=main pipeline.group.id=default deployment.generation=0 core.id=8 numa.node.id=0 process.instance.id=AGPEC3MZHVZNBFLCEM2KD74QLU host.id=7dea6ccbdb02 container.id=[0m
[2m2026-05-19T18:10:03.241Z[0m  [32mINFO [0m [1motap-df-core-nodes::otlp.exporter.http.shutdown[0m: [reason=global shutdown][35m entity/node.attrs: node.id=exporter node.urn=urn:otel:exporter:otlp_http node.type=exporter pipeline.id=main pipeline.group.id=default deployment.generation=0 core.id=9 numa.node.id=0 process.instance.id=AGPEC3MZHVZNBFLCEM2KD74QLU host.id=7dea6ccbdb02 container.id=[0m
[2m2026-05-19T18:10:03.241Z[0m  [32mINFO [0m [1motap-df-core-nodes::otlp.exporter.http.shutdown[0m: [reason=global shutdown][35m entity/node.attrs: node.id=exporter node.urn=urn:otel:exporter:otlp_http node.type=exporter pipeline.id=main pipeline.group.id=default deployment.generation=0 core.id=2 numa.node.id=0 process.instance.id=AGPEC3MZHVZNBFLCEM2KD74QLU host.id=7dea6ccbdb02 container.id=[0m
[2m2026-05-19T18:10:03.241Z[0m  [32mINFO [0m [1motap-df-core-nodes::otlp.exporter.http.shutdown[0m: [reason=global shutdown][35m entity/node.attrs: node.id=exporter node.urn=urn:otel:exporter:otlp_http node.type=exporter pipeline.id=main pipeline.group.id=default deployment.generation=0 core.id=6 numa.node.id=0 process.instance.id=AGPEC3MZHVZNBFLCEM2KD74QLU host.id=7dea6ccbdb02 container.id=[0m
[2m2026-05-19T18:10:03.241Z[0m  [32mINFO [0m [1motap-df-core-nodes::otlp.exporter.http.shutdown[0m: [reason=global shutdown][35m entity/node.attrs: node.id=exporter node.urn=urn:otel:exporter:otlp_http node.type=exporter pipeline.id=main pipeline.group.id=default deployment.generation=0 core.id=4 numa.node.id=0 process.instance.id=AGPEC3MZHVZNBFLCEM2KD74QLU host.id=7dea6ccbdb02 container.id=[0m
[2m2026-05-19T18:10:03.242Z[0m  [32mINFO [0m [1motap-df-core-nodes::otlp.exporter.http.shutdown[0m: [reason=global shutdown][35m entity/node.attrs: node.id=exporter node.urn=urn:otel:exporter:otlp_http node.type=exporter pipeline.id=main pipeline.group.id=default deployment.generation=0 core.id=7 numa.node.id=0 process.instance.id=AGPEC3MZHVZNBFLCEM2KD74QLU host.id=7dea6ccbdb02 container.id=[0m
[2m2026-05-19T18:10:03.242Z[0m  [32mINFO [0m [1motap-df-core-nodes::otlp.exporter.http.shutdown[0m: [reason=global shutdown][35m entity/node.attrs: node.id=exporter node.urn=urn:otel:exporter:otlp_http node.type=exporter pipeline.id=main pipeline.group.id=default deployment.generation=0 core.id=3 numa.node.id=0 process.instance.id=AGPEC3MZHVZNBFLCEM2KD74QLU host.id=7dea6ccbdb02 container.id=[0m
[2m2026-05-19T18:10:03.339Z[0m  [32mINFO [0m [1motap-df-admin::shutdown.completed[0m: [elapsed_ms=101][35m[0m
[2m2026-05-19T18:10:03.341Z[0m  [32mINFO [0m [1motap-df-admin::shutdown.requested[0m: [wait=true, timeout_secs=5][35m[0m
[2m2026-05-19T18:10:03.341Z[0m  [32mINFO [0m [1motap-df-admin::shutdown.blocking_wait[0m: [timeout_secs=5][35m[0m
[2m2026-05-19T18:10:03.341Z[0m  [32mINFO [0m [1motap-df-admin::shutdown.completed[0m: [elapsed_ms=0][35m[0m

================================================================================
Component: df-engine
Container ID: 5479a4aaae0fbdcfd26f1663a06022ffbd18d34477e226d5ea5acf81d45163b5
================================================================================
System Information:
  Available CPU cores: 32
  Available memory: 113.75 GB / 117.92 GB
  Build mode: release
  Memory allocator: jemalloc

Available Component URNs:
  Receivers: urn:otel:receiver:host_metrics, urn:otel:receiver:internal_telemetry, urn:otel:receiver:otap, urn:otel:receiver:otlp, urn:otel:receiver:syslog_cef, urn:otel:receiver:topic, urn:otel:receiver:traffic_generator
  Processors: urn:otel:processor:attribute, urn:otel:processor:batch, urn:otel:processor:content_router, urn:otel:processor:debug, urn:otel:processor:delay, urn:otel:processor:durable_buffer, urn:otel:processor:fanout, urn:otel:processor:filter, urn:otel:processor:log_sampling, urn:otel:processor:retry, urn:otel:processor:temporal_reaggregation, urn:otel:processor:transform, urn:otel:processor:type_router
  Exporters: urn:otel:exporter:console, urn:otel:exporter:error, urn:otel:exporter:noop, urn:otel:exporter:otap, urn:otel:exporter:otlp_grpc, urn:otel:exporter:otlp_http, urn:otel:exporter:parquet, urn:otel:exporter:perf, urn:otel:exporter:topic

Example configuration files can be found in the configs/ directory.
[2m2026-05-19T18:09:20.933Z[0m  [32mINFO [0m [1motap-df-controller::pipeline.core_allocation[0m: [pipeline_group_id=default, pipeline_id=main, num_cores=1, core_allocation=0]
[2m2026-05-19T18:09:20.936Z[0m  [32mINFO [0m [1motap-df-core-nodes::otlp.exporter.http.start[0m: [logs_endpoint=http://backend-service:1235/v1/logs, metrics_endpoint=http://backend-service:1235/v1/metrics, traces_endpoint=http://backend-service:1235/v1/traces][35m entity/node.attrs: node.id=exporter node.urn=urn:otel:exporter:otlp_http node.type=exporter pipeline.id=main pipeline.group.id=default deployment.generation=0 core.id=0 numa.node.id=0 process.instance.id=AGPEC3MUEV36BB2IXCBTTJI6HU host.id=[2m2026-05-19T18:09:20.936Z[0m  [32mINFO [0m [1motap-df-admin::endpoint.start[0m: Admin HTTP server listening [bind_address=0.0.0.0:8080][35m[0m
[2m2026-05-19T18:09:20.937Z[0m  [32mINFO [0m [1motap-df-core-nodes::otlp.receiver.http.start[0m: Starting OTLP HTTP receiver [endpoint=0.0.0.0:4318][35m entity/node.attrs: node.id=receiver node.urn=urn:otel:receiver:otlp node.type=receiver pipeline.id=main pipeline.group.id=default deployment.generation=0 core.id=0 numa.node.id=0 process.instance.id=AGPEC3MUEV36BB2IXCBTTJI6HU host.id=5479a4aaae0f container.id=[0m
[2m2026-05-19T18:10:03.344Z[0m  [32mINFO [0m [1motap-df-admin::shutdown.requested[0m: [wait=true, timeout_secs=5][35m[0m
[2m2026-05-19T18:10:03.344Z[0m  [32mINFO [0m [1motap-df-admin::shutdown.blocking_wait[0m: [timeout_secs=5][35m[0m
[2m2026-05-19T18:10:03.344Z[0m  [32mINFO [0m [1motap-df-state::state.observed_event[0m: global shutdown [pipeline_group_id=default, pipeline_id=main, core_id=0, event_type=ShutdownRequested][35m[0m
[2m2026-05-19T18:10:03.344Z[0m  [32mINFO [0m [1motap-df-core-nodes::otlp.receiver.drain_ingress[0m[35m[0m
[2m2026-05-19T18:10:03.344Z[0m  [32mINFO [0m [1motap-df-core-nodes::otlp.exporter.http.shutdown[0m: [reason=global shutdown][35m entity/node.attrs: node.id=exporter node.urn=urn:otel:exporter:otlp_http node.type=exporter pipeline.id=main pipeline.group.id=default deployment.generation=0 core.id=0 numa.node.id=0 process.instance.id=AGPEC3MUEV36BB2IXCBTTJI6HU host.id=5479a4aaae0f container.id=[0m
[2m2026-05-19T18:10:03.446Z[0m  [32mINFO [0m [1motap-df-admin::shutdown.completed[0m: [elapsed_ms=101][35m[0m

================================================================================
Component: backend-service
Container ID: 70955aa57afd5e37643f3d99d305be95c459b3bb0443c0bb79d86ffdf5c6850b
================================================================================
System Information:
  Available CPU cores: 32
  Available memory: 113.76 GB / 117.92 GB
  Build mode: release
  Memory allocator: jemalloc

Available Component URNs:
  Receivers: urn:otel:receiver:host_metrics, urn:otel:receiver:internal_telemetry, urn:otel:receiver:otap, urn:otel:receiver:otlp, urn:otel:receiver:syslog_cef, urn:otel:receiver:topic, urn:otel:receiver:traffic_generator
  Processors: urn:otel:processor:attribute, urn:otel:processor:batch, urn:otel:processor:content_router, urn:otel:processor:debug, urn:otel:processor:delay, urn:otel:processor:durable_buffer, urn:otel:processor:fanout, urn:otel:processor:filter, urn:otel:processor:log_sampling, urn:otel:processor:retry, urn:otel:processor:temporal_reaggregation, urn:otel:processor:transform, urn:otel:processor:type_router
  Exporters: urn:otel:exporter:console, urn:otel:exporter:error, urn:otel:exporter:noop, urn:otel:exporter:otap, urn:otel:exporter:otlp_grpc, urn:otel:exporter:otlp_http, urn:otel:exporter:parquet, urn:otel:exporter:perf, urn:otel:exporter:topic

Example configuration files can be found in the configs/ directory.
[2m2026-05-19T18:09:19.612Z[0m  [32mINFO [0m [1motap-df-controller::pipeline.core_allocation[0m: [pipeline_group_id=default, pipeline_id=main, num_cores=1, core_allocation=1]
[2m2026-05-19T18:09:19.615Z[0m  [32mINFO [0m [1motap-df-core-nodes::perf_exporter.start[0m: Starting Perf Exporter [frequency_ms=500][35m entity/node.attrs: node.id=perf node.urn=urn:otel:exporter:perf node.type=exporter pipeline.id=main pipeline.group.id=default deployment.generation=0 core.id=1 numa.node.id=0 process.instance.id=AGPEC3MO7N4HHCFSOPBBC7KDTI host.id=70955aa57afd container.id=[0m
[2m2026-05-19T18:09:19.615Z[0m  [32mINFO [0m [1motap-df-core-nodes::otlp.receiver.http.start[0m: Starting OTLP HTTP receiver [endpoint=0.0.0.0:1235][35m entity/node.attrs: node.id=receiver node.urn=urn:otel:receiver:otlp node.type=receiver pipeline.id=main pipeline.group.id=default deployment.generation=0 core.id=1 numa.node.id=0 process.instance.id=AGPEC3MO7N4HHCFSOPBBC7KDTI host.id=70955aa57afd container.id=[0m
[2m2026-05-19T18:09:19.615Z[0m  [32mINFO [0m [1motap-df-admin::endpoint.start[0m: Admin HTTP server listening [bind_address=0.0.0.0:8080][35m[0m

================================================================================
END OF CONTAINER LOGS
================================================================================
[2026-05-19 18:10:46] INFO | ctx.type=- ctx.name=- | Starting Test: 1000k
[2026-05-19 18:10:46] INFO | ctx.type=ScenarioContext ctx.name=1000k | Running 14 test steps...
[2026-05-19 18:10:46] INFO | ctx.type=FrameworkElementHookContext ctx.name=RenderTemplateHook (pre_run) | Rendered template saved to .data/dfe_logs_otlphttp_gzip_baseline/20260519_180634/tests/1000k/backend-config.rendered.yaml
[2026-05-19 18:10:46] INFO | ctx.type=StepContext ctx.name=Deploy Backend Engine | Executing main step action...
[2026-05-19 18:10:47] INFO | ctx.type=FrameworkElementHookContext ctx.name=ReadyCheckHttpHook (post_run) | Ready check passed on attempt 2
[2026-05-19 18:10:47] INFO | ctx.type=FrameworkElementHookContext ctx.name=RenderTemplateHook (pre_run) | Rendered template saved to .data/dfe_logs_otlphttp_gzip_baseline/20260519_180634/tests/1000k/engine-config.rendered.yaml
[2026-05-19 18:10:47] INFO | ctx.type=StepContext ctx.name=Deploy Dataflow Engine | Executing main step action...
[2026-05-19 18:10:49] INFO | ctx.type=FrameworkElementHookContext ctx.name=ReadyCheckHttpHook (post_run) | Ready check passed on attempt 2
[2026-05-19 18:10:49] INFO | ctx.type=FrameworkElementHookContext ctx.name=RenderTemplateHook (pre_run) | Rendered template saved to .data/dfe_logs_otlphttp_gzip_baseline/20260519_180634/tests/1000k/loadgen-config.rendered.yaml
[2026-05-19 18:10:49] INFO | ctx.type=StepContext ctx.name=Deploy Load Generator | Executing main step action...
[2026-05-19 18:10:50] INFO | ctx.type=FrameworkElementHookContext ctx.name=ReadyCheckHttpHook (post_run) | Ready check passed on attempt 2
[2026-05-19 18:10:50] INFO | ctx.type=StepContext ctx.name=Monitor All | Executing main step action...
[2026-05-19 18:10:50] INFO | ctx.type=StepContext ctx.name=Wait for data | Executing main step action...
[2026-05-19 18:11:00] INFO | ctx.type=StepContext ctx.name=Observe Load | Executing main step action...
[2026-05-19 18:11:20] INFO | ctx.type=StepContext ctx.name=Wait Before Drain | Executing main step action...
[2026-05-19 18:11:34] INFO | ctx.type=StepContext ctx.name=Stop Load Generator | Executing main step action...
[2026-05-19 18:11:34] INFO | ctx.type=StepContext ctx.name=Stop Engine | Executing main step action...
[2026-05-19 18:11:34] INFO | ctx.type=StepContext ctx.name=Stop Backend | Executing main step action...
[2026-05-19 18:11:34] INFO | ctx.type=StepContext ctx.name=Wait For Metrics Update | Executing main step action...
[2026-05-19 18:11:35] INFO | ctx.type=StepContext ctx.name=Stop Monitoring All | Executing main step action...
[2026-05-19 18:11:41] INFO | ctx.type=StepContext ctx.name=Destroy All | Executing main step action...
[2026-05-19 18:12:12] INFO | ctx.type=StepContext ctx.name=Run Report | Executing main step action...

# DF Engine 800k - DFE OTLP/HTTP Baseline w/ Gzip (Logs)

## Table: metadata_filtered
  
**Description**: Information about the test suite and report.
  
| Attribute        | Value                                                  |
|:-----------------|:-------------------------------------------------------|
| test.suite.start | 2026-05-19T18:06:34.811791+00:00                       |
| test.suite       | DFE OTLP/HTTP Baseline w/ Gzip (Logs)                  |
| test.step        | Run Report                                             |
| test.start       | 2026-05-19T18:09:19.280299+00:00                       |
| test.name        | 800k                                                   |
| report.type      | sql_report                                             |
| report.time      | 2026-05-19T18:10:41.321420+00:00                       |
| report.name      | DF Engine 800k - DFE OTLP/HTTP Baseline w/ Gzip (Logs) |
| code.sha         | ed5022bc35724109c28a91eb172c976aafdaed19               |
| code.dirty       | True                                                   |
| code.branch      | otel-arrow-otlphttp-compression                        |


## Table: send_receive_rates_by_core
  
**Description**: Core Specific increase and average rate of various send / receive metrics
  
| component_name   | metric_name   |   core_id |   total_increase |   average_rate |
|:-----------------|:--------------|----------:|-----------------:|---------------:|
| backend-service  | logs          |         1 |       1.6002e+07 |         822888 |
| load-generator   | logs_produced |         2 |       1.9e+06    |         100052 |
| load-generator   | logs_produced |         3 |       1.9e+06    |         100071 |
| load-generator   | logs_produced |         4 |       1.9e+06    |         100071 |
| load-generator   | logs_produced |         5 |       1.9e+06    |         100486 |
| load-generator   | logs_produced |         6 |       1.9e+06    |         100048 |
| load-generator   | logs_produced |         7 |       1.9e+06    |         100453 |
| load-generator   | logs_produced |         8 |       1.9e+06    |         100473 |
| load-generator   | logs_produced |         9 |       1.9e+06    |         100052 |


## Table: aggregate_send_receive_rates
  
**Description**: Cumulative increase and average rate of various send / receive metrics
  
| component_name   | metric_name   |   total_increase |   average_rate |
|:-----------------|:--------------|-----------------:|---------------:|
| backend-service  | logs          |       1.6002e+07 |         822888 |
| load-generator   | logs_produced |       1.52e+07   |         801705 |


## Table: component_resource_metrics
  
**Description**: CPU and Memory metrics for the components in the Test Suite during the test.
  
| component_name   | metric_name            |   min_value |   avg_value |   max_value |
|:-----------------|:-----------------------|------------:|------------:|------------:|
| load-generator   | container.memory.usage | 8.2586e+08  | 8.27355e+08 | 8.29198e+08 |
| load-generator   | container.cpu.usage    | 0.14449     | 0.145356    | 0.147312    |
| df-engine        | container.cpu.usage    | 0.996881    | 0.998082    | 1.00063     |
| df-engine        | container.memory.usage | 7.05987e+07 | 7.19835e+07 | 7.31628e+07 |
| backend-service  | container.memory.usage | 4.92995e+07 | 4.98487e+07 | 5.03767e+07 |
| backend-service  | container.cpu.usage    | 0.593497    | 0.599443    | 0.603271    |


## Table: log_loss
  
**Description**: Lost logs (failed or sent but not received) total and as a percentage
  
|   logs_lost |   logs_lost_pct |
|------------:|----------------:|
|     -802000 |      -0.0527632 |


## Table: log_throughput_rates
  
**Description**: Log throughput rates (logs/sec) calculated from total counts and observation window duration
  
| metric_name   |   total_increase |   logs_per_second |
|:--------------|-----------------:|------------------:|
| logs          |       1.6002e+07 |            821984 |
| logs_produced |       1.52e+07   |            801660 |


## Table: gh_actions_benchmark
  
**Description**: The final metrics used with gh_actions_benchmark.
  
| name                          | unit      |            value | extra                                                             |
|:------------------------------|:----------|-----------------:|:------------------------------------------------------------------|
| dropped_logs_percentage       | %         |     -5.27632     | DFE OTLP/HTTP Baseline w/ Gzip (Logs)/800k - Dropped Logs %       |
| cpu_percentage_normalized_avg | %         |     99.8082      | DFE OTLP/HTTP Baseline w/ Gzip (Logs)/800k - CPU % (Normalized)   |
| cpu_percentage_normalized_max | %         |    100.063       | DFE OTLP/HTTP Baseline w/ Gzip (Logs)/800k - CPU % (Normalized)   |
| ram_mib_avg                   | MiB       |     68.6488      | DFE OTLP/HTTP Baseline w/ Gzip (Logs)/800k - RAM (MiB)            |
| ram_mib_max                   | MiB       |     69.7734      | DFE OTLP/HTTP Baseline w/ Gzip (Logs)/800k - RAM (MiB)            |
| logs_produced_rate            | logs/sec  | 801660           | DFE OTLP/HTTP Baseline w/ Gzip (Logs)/800k - Log Throughput       |
| logs_received_rate            | logs/sec  | 821984           | DFE OTLP/HTTP Baseline w/ Gzip (Logs)/800k - Log Throughput       |
| test_duration                 | seconds   |     20.0006      | DFE OTLP/HTTP Baseline w/ Gzip (Logs)/800k - Test Duration        |
| network_tx_bytes_rate_avg     | bytes/sec |      2.05931e+07 | DFE OTLP/HTTP Baseline w/ Gzip (Logs)/800k - Network Utilization  |
| network_rx_bytes_rate_avg     | bytes/sec |      2.86343e+08 | DFE OTLP/HTTP Baseline w/ Gzip (Logs)/800k - Network Utilization  |
| egress_bytes_per_log          | bytes/log |     25.0529      | DFE OTLP/HTTP Baseline w/ Gzip (Logs)/800k - Egress Bytes Per Log |




================================================================================
DOCKER CONTAINER LOGS
================================================================================

================================================================================
Component: load-generator
Container ID: 7e0521fd8273833abe28886a882c783b8ba1a32cce809f008b655a01d63867ff
================================================================================
System Information:
  Available CPU cores: 32
  Available memory: 113.59 GB / 117.92 GB
  Build mode: release
  Memory allocator: jemalloc

Available Component URNs:
  Receivers: urn:otel:receiver:host_metrics, urn:otel:receiver:internal_telemetry, urn:otel:receiver:otap, urn:otel:receiver:otlp, urn:otel:receiver:syslog_cef, urn:otel:receiver:topic, urn:otel:receiver:traffic_generator
  Processors: urn:otel:processor:attribute, urn:otel:processor:batch, urn:otel:processor:content_router, urn:otel:processor:debug, urn:otel:processor:delay, urn:otel:processor:durable_buffer, urn:otel:processor:fanout, urn:otel:processor:filter, urn:otel:processor:log_sampling, urn:otel:processor:retry, urn:otel:processor:temporal_reaggregation, urn:otel:processor:transform, urn:otel:processor:type_router
  Exporters: urn:otel:exporter:console, urn:otel:exporter:error, urn:otel:exporter:noop, urn:otel:exporter:otap, urn:otel:exporter:otlp_grpc, urn:otel:exporter:otlp_http, urn:otel:exporter:parquet, urn:otel:exporter:perf, urn:otel:exporter:topic

Example configuration files can be found in the configs/ directory.
[2m2026-05-19T18:10:49.406Z[0m  [32mINFO [0m [1motap-df-controller::pipeline.core_allocation[0m: [pipeline_group_id=default, pipeline_id=main, num_cores=10, core_allocation=2-11]
[2m2026-05-19T18:10:49.409Z[0m  [32mINFO [0m [1motap-df-core-nodes::otlp.exporter.http.start[0m: [logs_endpoint=http://df-engine:4318/v1/logs, metrics_endpoint=http://df-engine:4318/v1/metrics, traces_endpoint=http://df-engine:4318/v1/traces][35m entity/node.attrs: node.id=exporter node.urn=urn:otel:exporter:otlp_http node.type=exporter pipeline.id=main pipeline.group.id=default deployment.generation=0 core.id=2 numa.node.id=0 process.instance.id=AGPEC3XNXZ2JBD3EUQYBCKJ5SU host.id=7e0521fd8273 conta[2m2026-05-19T18:10:49.413Z[0m  [32mINFO [0m [1motap-df-core-nodes::otlp.exporter.http.start[0m: [logs_endpoint=http://df-engine:4318/v1/logs, metrics_endpoint=http://df-engine:4318/v1/metrics, traces_endpoint=http://df-engine:4318/v1/traces][35m entity/node.attrs: node.id=exporter node.urn=urn:otel:exporter:otlp_http node.type=exporter pipeline.id=main pipeline.group.id=default deployment.generation=0 core.id=5 numa.node.id=0 process.instance.id=AGPEC3XNXZ2JBD3EUQYBCKJ5SU host.id=7e0521fd8273 conta[2m2026-05-19T18:10:49.415Z[0m  [32mINFO [0m [1motap-df-core-nodes::otlp.exporter.http.start[0m: [logs_endpoint=http://df-engine:4318/v1/logs, metrics_endpoint=http://df-engine:4318/v1/metrics, traces_endpoint=http://df-engine:4318/v1/traces][35m entity/node.attrs: node.id=exporter node.urn=urn:otel:exporter:otlp_http node.type=exporter pipeline.id=main pipeline.group.id=default deployment.generation=0 core.id=3 numa.node.id=0 process.instance.id=AGPEC3XNXZ2JBD3EUQYBCKJ5SU host.id=7e0521fd8273 conta[2m2026-05-19T18:10:49.415Z[0m  [32mINFO [0m [1motap-df-core-nodes::otlp.exporter.http.start[0m: [logs_endpoint=http://df-engine:4318/v1/logs, metrics_endpoint=http://df-engine:4318/v1/metrics, traces_endpoint=http://df-engine:4318/v1/traces][35m entity/node.attrs: node.id=exporter node.urn=urn:otel:exporter:otlp_http node.type=exporter pipeline.id=main pipeline.group.id=default deployment.generation=0 core.id=7 numa.node.id=0 process.instance.id=AGPEC3XNXZ2JBD3EUQYBCKJ5SU host.id=7e0521fd8273 conta[2m2026-05-19T18:10:49.415Z[0m  [32mINFO [0m [1motap-df-core-nodes::otlp.exporter.http.start[0m: [logs_endpoint=http://df-engine:4318/v1/logs, metrics_endpoint=http://df-engine:4318/v1/metrics, traces_endpoint=http://df-engine:4318/v1/traces][35m entity/node.attrs: node.id=exporter node.urn=urn:otel:exporter:otlp_http node.type=exporter pipeline.id=main pipeline.group.id=default deployment.generation=0 core.id=4 numa.node.id=0 process.instance.id=AGPEC3XNXZ2JBD3EUQYBCKJ5SU host.id=7e0521fd8273 conta[2m2026-05-19T18:10:49.415Z[0m  [32mINFO [0m [1motap-df-core-nodes::otlp.exporter.http.start[0m: [logs_endpoint=http://df-engine:4318/v1/logs, metrics_endpoint=http://df-engine:4318/v1/metrics, traces_endpoint=http://df-engine:4318/v1/traces][35m entity/node.attrs: node.id=exporter node.urn=urn:otel:exporter:otlp_http node.type=exporter pipeline.id=main pipeline.group.id=default deployment.generation=0 core.id=6 numa.node.id=0 process.instance.id=AGPEC3XNXZ2JBD3EUQYBCKJ5SU host.id=7e0521fd8273 conta[2m2026-05-19T18:10:49.415Z[0m  [32mINFO [0m [1motap-df-core-nodes::otlp.exporter.http.start[0m: [logs_endpoint=http://df-engine:4318/v1/logs, metrics_endpoint=http://df-engine:4318/v1/metrics, traces_endpoint=http://df-engine:4318/v1/traces][35m entity/node.attrs: node.id=exporter node.urn=urn:otel:exporter:otlp_http node.type=exporter pipeline.id=main pipeline.group.id=default deployment.generation=0 core.id=8 numa.node.id=0 process.instance.id=AGPEC3XNXZ2JBD3EUQYBCKJ5SU host.id=7e0521fd8273 conta[2m2026-05-19T18:10:49.415Z[0m  [32mINFO [0m [1motap-df-core-nodes::otlp.exporter.http.start[0m: [logs_endpoint=http://df-engine:4318/v1/logs, metrics_endpoint=http://df-engine:4318/v1/metrics, traces_endpoint=http://df-engine:4318/v1/traces][35m entity/node.attrs: node.id=exporter node.urn=urn:otel:exporter:otlp_http node.type=exporter pipeline.id=main pipeline.group.id=default deployment.generation=0 core.id=9 numa.node.id=0 process.instance.id=AGPEC3XNXZ2JBD3EUQYBCKJ5SU host.id=7e0521fd8273 conta[2m2026-05-19T18:10:49.415Z[0m  [32mINFO [0m [1motap-df-core-nodes::otlp.exporter.http.start[0m: [logs_endpoint=http://df-engine:4318/v1/logs, metrics_endpoint=http://df-engine:4318/v1/metrics, traces_endpoint=http://df-engine:4318/v1/traces][35m entity/node.attrs: node.id=exporter node.urn=urn:otel:exporter:otlp_http node.type=exporter pipeline.id=main pipeline.group.id=default deployment.generation=0 core.id=10 numa.node.id=0 process.instance.id=AGPEC3XNXZ2JBD3EUQYBCKJ5SU host.id=7e0521fd8273 cont[2m2026-05-19T18:10:49.449Z[0m  [32mINFO [0m [1motap-df-core-nodes::otlp.exporter.http.start[0m: [logs_endpoint=http://df-engine:4318/v1/logs, metrics_endpoint=http://df-engine:4318/v1/metrics, traces_endpoint=http://df-engine:4318/v1/traces][35m entity/node.attrs: node.id=exporter node.urn=urn:otel:exporter:otlp_http node.type=exporter pipeline.id=main pipeline.group.id=default deployment.generation=0 core.id=11 numa.node.id=0 process.instance.id=AGPEC3XNXZ2JBD3EUQYBCKJ5SU host.id=7e0521fd8273 cont[2m2026-05-19T18:10:49.449Z[0m  [32mINFO [0m [1motap-df-admin::endpoint.start[0m: Admin HTTP server listening [bind_address=0.0.0.0:8080][35m[0m
[2m2026-05-19T18:10:51.587Z[0m  [33mWARN [0m [1motap-df-core-nodes::traffic_generator.smooth_run_behind[0m: Data generator is falling behind and didn't finish the current run. For highest possible throughput, use production_mode: open [remaining=1, remaining_items=1000][35m entity/node.attrs: node.id=receiver node.urn=urn:otel:receiver:traffic_generator node.type=receiver pipeline.id=main pipeline.group.id=default deployment.generation=0 core.id=2 numa.node.id=0 process.instance.id=AGPEC3XNXZ2JBD3EU[2m2026-05-19T18:10:52.715Z[0m  [33mWARN [0m [1motap-df-core-nodes::traffic_generator.smooth_run_behind[0m: Data generator is falling behind and didn't finish the current run. For highest possible throughput, use production_mode: open [remaining=3, remaining_items=3000][35m entity/node.attrs: node.id=receiver node.urn=urn:otel:receiver:traffic_generator node.type=receiver pipeline.id=main pipeline.group.id=default deployment.generation=0 core.id=8 numa.node.id=0 process.instance.id=AGPEC3XNXZ2JBD3EU[2m2026-05-19T18:10:53.716Z[0m  [33mWARN [0m [1motap-df-core-nodes::traffic_generator.smooth_run_behind[0m: Data generator is falling behind and didn't finish the current run. For highest possible throughput, use production_mode: open [remaining=2, remaining_items=2000][35m entity/node.attrs: node.id=receiver node.urn=urn:otel:receiver:traffic_generator node.type=receiver pipeline.id=main pipeline.group.id=default deployment.generation=0 core.id=8 numa.node.id=0 process.instance.id=AGPEC3XNXZ2JBD3EU[2m2026-05-19T18:10:55.558Z[0m  [33mWARN [0m [1motap-df-core-nodes::traffic_generator.smooth_run_behind[0m: Data generator is falling behind and didn't finish the current run. For highest possible throughput, use production_mode: open [remaining=2, remaining_items=2000][35m entity/node.attrs: node.id=receiver node.urn=urn:otel:receiver:traffic_generator node.type=receiver pipeline.id=main pipeline.group.id=default deployment.generation=0 core.id=4 numa.node.id=0 process.instance.id=AGPEC3XNXZ2JBD3EU[2m2026-05-19T18:10:56.558Z[0m  [33mWARN [0m [1motap-df-core-nodes::traffic_generator.smooth_run_behind[0m: Data generator is falling behind and didn't finish the current run. For highest possible throughput, use production_mode: open [remaining=2, remaining_items=2000][35m entity/node.attrs: node.id=receiver node.urn=urn:otel:receiver:traffic_generator node.type=receiver pipeline.id=main pipeline.group.id=default deployment.generation=0 core.id=4 numa.node.id=0 process.instance.id=AGPEC3XNXZ2JBD3EU[2m2026-05-19T18:10:57.558Z[0m  [33mWARN [0m [1motap-df-core-nodes::traffic_generator.smooth_run_behind[0m: Data generator is falling behind and didn't finish the current run. For highest possible throughput, use production_mode: open [remaining=1, remaining_items=1000][35m entity/node.attrs: node.id=receiver node.urn=urn:otel:receiver:traffic_generator node.type=receiver pipeline.id=main pipeline.group.id=default deployment.generation=0 core.id=4 numa.node.id=0 process.instance.id=AGPEC3XNXZ2JBD3EU[2m2026-05-19T18:11:02.716Z[0m  [33mWARN [0m [1motap-df-core-nodes::traffic_generator.smooth_run_behind[0m: Data generator is falling behind and didn't finish the current run. For highest possible throughput, use production_mode: open [remaining=1, remaining_items=1000][35m entity/node.attrs: node.id=receiver node.urn=urn:otel:receiver:traffic_generator node.type=receiver pipeline.id=main pipeline.group.id=default deployment.generation=0 core.id=8 numa.node.id=0 process.instance.id=AGPEC3XNXZ2JBD3EU[2m2026-05-19T18:11:02.752Z[0m  [33mWARN [0m [1motap-df-core-nodes::traffic_generator.smooth_run_behind[0m: Data generator is falling behind and didn't finish the current run. For highest possible throughput, use production_mode: open [remaining=2, remaining_items=2000][35m entity/node.attrs: node.id=receiver node.urn=urn:otel:receiver:traffic_generator node.type=receiver pipeline.id=main pipeline.group.id=default deployment.generation=0 core.id=7 numa.node.id=0 process.instance.id=AGPEC3XNXZ2JBD3EU[2m2026-05-19T18:11:02.790Z[0m  [33mWARN [0m [1motap-df-core-nodes::traffic_generator.smooth_run_behind[0m: Data generator is falling behind and didn't finish the current run. For highest possible throughput, use production_mode: open [remaining=3, remaining_items=3000][35m entity/node.attrs: node.id=receiver node.urn=urn:otel:receiver:traffic_generator node.type=receiver pipeline.id=main pipeline.group.id=default deployment.generation=0 core.id=3 numa.node.id=0 process.instance.id=AGPEC3XNXZ2JBD3EU[2m2026-05-19T18:11:02.829Z[0m  [33mWARN [0m [1motap-df-core-nodes::traffic_generator.smooth_run_behind[0m: Data generator is falling behind and didn't finish the current run. For highest possible throughput, use production_mode: open [remaining=4, remaining_items=4000][35m entity/node.attrs: node.id=receiver node.urn=urn:otel:receiver:traffic_generator node.type=receiver pipeline.id=main pipeline.group.id=default deployment.generation=0 core.id=9 numa.node.id=0 process.instance.id=AGPEC3XNXZ2JBD3EU[2m2026-05-19T18:11:02.866Z[0m  [33mWARN [0m [1motap-df-core-nodes::traffic_generator.smooth_run_behind[0m: Data generator is falling behind and didn't finish the current run. For highest possible throughput, use production_mode: open [remaining=5, remaining_items=5000][35m entity/node.attrs: node.id=receiver node.urn=urn:otel:receiver:traffic_generator node.type=receiver pipeline.id=main pipeline.group.id=default deployment.generation=0 core.id=10 numa.node.id=0 process.instance.id=AGPEC3XNXZ2JBD3E[2m2026-05-19T18:11:02.906Z[0m  [33mWARN [0m [1motap-df-core-nodes::traffic_generator.smooth_run_behind[0m: Data generator is falling behind and didn't finish the current run. For highest possible throughput, use production_mode: open [remaining=6, remaining_items=6000][35m entity/node.attrs: node.id=receiver node.urn=urn:otel:receiver:traffic_generator node.type=receiver pipeline.id=main pipeline.group.id=default deployment.generation=0 core.id=11 numa.node.id=0 process.instance.id=AGPEC3XNXZ2JBD3E[2m2026-05-19T18:11:02.941Z[0m  [33mWARN [0m [1motap-df-core-nodes::traffic_generator.smooth_run_behind[0m: Data generator is falling behind and didn't finish the current run. For highest possible throughput, use production_mode: open [remaining=7, remaining_items=7000][35m entity/node.attrs: node.id=receiver node.urn=urn:otel:receiver:traffic_generator node.type=receiver pipeline.id=main pipeline.group.id=default deployment.generation=0 core.id=6 numa.node.id=0 process.instance.id=AGPEC3XNXZ2JBD3EU[2m2026-05-19T18:11:03.559Z[0m  [33mWARN [0m [1motap-df-core-nodes::traffic_generator.smooth_run_behind[0m: Data generator is falling behind and didn't finish the current run. For highest possible throughput, use production_mode: open [remaining=24, remaining_items=24000][35m entity/node.attrs: node.id=receiver node.urn=urn:otel:receiver:traffic_generator node.type=receiver pipeline.id=main pipeline.group.id=default deployment.generation=0 core.id=4 numa.node.id=0 process.instance.id=AGPEC3XNXZ2JBD3[2m2026-05-19T18:11:03.589Z[0m  [33mWARN [0m [1motap-df-core-nodes::traffic_generator.smooth_run_behind[0m: Data generator is falling behind and didn't finish the current run. For highest possible throughput, use production_mode: open [remaining=24, remaining_items=24000][35m entity/node.attrs: node.id=receiver node.urn=urn:otel:receiver:traffic_generator node.type=receiver pipeline.id=main pipeline.group.id=default deployment.generation=0 core.id=2 numa.node.id=0 process.instance.id=AGPEC3XNXZ2JBD3[2m2026-05-19T18:11:03.629Z[0m  [33mWARN [0m [1motap-df-core-nodes::traffic_generator.smooth_run_behind[0m: Data generator is falling behind and didn't finish the current run. For highest possible throughput, use production_mode: open [remaining=26, remaining_items=26000][35m entity/node.attrs: node.id=receiver node.urn=urn:otel:receiver:traffic_generator node.type=receiver pipeline.id=main pipeline.group.id=default deployment.generation=0 core.id=5 numa.node.id=0 process.instance.id=AGPEC3XNXZ2JBD3[2m2026-05-19T18:11:03.718Z[0m  [33mWARN [0m [1motap-df-core-nodes::traffic_generator.smooth_run_behind[0m: Data generator is falling behind and didn't finish the current run. For highest possible throughput, use production_mode: open [remaining=27, remaining_items=27000][35m entity/node.attrs: node.id=receiver node.urn=urn:otel:receiver:traffic_generator node.type=receiver pipeline.id=main pipeline.group.id=default deployment.generation=0 core.id=8 numa.node.id=0 process.instance.id=AGPEC3XNXZ2JBD3[2m2026-05-19T18:11:03.753Z[0m  [33mWARN [0m [1motap-df-core-nodes::traffic_generator.smooth_run_behind[0m: Data generator is falling behind and didn't finish the current run. For highest possible throughput, use production_mode: open [remaining=27, remaining_items=27000][35m entity/node.attrs: node.id=receiver node.urn=urn:otel:receiver:traffic_generator node.type=receiver pipeline.id=main pipeline.group.id=default deployment.generation=0 core.id=7 numa.node.id=0 process.instance.id=AGPEC3XNXZ2JBD3[2m2026-05-19T18:11:03.792Z[0m  [33mWARN [0m [1motap-df-core-nodes::traffic_generator.smooth_run_behind[0m: Data generator is falling behind and didn't finish the current run. For highest possible throughput, use production_mode: open [remaining=27, remaining_items=27000][35m entity/node.attrs: node.id=receiver node.urn=urn:otel:receiver:traffic_generator node.type=receiver pipeline.id=main pipeline.group.id=default deployment.generation=0 core.id=3 numa.node.id=0 process.instance.id=AGPEC3XNXZ2JBD3[2m2026-05-19T18:11:03.830Z[0m  [33mWARN [0m [1motap-df-core-nodes::traffic_generator.smooth_run_behind[0m: Data generator is falling behind and didn't finish the current run. For highest possible throughput, use production_mode: open [remaining=28, remaining_items=28000][35m entity/node.attrs: node.id=receiver node.urn=urn:otel:receiver:traffic_generator node.type=receiver pipeline.id=main pipeline.group.id=default deployment.generation=0 core.id=9 numa.node.id=0 process.instance.id=AGPEC3XNXZ2JBD3[2m2026-05-19T18:11:03.868Z[0m  [33mWARN [0m [1motap-df-core-nodes::traffic_generator.smooth_run_behind[0m: Data generator is falling behind and didn't finish the current run. For highest possible throughput, use production_mode: open [remaining=27, remaining_items=27000][35m entity/node.attrs: node.id=receiver node.urn=urn:otel:receiver:traffic_generator node.type=receiver pipeline.id=main pipeline.group.id=default deployment.generation=0 core.id=10 numa.node.id=0 process.instance.id=AGPEC3XNXZ2JBD[2m2026-05-19T18:11:03.908Z[0m  [33mWARN [0m [1motap-df-core-nodes::traffic_generator.smooth_run_behind[0m: Data generator is falling behind and didn't finish the current run. For highest possible throughput, use production_mode: open [remaining=27, remaining_items=27000][35m entity/node.attrs: node.id=receiver node.urn=urn:otel:receiver:traffic_generator node.type=receiver pipeline.id=main pipeline.group.id=default deployment.generation=0 core.id=11 numa.node.id=0 process.instance.id=AGPEC3XNXZ2JBD[2m2026-05-19T18:11:03.943Z[0m  [33mWARN [0m [1motap-df-core-nodes::traffic_generator.smooth_run_behind[0m: Data generator is falling behind and didn't finish the current run. For highest possible throughput, use production_mode: open [remaining=27, remaining_items=27000][35m entity/node.attrs: node.id=receiver node.urn=urn:otel:receiver:traffic_generator node.type=receiver pipeline.id=main pipeline.group.id=default deployment.generation=0 core.id=6 numa.node.id=0 process.instance.id=AGPEC3XNXZ2JBD3[2m2026-05-19T18:11:04.589Z[0m  [33mWARN [0m [1motap-df-core-nodes::traffic_generator.smooth_run_behind[0m: Data generator is falling behind and didn't finish the current run. For highest possible throughput, use production_mode: open [remaining=26, remaining_items=26000][35m entity/node.attrs: node.id=receiver node.urn=urn:otel:receiver:traffic_generator node.type=receiver pipeline.id=main pipeline.group.id=default deployment.generation=0 core.id=2 numa.node.id=0 process.instance.id=AGPEC3XNXZ2JBD3[2m2026-05-19T18:11:04.629Z[0m  [33mWARN [0m [1motap-df-core-nodes::traffic_generator.smooth_run_behind[0m: Data generator is falling behind and didn't finish the current run. For highest possible throughput, use production_mode: open [remaining=25, remaining_items=25000][35m entity/node.attrs: node.id=receiver node.urn=urn:otel:receiver:traffic_generator node.type=receiver pipeline.id=main pipeline.group.id=default deployment.generation=0 core.id=5 numa.node.id=0 process.instance.id=AGPEC3XNXZ2JBD3[2m2026-05-19T18:11:04.908Z[0m  [33mWARN [0m [1motap-df-core-nodes::traffic_generator.smooth_run_behind[0m: Data generator is falling behind and didn't finish the current run. For highest possible throughput, use production_mode: open [remaining=26, remaining_items=26000][35m entity/node.attrs: node.id=receiver node.urn=urn:otel:receiver:traffic_generator node.type=receiver pipeline.id=main pipeline.group.id=default deployment.generation=0 core.id=11 numa.node.id=0 process.instance.id=AGPEC3XNXZ2JBD[2m2026-05-19T18:11:05.589Z[0m  [33mWARN [0m [1motap-df-core-nodes::traffic_generator.smooth_run_behind[0m: Data generator is falling behind and didn't finish the current run. For highest possible throughput, use production_mode: open [remaining=26, remaining_items=26000][35m entity/node.attrs: node.id=receiver node.urn=urn:otel:receiver:traffic_generator node.type=receiver pipeline.id=main pipeline.group.id=default deployment.generation=0 core.id=2 numa.node.id=0 process.instance.id=AGPEC3XNXZ2JBD3[2m2026-05-19T18:11:05.630Z[0m  [33mWARN [0m [1motap-df-core-nodes::traffic_generator.smooth_run_behind[0m: Data generator is falling behind and didn't finish the current run. For highest possible throughput, use production_mode: open [remaining=26, remaining_items=26000][35m entity/node.attrs: node.id=receiver node.urn=urn:otel:receiver:traffic_generator node.type=receiver pipeline.id=main pipeline.group.id=default deployment.generation=0 core.id=5 numa.node.id=0 process.instance.id=AGPEC3XNXZ2JBD3[2m2026-05-19T18:11:05.908Z[0m  [33mWARN [0m [1motap-df-core-nodes::traffic_generator.smooth_run_behind[0m: Data generator is falling behind and didn't finish the current run. For highest possible throughput, use production_mode: open [remaining=25, remaining_items=25000][35m entity/node.attrs: node.id=receiver node.urn=urn:otel:receiver:traffic_generator node.type=receiver pipeline.id=main pipeline.group.id=default deployment.generation=0 core.id=11 numa.node.id=0 process.instance.id=AGPEC3XNXZ2JBD[2m2026-05-19T18:11:06.588Z[0m  [33mWARN [0m [1motap-df-core-nodes::traffic_generator.smooth_run_behind[0m: Data generator is falling behind and didn't finish the current run. For highest possible throughput, use production_mode: open [remaining=25, remaining_items=25000][35m entity/node.attrs: node.id=receiver node.urn=urn:otel:receiver:traffic_generator node.type=receiver pipeline.id=main pipeline.group.id=default deployment.generation=0 core.id=2 numa.node.id=0 process.instance.id=AGPEC3XNXZ2JBD3[2m2026-05-19T18:11:06.630Z[0m  [33mWARN [0m [1motap-df-core-nodes::traffic_generator.smooth_run_behind[0m: Data generator is falling behind and didn't finish the current run. For highest possible throughput, use production_mode: open [remaining=25, remaining_items=25000][35m entity/node.attrs: node.id=receiver node.urn=urn:otel:receiver:traffic_generator node.type=receiver pipeline.id=main pipeline.group.id=default deployment.generation=0 core.id=5 numa.node.id=0 process.instance.id=AGPEC3XNXZ2JBD3[2m2026-05-19T18:11:06.716Z[0m  [33mWARN [0m [1motap-df-core-nodes::traffic_generator.smooth_run_behind[0m: Data generator is falling behind and didn't finish the current run. For highest possible throughput, use production_mode: open [remaining=3, remaining_items=3000][35m entity/node.attrs: node.id=receiver node.urn=urn:otel:receiver:traffic_generator node.type=receiver pipeline.id=main pipeline.group.id=default deployment.generation=0 core.id=8 numa.node.id=0 process.instance.id=AGPEC3XNXZ2JBD3EU[2m2026-05-19T18:11:06.752Z[0m  [33mWARN [0m [1motap-df-core-nodes::traffic_generator.smooth_run_behind[0m: Data generator is falling behind and didn't finish the current run. For highest possible throughput, use production_mode: open [remaining=3, remaining_items=3000][35m entity/node.attrs: node.id=receiver node.urn=urn:otel:receiver:traffic_generator node.type=receiver pipeline.id=main pipeline.group.id=default deployment.generation=0 core.id=7 numa.node.id=0 process.instance.id=AGPEC3XNXZ2JBD3EU[2m2026-05-19T18:11:06.791Z[0m  [33mWARN [0m [1motap-df-core-nodes::traffic_generator.smooth_run_behind[0m: Data generator is falling behind and didn't finish the current run. For highest possible throughput, use production_mode: open [remaining=3, remaining_items=3000][35m entity/node.attrs: node.id=receiver node.urn=urn:otel:receiver:traffic_generator node.type=receiver pipeline.id=main pipeline.group.id=default deployment.generation=0 core.id=3 numa.node.id=0 process.instance.id=AGPEC3XNXZ2JBD3EU[2m2026-05-19T18:11:06.828Z[0m  [33mWARN [0m [1motap-df-core-nodes::traffic_generator.smooth_run_behind[0m: Data generator is falling behind and didn't finish the current run. For highest possible throughput, use production_mode: open [remaining=3, remaining_items=3000][35m entity/node.attrs: node.id=receiver node.urn=urn:otel:receiver:traffic_generator node.type=receiver pipeline.id=main pipeline.group.id=default deployment.generation=0 core.id=9 numa.node.id=0 process.instance.id=AGPEC3XNXZ2JBD3EU[2m2026-05-19T18:11:06.865Z[0m  [33mWARN [0m [1motap-df-core-nodes::traffic_generator.smooth_run_behind[0m: Data generator is falling behind and didn't finish the current run. For highest possible throughput, use production_mode: open [remaining=3, remaining_items=3000][35m entity/node.attrs: node.id=receiver node.urn=urn:otel:receiver:traffic_generator node.type=receiver pipeline.id=main pipeline.group.id=default deployment.generation=0 core.id=10 numa.node.id=0 process.instance.id=AGPEC3XNXZ2JBD3E[2m2026-05-19T18:11:06.908Z[0m  [33mWARN [0m [1motap-df-core-nodes::traffic_generator.smooth_run_behind[0m: Data generator is falling behind and didn't finish the current run. For highest possible throughput, use production_mode: open [remaining=24, remaining_items=24000][35m entity/node.attrs: node.id=receiver node.urn=urn:otel:receiver:traffic_generator node.type=receiver pipeline.id=main pipeline.group.id=default deployment.generation=0 core.id=11 numa.node.id=0 process.instance.id=AGPEC3XNXZ2JBD[2m2026-05-19T18:11:06.941Z[0m  [33mWARN [0m [1motap-df-core-nodes::traffic_generator.smooth_run_behind[0m: Data generator is falling behind and didn't finish the current run. For highest possible throughput, use production_mode: open [remaining=3, remaining_items=3000][35m entity/node.attrs: node.id=receiver node.urn=urn:otel:receiver:traffic_generator node.type=receiver pipeline.id=main pipeline.group.id=default deployment.generation=0 core.id=6 numa.node.id=0 process.instance.id=AGPEC3XNXZ2JBD3EU[2m2026-05-19T18:11:07.559Z[0m  [33mWARN [0m [1motap-df-core-nodes::traffic_generator.smooth_run_behind[0m: Data generator is falling behind and didn't finish the current run. For highest possible throughput, use production_mode: open [remaining=24, remaining_items=24000][35m entity/node.attrs: node.id=receiver node.urn=urn:otel:receiver:traffic_generator node.type=receiver pipeline.id=main pipeline.group.id=default deployment.generation=0 core.id=4 numa.node.id=0 process.instance.id=AGPEC3XNXZ2JBD3[2m2026-05-19T18:11:07.589Z[0m  [33mWARN [0m [1motap-df-core-nodes::traffic_generator.smooth_run_behind[0m: Data generator is falling behind and didn't finish the current run. For highest possible throughput, use production_mode: open [remaining=24, remaining_items=24000][35m entity/node.attrs: node.id=receiver node.urn=urn:otel:receiver:traffic_generator node.type=receiver pipeline.id=main pipeline.group.id=default deployment.generation=0 core.id=2 numa.node.id=0 process.instance.id=AGPEC3XNXZ2JBD3[2m2026-05-19T18:11:07.717Z[0m  [33mWARN [0m [1motap-df-core-nodes::traffic_generator.smooth_run_behind[0m: Data generator is falling behind and didn't finish the current run. For highest possible throughput, use production_mode: open [remaining=24, remaining_items=24000][35m entity/node.attrs: node.id=receiver node.urn=urn:otel:receiver:traffic_generator node.type=receiver pipeline.id=main pipeline.group.id=default deployment.generation=0 core.id=8 numa.node.id=0 process.instance.id=AGPEC3XNXZ2JBD3[2m2026-05-19T18:11:07.792Z[0m  [33mWARN [0m [1motap-df-core-nodes::traffic_generator.smooth_run_behind[0m: Data generator is falling behind and didn't finish the current run. For highest possible throughput, use production_mode: open [remaining=24, remaining_items=24000][35m entity/node.attrs: node.id=receiver node.urn=urn:otel:receiver:traffic_generator node.type=receiver pipeline.id=main pipeline.group.id=default deployment.generation=0 core.id=3 numa.node.id=0 process.instance.id=AGPEC3XNXZ2JBD3[2m2026-05-19T18:11:07.867Z[0m  [33mWARN [0m [1motap-df-core-nodes::traffic_generator.smooth_run_behind[0m: Data generator is falling behind and didn't finish the current run. For highest possible throughput, use production_mode: open [remaining=25, remaining_items=25000][35m entity/node.attrs: node.id=receiver node.urn=urn:otel:receiver:traffic_generator node.type=receiver pipeline.id=main pipeline.group.id=default deployment.generation=0 core.id=10 numa.node.id=0 process.instance.id=AGPEC3XNXZ2JBD[2m2026-05-19T18:11:07.908Z[0m  [33mWARN [0m [1motap-df-core-nodes::traffic_generator.smooth_run_behind[0m: Data generator is falling behind and didn't finish the current run. For highest possible throughput, use production_mode: open [remaining=25, remaining_items=25000][35m entity/node.attrs: node.id=receiver node.urn=urn:otel:receiver:traffic_generator node.type=receiver pipeline.id=main pipeline.group.id=default deployment.generation=0 core.id=11 numa.node.id=0 process.instance.id=AGPEC3XNXZ2JBD[2m2026-05-19T18:11:08.559Z[0m  [33mWARN [0m [1motap-df-core-nodes::traffic_generator.smooth_run_behind[0m: Data generator is falling behind and didn't finish the current run. For highest possible throughput, use production_mode: open [remaining=25, remaining_items=25000][35m entity/node.attrs: node.id=receiver node.urn=urn:otel:receiver:traffic_generator node.type=receiver pipeline.id=main pipeline.group.id=default deployment.generation=0 core.id=4 numa.node.id=0 process.instance.id=AGPEC3XNXZ2JBD3[2m2026-05-19T18:11:08.588Z[0m  [33mWARN [0m [1motap-df-core-nodes::traffic_generator.smooth_run_behind[0m: Data generator is falling behind and didn't finish the current run. For highest possible throughput, use production_mode: open [remaining=25, remaining_items=25000][35m entity/node.attrs: node.id=receiver node.urn=urn:otel:receiver:traffic_generator node.type=receiver pipeline.id=main pipeline.group.id=default deployment.generation=0 core.id=2 numa.node.id=0 process.instance.id=AGPEC3XNXZ2JBD3[2m2026-05-19T18:11:08.717Z[0m  [33mWARN [0m [1motap-df-core-nodes::traffic_generator.smooth_run_behind[0m: Data generator is falling behind and didn't finish the current run. For highest possible throughput, use production_mode: open [remaining=25, remaining_items=25000][35m entity/node.attrs: node.id=receiver node.urn=urn:otel:receiver:traffic_generator node.type=receiver pipeline.id=main pipeline.group.id=default deployment.generation=0 core.id=8 numa.node.id=0 process.instance.id=AGPEC3XNXZ2JBD3[2m2026-05-19T18:11:08.792Z[0m  [33mWARN [0m [1motap-df-core-nodes::traffic_generator.smooth_run_behind[0m: Data generator is falling behind and didn't finish the current run. For highest possible throughput, use production_mode: open [remaining=25, remaining_items=25000][35m entity/node.attrs: node.id=receiver node.urn=urn:otel:receiver:traffic_generator node.type=receiver pipeline.id=main pipeline.group.id=default deployment.generation=0 core.id=3 numa.node.id=0 process.instance.id=AGPEC3XNXZ2JBD3[2m2026-05-19T18:11:08.908Z[0m  [33mWARN [0m [1motap-df-core-nodes::traffic_generator.smooth_run_behind[0m: Data generator is falling behind and didn't finish the current run. For highest possible throughput, use production_mode: open [remaining=25, remaining_items=25000][35m entity/node.attrs: node.id=receiver node.urn=urn:otel:receiver:traffic_generator node.type=receiver pipeline.id=main pipeline.group.id=default deployment.generation=0 core.id=11 numa.node.id=0 process.instance.id=AGPEC3XNXZ2JBD[2m2026-05-19T18:11:09.560Z[0m  [33mWARN [0m [1motap-df-core-nodes::traffic_generator.smooth_run_behind[0m: Data generator is falling behind and didn't finish the current run. For highest possible throughput, use production_mode: open [remaining=25, remaining_items=25000][35m entity/node.attrs: node.id=receiver node.urn=urn:otel:receiver:traffic_generator node.type=receiver pipeline.id=main pipeline.group.id=default deployment.generation=0 core.id=4 numa.node.id=0 process.instance.id=AGPEC3XNXZ2JBD3[2m2026-05-19T18:11:09.589Z[0m  [33mWARN [0m [1motap-df-core-nodes::traffic_generator.smooth_run_behind[0m: Data generator is falling behind and didn't finish the current run. For highest possible throughput, use production_mode: open [remaining=25, remaining_items=25000][35m entity/node.attrs: node.id=receiver node.urn=urn:otel:receiver:traffic_generator node.type=receiver pipeline.id=main pipeline.group.id=default deployment.generation=0 core.id=2 numa.node.id=0 process.instance.id=AGPEC3XNXZ2JBD3[2m2026-05-19T18:11:09.717Z[0m  [33mWARN [0m [1motap-df-core-nodes::traffic_generator.smooth_run_behind[0m: Data generator is falling behind and didn't finish the current run. For highest possible throughput, use production_mode: open [remaining=25, remaining_items=25000][35m entity/node.attrs: node.id=receiver node.urn=urn:otel:receiver:traffic_generator node.type=receiver pipeline.id=main pipeline.group.id=default deployment.generation=0 core.id=8 numa.node.id=0 process.instance.id=AGPEC3XNXZ2JBD3[2m2026-05-19T18:11:09.792Z[0m  [33mWARN [0m [1motap-df-core-nodes::traffic_generator.smooth_run_behind[0m: Data generator is falling behind and didn't finish the current run. For highest possible throughput, use production_mode: open [remaining=25, remaining_items=25000][35m entity/node.attrs: node.id=receiver node.urn=urn:otel:receiver:traffic_generator node.type=receiver pipeline.id=main pipeline.group.id=default deployment.generation=0 core.id=3 numa.node.id=0 process.instance.id=AGPEC3XNXZ2JBD3[2m2026-05-19T18:11:10.559Z[0m  [33mWARN [0m [1motap-df-core-nodes::traffic_generator.smooth_run_behind[0m: Data generator is falling behind and didn't finish the current run. For highest possible throughput, use production_mode: open [remaining=23, remaining_items=23000][35m entity/node.attrs: node.id=receiver node.urn=urn:otel:receiver:traffic_generator node.type=receiver pipeline.id=main pipeline.group.id=default deployment.generation=0 core.id=4 numa.node.id=0 process.instance.id=AGPEC3XNXZ2JBD3[2m2026-05-19T18:11:10.589Z[0m  [33mWARN [0m [1motap-df-core-nodes::traffic_generator.smooth_run_behind[0m: Data generator is falling behind and didn't finish the current run. For highest possible throughput, use production_mode: open [remaining=23, remaining_items=23000][35m entity/node.attrs: node.id=receiver node.urn=urn:otel:receiver:traffic_generator node.type=receiver pipeline.id=main pipeline.group.id=default deployment.generation=0 core.id=2 numa.node.id=0 process.instance.id=AGPEC3XNXZ2JBD3[2m2026-05-19T18:11:10.629Z[0m  [33mWARN [0m [1motap-df-core-nodes::traffic_generator.smooth_run_behind[0m: Data generator is falling behind and didn't finish the current run. For highest possible throughput, use production_mode: open [remaining=21, remaining_items=21000][35m entity/node.attrs: node.id=receiver node.urn=urn:otel:receiver:traffic_generator node.type=receiver pipeline.id=main pipeline.group.id=default deployment.generation=0 core.id=5 numa.node.id=0 process.instance.id=AGPEC3XNXZ2JBD3[2m2026-05-19T18:11:10.717Z[0m  [33mWARN [0m [1motap-df-core-nodes::traffic_generator.smooth_run_behind[0m: Data generator is falling behind and didn't finish the current run. For highest possible throughput, use production_mode: open [remaining=23, remaining_items=23000][35m entity/node.attrs: node.id=receiver node.urn=urn:otel:receiver:traffic_generator node.type=receiver pipeline.id=main pipeline.group.id=default deployment.generation=0 core.id=8 numa.node.id=0 process.instance.id=AGPEC3XNXZ2JBD3[2m2026-05-19T18:11:10.791Z[0m  [33mWARN [0m [1motap-df-core-nodes::traffic_generator.smooth_run_behind[0m: Data generator is falling behind and didn't finish the current run. For highest possible throughput, use production_mode: open [remaining=22, remaining_items=22000][35m entity/node.attrs: node.id=receiver node.urn=urn:otel:receiver:traffic_generator node.type=receiver pipeline.id=main pipeline.group.id=default deployment.generation=0 core.id=3 numa.node.id=0 process.instance.id=AGPEC3XNXZ2JBD3[2m2026-05-19T18:11:11.559Z[0m  [33mWARN [0m [1motap-df-core-nodes::traffic_generator.smooth_run_behind[0m: Data generator is falling behind and didn't finish the current run. For highest possible throughput, use production_mode: open [remaining=23, remaining_items=23000][35m entity/node.attrs: node.id=receiver node.urn=urn:otel:receiver:traffic_generator node.type=receiver pipeline.id=main pipeline.group.id=default deployment.generation=0 core.id=4 numa.node.id=0 process.instance.id=AGPEC3XNXZ2JBD3[2m2026-05-19T18:11:11.630Z[0m  [33mWARN [0m [1motap-df-core-nodes::traffic_generator.smooth_run_behind[0m: Data generator is falling behind and didn't finish the current run. For highest possible throughput, use production_mode: open [remaining=23, remaining_items=23000][35m entity/node.attrs: node.id=receiver node.urn=urn:otel:receiver:traffic_generator node.type=receiver pipeline.id=main pipeline.group.id=default deployment.generation=0 core.id=5 numa.node.id=0 process.instance.id=AGPEC3XNXZ2JBD3[2m2026-05-19T18:11:11.753Z[0m  [33mWARN [0m [1motap-df-core-nodes::traffic_generator.smooth_run_behind[0m: Data generator is falling behind and didn't finish the current run. For highest possible throughput, use production_mode: open [remaining=22, remaining_items=22000][35m entity/node.attrs: node.id=receiver node.urn=urn:otel:receiver:traffic_generator node.type=receiver pipeline.id=main pipeline.group.id=default deployment.generation=0 core.id=7 numa.node.id=0 process.instance.id=AGPEC3XNXZ2JBD3[2m2026-05-19T18:11:11.792Z[0m  [33mWARN [0m [1motap-df-core-nodes::traffic_generator.smooth_run_behind[0m: Data generator is falling behind and didn't finish the current run. For highest possible throughput, use production_mode: open [remaining=24, remaining_items=24000][35m entity/node.attrs: node.id=receiver node.urn=urn:otel:receiver:traffic_generator node.type=receiver pipeline.id=main pipeline.group.id=default deployment.generation=0 core.id=3 numa.node.id=0 process.instance.id=AGPEC3XNXZ2JBD3[2m2026-05-19T18:11:11.830Z[0m  [33mWARN [0m [1motap-df-core-nodes::traffic_generator.smooth_run_behind[0m: Data generator is falling behind and didn't finish the current run. For highest possible throughput, use production_mode: open [remaining=22, remaining_items=22000][35m entity/node.attrs: node.id=receiver node.urn=urn:otel:receiver:traffic_generator node.type=receiver pipeline.id=main pipeline.group.id=default deployment.generation=0 core.id=9 numa.node.id=0 process.instance.id=AGPEC3XNXZ2JBD3[2m2026-05-19T18:11:11.867Z[0m  [33mWARN [0m [1motap-df-core-nodes::traffic_generator.smooth_run_behind[0m: Data generator is falling behind and didn't finish the current run. For highest possible throughput, use production_mode: open [remaining=19, remaining_items=19000][35m entity/node.attrs: node.id=receiver node.urn=urn:otel:receiver:traffic_generator node.type=receiver pipeline.id=main pipeline.group.id=default deployment.generation=0 core.id=10 numa.node.id=0 process.instance.id=AGPEC3XNXZ2JBD[2m2026-05-19T18:11:11.943Z[0m  [33mWARN [0m [1motap-df-core-nodes::traffic_generator.smooth_run_behind[0m: Data generator is falling behind and didn't finish the current run. For highest possible throughput, use production_mode: open [remaining=22, remaining_items=22000][35m entity/node.attrs: node.id=receiver node.urn=urn:otel:receiver:traffic_generator node.type=receiver pipeline.id=main pipeline.group.id=default deployment.generation=0 core.id=6 numa.node.id=0 process.instance.id=AGPEC3XNXZ2JBD3[2m2026-05-19T18:11:12.629Z[0m  [33mWARN [0m [1motap-df-core-nodes::traffic_generator.smooth_run_behind[0m: Data generator is falling behind and didn't finish the current run. For highest possible throughput, use production_mode: open [remaining=23, remaining_items=23000][35m entity/node.attrs: node.id=receiver node.urn=urn:otel:receiver:traffic_generator node.type=receiver pipeline.id=main pipeline.group.id=default deployment.generation=0 core.id=5 numa.node.id=0 process.instance.id=AGPEC3XNXZ2JBD3[2m2026-05-19T18:11:12.753Z[0m  [33mWARN [0m [1motap-df-core-nodes::traffic_generator.smooth_run_behind[0m: Data generator is falling behind and didn't finish the current run. For highest possible throughput, use production_mode: open [remaining=23, remaining_items=23000][35m entity/node.attrs: node.id=receiver node.urn=urn:otel:receiver:traffic_generator node.type=receiver pipeline.id=main pipeline.group.id=default deployment.generation=0 core.id=7 numa.node.id=0 process.instance.id=AGPEC3XNXZ2JBD3[2m2026-05-19T18:11:12.830Z[0m  [33mWARN [0m [1motap-df-core-nodes::traffic_generator.smooth_run_behind[0m: Data generator is falling behind and didn't finish the current run. For highest possible throughput, use production_mode: open [remaining=22, remaining_items=22000][35m entity/node.attrs: node.id=receiver node.urn=urn:otel:receiver:traffic_generator node.type=receiver pipeline.id=main pipeline.group.id=default deployment.generation=0 core.id=9 numa.node.id=0 process.instance.id=AGPEC3XNXZ2JBD3[2m2026-05-19T18:11:12.867Z[0m  [33mWARN [0m [1motap-df-core-nodes::traffic_generator.smooth_run_behind[0m: Data generator is falling behind and didn't finish the current run. For highest possible throughput, use production_mode: open [remaining=22, remaining_items=22000][35m entity/node.attrs: node.id=receiver node.urn=urn:otel:receiver:traffic_generator node.type=receiver pipeline.id=main pipeline.group.id=default deployment.generation=0 core.id=10 numa.node.id=0 process.instance.id=AGPEC3XNXZ2JBD[2m2026-05-19T18:11:12.907Z[0m  [33mWARN [0m [1motap-df-core-nodes::traffic_generator.smooth_run_behind[0m: Data generator is falling behind and didn't finish the current run. For highest possible throughput, use production_mode: open [remaining=17, remaining_items=17000][35m entity/node.attrs: node.id=receiver node.urn=urn:otel:receiver:traffic_generator node.type=receiver pipeline.id=main pipeline.group.id=default deployment.generation=0 core.id=11 numa.node.id=0 process.instance.id=AGPEC3XNXZ2JBD[2m2026-05-19T18:11:12.943Z[0m  [33mWARN [0m [1motap-df-core-nodes::traffic_generator.smooth_run_behind[0m: Data generator is falling behind and didn't finish the current run. For highest possible throughput, use production_mode: open [remaining=22, remaining_items=22000][35m entity/node.attrs: node.id=receiver node.urn=urn:otel:receiver:traffic_generator node.type=receiver pipeline.id=main pipeline.group.id=default deployment.generation=0 core.id=6 numa.node.id=0 process.instance.id=AGPEC3XNXZ2JBD3[2m2026-05-19T18:11:13.830Z[0m  [33mWARN [0m [1motap-df-core-nodes::traffic_generator.smooth_run_behind[0m: Data generator is falling behind and didn't finish the current run. For highest possible throughput, use production_mode: open [remaining=22, remaining_items=22000][35m entity/node.attrs: node.id=receiver node.urn=urn:otel:receiver:traffic_generator node.type=receiver pipeline.id=main pipeline.group.id=default deployment.generation=0 core.id=9 numa.node.id=0 process.instance.id=AGPEC3XNXZ2JBD3[2m2026-05-19T18:11:13.867Z[0m  [33mWARN [0m [1motap-df-core-nodes::traffic_generator.smooth_run_behind[0m: Data generator is falling behind and didn't finish the current run. For highest possible throughput, use production_mode: open [remaining=23, remaining_items=23000][35m entity/node.attrs: node.id=receiver node.urn=urn:otel:receiver:traffic_generator node.type=receiver pipeline.id=main pipeline.group.id=default deployment.generation=0 core.id=10 numa.node.id=0 process.instance.id=AGPEC3XNXZ2JBD[2m2026-05-19T18:11:13.907Z[0m  [33mWARN [0m [1motap-df-core-nodes::traffic_generator.smooth_run_behind[0m: Data generator is falling behind and didn't finish the current run. For highest possible throughput, use production_mode: open [remaining=23, remaining_items=23000][35m entity/node.attrs: node.id=receiver node.urn=urn:otel:receiver:traffic_generator node.type=receiver pipeline.id=main pipeline.group.id=default deployment.generation=0 core.id=11 numa.node.id=0 process.instance.id=AGPEC3XNXZ2JBD[2m2026-05-19T18:11:13.943Z[0m  [33mWARN [0m [1motap-df-core-nodes::traffic_generator.smooth_run_behind[0m: Data generator is falling behind and didn't finish the current run. For highest possible throughput, use production_mode: open [remaining=22, remaining_items=22000][35m entity/node.attrs: node.id=receiver node.urn=urn:otel:receiver:traffic_generator node.type=receiver pipeline.id=main pipeline.group.id=default deployment.generation=0 core.id=6 numa.node.id=0 process.instance.id=AGPEC3XNXZ2JBD3[2m2026-05-19T18:11:14.588Z[0m  [33mWARN [0m [1motap-df-core-nodes::traffic_generator.smooth_run_behind[0m: Data generator is falling behind and didn't finish the current run. For highest possible throughput, use production_mode: open [remaining=12, remaining_items=12000][35m entity/node.attrs: node.id=receiver node.urn=urn:otel:receiver:traffic_generator node.type=receiver pipeline.id=main pipeline.group.id=default deployment.generation=0 core.id=2 numa.node.id=0 process.instance.id=AGPEC3XNXZ2JBD3[2m2026-05-19T18:11:14.716Z[0m  [33mWARN [0m [1motap-df-core-nodes::traffic_generator.smooth_run_behind[0m: Data generator is falling behind and didn't finish the current run. For highest possible throughput, use production_mode: open [remaining=12, remaining_items=12000][35m entity/node.attrs: node.id=receiver node.urn=urn:otel:receiver:traffic_generator node.type=receiver pipeline.id=main pipeline.group.id=default deployment.generation=0 core.id=8 numa.node.id=0 process.instance.id=AGPEC3XNXZ2JBD3[2m2026-05-19T18:11:14.830Z[0m  [33mWARN [0m [1motap-df-core-nodes::traffic_generator.smooth_run_behind[0m: Data generator is falling behind and didn't finish the current run. For highest possible throughput, use production_mode: open [remaining=23, remaining_items=23000][35m entity/node.attrs: node.id=receiver node.urn=urn:otel:receiver:traffic_generator node.type=receiver pipeline.id=main pipeline.group.id=default deployment.generation=0 core.id=9 numa.node.id=0 process.instance.id=AGPEC3XNXZ2JBD3[2m2026-05-19T18:11:14.943Z[0m  [33mWARN [0m [1motap-df-core-nodes::traffic_generator.smooth_run_behind[0m: Data generator is falling behind and didn't finish the current run. For highest possible throughput, use production_mode: open [remaining=22, remaining_items=22000][35m entity/node.attrs: node.id=receiver node.urn=urn:otel:receiver:traffic_generator node.type=receiver pipeline.id=main pipeline.group.id=default deployment.generation=0 core.id=6 numa.node.id=0 process.instance.id=AGPEC3XNXZ2JBD3[2m2026-05-19T18:11:15.558Z[0m  [33mWARN [0m [1motap-df-core-nodes::traffic_generator.smooth_run_behind[0m: Data generator is falling behind and didn't finish the current run. For highest possible throughput, use production_mode: open [remaining=12, remaining_items=12000][35m entity/node.attrs: node.id=receiver node.urn=urn:otel:receiver:traffic_generator node.type=receiver pipeline.id=main pipeline.group.id=default deployment.generation=0 core.id=4 numa.node.id=0 process.instance.id=AGPEC3XNXZ2JBD3[2m2026-05-19T18:11:15.588Z[0m  [33mWARN [0m [1motap-df-core-nodes::traffic_generator.smooth_run_behind[0m: Data generator is falling behind and didn't finish the current run. For highest possible throughput, use production_mode: open [remaining=23, remaining_items=23000][35m entity/node.attrs: node.id=receiver node.urn=urn:otel:receiver:traffic_generator node.type=receiver pipeline.id=main pipeline.group.id=default deployment.generation=0 core.id=2 numa.node.id=0 process.instance.id=AGPEC3XNXZ2JBD3[2m2026-05-19T18:11:15.717Z[0m  [33mWARN [0m [1motap-df-core-nodes::traffic_generator.smooth_run_behind[0m: Data generator is falling behind and didn't finish the current run. For highest possible throughput, use production_mode: open [remaining=22, remaining_items=22000][35m entity/node.attrs: node.id=receiver node.urn=urn:otel:receiver:traffic_generator node.type=receiver pipeline.id=main pipeline.group.id=default deployment.generation=0 core.id=8 numa.node.id=0 process.instance.id=AGPEC3XNXZ2JBD3[2m2026-05-19T18:11:15.791Z[0m  [33mWARN [0m [1motap-df-core-nodes::traffic_generator.smooth_run_behind[0m: Data generator is falling behind and didn't finish the current run. For highest possible throughput, use production_mode: open [remaining=12, remaining_items=12000][35m entity/node.attrs: node.id=receiver node.urn=urn:otel:receiver:traffic_generator node.type=receiver pipeline.id=main pipeline.group.id=default deployment.generation=0 core.id=3 numa.node.id=0 process.instance.id=AGPEC3XNXZ2JBD3[2m2026-05-19T18:11:15.830Z[0m  [33mWARN [0m [1motap-df-core-nodes::traffic_generator.smooth_run_behind[0m: Data generator is falling behind and didn't finish the current run. For highest possible throughput, use production_mode: open [remaining=22, remaining_items=22000][35m entity/node.attrs: node.id=receiver node.urn=urn:otel:receiver:traffic_generator node.type=receiver pipeline.id=main pipeline.group.id=default deployment.generation=0 core.id=9 numa.node.id=0 process.instance.id=AGPEC3XNXZ2JBD3[2m2026-05-19T18:11:15.943Z[0m  [33mWARN [0m [1motap-df-core-nodes::traffic_generator.smooth_run_behind[0m: Data generator is falling behind and didn't finish the current run. For highest possible throughput, use production_mode: open [remaining=23, remaining_items=23000][35m entity/node.attrs: node.id=receiver node.urn=urn:otel:receiver:traffic_generator node.type=receiver pipeline.id=main pipeline.group.id=default deployment.generation=0 core.id=6 numa.node.id=0 process.instance.id=AGPEC3XNXZ2JBD3[2m2026-05-19T18:11:16.559Z[0m  [33mWARN [0m [1motap-df-core-nodes::traffic_generator.smooth_run_behind[0m: Data generator is falling behind and didn't finish the current run. For highest possible throughput, use production_mode: open [remaining=22, remaining_items=22000][35m entity/node.attrs: node.id=receiver node.urn=urn:otel:receiver:traffic_generator node.type=receiver pipeline.id=main pipeline.group.id=default deployment.generation=0 core.id=4 numa.node.id=0 process.instance.id=AGPEC3XNXZ2JBD3[2m2026-05-19T18:11:16.629Z[0m  [33mWARN [0m [1motap-df-core-nodes::traffic_generator.smooth_run_behind[0m: Data generator is falling behind and didn't finish the current run. For highest possible throughput, use production_mode: open [remaining=11, remaining_items=11000][35m entity/node.attrs: node.id=receiver node.urn=urn:otel:receiver:traffic_generator node.type=receiver pipeline.id=main pipeline.group.id=default deployment.generation=0 core.id=5 numa.node.id=0 process.instance.id=AGPEC3XNXZ2JBD3[2m2026-05-19T18:11:16.717Z[0m  [33mWARN [0m [1motap-df-core-nodes::traffic_generator.smooth_run_behind[0m: Data generator is falling behind and didn't finish the current run. For highest possible throughput, use production_mode: open [remaining=22, remaining_items=22000][35m entity/node.attrs: node.id=receiver node.urn=urn:otel:receiver:traffic_generator node.type=receiver pipeline.id=main pipeline.group.id=default deployment.generation=0 core.id=8 numa.node.id=0 process.instance.id=AGPEC3XNXZ2JBD3[2m2026-05-19T18:11:16.752Z[0m  [33mWARN [0m [1motap-df-core-nodes::traffic_generator.smooth_run_behind[0m: Data generator is falling behind and didn't finish the current run. For highest possible throughput, use production_mode: open [remaining=11, remaining_items=11000][35m entity/node.attrs: node.id=receiver node.urn=urn:otel:receiver:traffic_generator node.type=receiver pipeline.id=main pipeline.group.id=default deployment.generation=0 core.id=7 numa.node.id=0 process.instance.id=AGPEC3XNXZ2JBD3[2m2026-05-19T18:11:16.791Z[0m  [33mWARN [0m [1motap-df-core-nodes::traffic_generator.smooth_run_behind[0m: Data generator is falling behind and didn't finish the current run. For highest possible throughput, use production_mode: open [remaining=22, remaining_items=22000][35m entity/node.attrs: node.id=receiver node.urn=urn:otel:receiver:traffic_generator node.type=receiver pipeline.id=main pipeline.group.id=default deployment.generation=0 core.id=3 numa.node.id=0 process.instance.id=AGPEC3XNXZ2JBD3[2m2026-05-19T18:11:16.830Z[0m  [33mWARN [0m [1motap-df-core-nodes::traffic_generator.smooth_run_behind[0m: Data generator is falling behind and didn't finish the current run. For highest possible throughput, use production_mode: open [remaining=22, remaining_items=22000][35m entity/node.attrs: node.id=receiver node.urn=urn:otel:receiver:traffic_generator node.type=receiver pipeline.id=main pipeline.group.id=default deployment.generation=0 core.id=9 numa.node.id=0 process.instance.id=AGPEC3XNXZ2JBD3[2m2026-05-19T18:11:17.559Z[0m  [33mWARN [0m [1motap-df-core-nodes::traffic_generator.smooth_run_behind[0m: Data generator is falling behind and didn't finish the current run. For highest possible throughput, use production_mode: open [remaining=22, remaining_items=22000][35m entity/node.attrs: node.id=receiver node.urn=urn:otel:receiver:traffic_generator node.type=receiver pipeline.id=main pipeline.group.id=default deployment.generation=0 core.id=4 numa.node.id=0 process.instance.id=AGPEC3XNXZ2JBD3[2m2026-05-19T18:11:17.629Z[0m  [33mWARN [0m [1motap-df-core-nodes::traffic_generator.smooth_run_behind[0m: Data generator is falling behind and didn't finish the current run. For highest possible throughput, use production_mode: open [remaining=22, remaining_items=22000][35m entity/node.attrs: node.id=receiver node.urn=urn:otel:receiver:traffic_generator node.type=receiver pipeline.id=main pipeline.group.id=default deployment.generation=0 core.id=5 numa.node.id=0 process.instance.id=AGPEC3XNXZ2JBD3[2m2026-05-19T18:11:17.716Z[0m  [33mWARN [0m [1motap-df-core-nodes::traffic_generator.smooth_run_behind[0m: Data generator is falling behind and didn't finish the current run. For highest possible throughput, use production_mode: open [remaining=23, remaining_items=23000][35m entity/node.attrs: node.id=receiver node.urn=urn:otel:receiver:traffic_generator node.type=receiver pipeline.id=main pipeline.group.id=default deployment.generation=0 core.id=8 numa.node.id=0 process.instance.id=AGPEC3XNXZ2JBD3[2m2026-05-19T18:11:17.753Z[0m  [33mWARN [0m [1motap-df-core-nodes::traffic_generator.smooth_run_behind[0m: Data generator is falling behind and didn't finish the current run. For highest possible throughput, use production_mode: open [remaining=22, remaining_items=22000][35m entity/node.attrs: node.id=receiver node.urn=urn:otel:receiver:traffic_generator node.type=receiver pipeline.id=main pipeline.group.id=default deployment.generation=0 core.id=7 numa.node.id=0 process.instance.id=AGPEC3XNXZ2JBD3[2m2026-05-19T18:11:17.792Z[0m  [33mWARN [0m [1motap-df-core-nodes::traffic_generator.smooth_run_behind[0m: Data generator is falling behind and didn't finish the current run. For highest possible throughput, use production_mode: open [remaining=22, remaining_items=22000][35m entity/node.attrs: node.id=receiver node.urn=urn:otel:receiver:traffic_generator node.type=receiver pipeline.id=main pipeline.group.id=default deployment.generation=0 core.id=3 numa.node.id=0 process.instance.id=AGPEC3XNXZ2JBD3[2m2026-05-19T18:11:17.830Z[0m  [33mWARN [0m [1motap-df-core-nodes::traffic_generator.smooth_run_behind[0m: Data generator is falling behind and didn't finish the current run. For highest possible throughput, use production_mode: open [remaining=22, remaining_items=22000][35m entity/node.attrs: node.id=receiver node.urn=urn:otel:receiver:traffic_generator node.type=receiver pipeline.id=main pipeline.group.id=default deployment.generation=0 core.id=9 numa.node.id=0 process.instance.id=AGPEC3XNXZ2JBD3[2m2026-05-19T18:11:17.866Z[0m  [33mWARN [0m [1motap-df-core-nodes::traffic_generator.smooth_run_behind[0m: Data generator is falling behind and didn't finish the current run. For highest possible throughput, use production_mode: open [remaining=11, remaining_items=11000][35m entity/node.attrs: node.id=receiver node.urn=urn:otel:receiver:traffic_generator node.type=receiver pipeline.id=main pipeline.group.id=default deployment.generation=0 core.id=10 numa.node.id=0 process.instance.id=AGPEC3XNXZ2JBD[2m2026-05-19T18:11:17.907Z[0m  [33mWARN [0m [1motap-df-core-nodes::traffic_generator.smooth_run_behind[0m: Data generator is falling behind and didn't finish the current run. For highest possible throughput, use production_mode: open [remaining=11, remaining_items=11000][35m entity/node.attrs: node.id=receiver node.urn=urn:otel:receiver:traffic_generator node.type=receiver pipeline.id=main pipeline.group.id=default deployment.generation=0 core.id=11 numa.node.id=0 process.instance.id=AGPEC3XNXZ2JBD[2m2026-05-19T18:11:18.558Z[0m  [33mWARN [0m [1motap-df-core-nodes::traffic_generator.smooth_run_behind[0m: Data generator is falling behind and didn't finish the current run. For highest possible throughput, use production_mode: open [remaining=22, remaining_items=22000][35m entity/node.attrs: node.id=receiver node.urn=urn:otel:receiver:traffic_generator node.type=receiver pipeline.id=main pipeline.group.id=default deployment.generation=0 core.id=4 numa.node.id=0 process.instance.id=AGPEC3XNXZ2JBD3[2m2026-05-19T18:11:18.629Z[0m  [33mWARN [0m [1motap-df-core-nodes::traffic_generator.smooth_run_behind[0m: Data generator is falling behind and didn't finish the current run. For highest possible throughput, use production_mode: open [remaining=23, remaining_items=23000][35m entity/node.attrs: node.id=receiver node.urn=urn:otel:receiver:traffic_generator node.type=receiver pipeline.id=main pipeline.group.id=default deployment.generation=0 core.id=5 numa.node.id=0 process.instance.id=AGPEC3XNXZ2JBD3[2m2026-05-19T18:11:18.753Z[0m  [33mWARN [0m [1motap-df-core-nodes::traffic_generator.smooth_run_behind[0m: Data generator is falling behind and didn't finish the current run. For highest possible throughput, use production_mode: open [remaining=22, remaining_items=22000][35m entity/node.attrs: node.id=receiver node.urn=urn:otel:receiver:traffic_generator node.type=receiver pipeline.id=main pipeline.group.id=default deployment.generation=0 core.id=7 numa.node.id=0 process.instance.id=AGPEC3XNXZ2JBD3[2m2026-05-19T18:11:18.792Z[0m  [33mWARN [0m [1motap-df-core-nodes::traffic_generator.smooth_run_behind[0m: Data generator is falling behind and didn't finish the current run. For highest possible throughput, use production_mode: open [remaining=22, remaining_items=22000][35m entity/node.attrs: node.id=receiver node.urn=urn:otel:receiver:traffic_generator node.type=receiver pipeline.id=main pipeline.group.id=default deployment.generation=0 core.id=3 numa.node.id=0 process.instance.id=AGPEC3XNXZ2JBD3[2m2026-05-19T18:11:18.830Z[0m  [33mWARN [0m [1motap-df-core-nodes::traffic_generator.smooth_run_behind[0m: Data generator is falling behind and didn't finish the current run. For highest possible throughput, use production_mode: open [remaining=22, remaining_items=22000][35m entity/node.attrs: node.id=receiver node.urn=urn:otel:receiver:traffic_generator node.type=receiver pipeline.id=main pipeline.group.id=default deployment.generation=0 core.id=9 numa.node.id=0 process.instance.id=AGPEC3XNXZ2JBD3[2m2026-05-19T18:11:18.867Z[0m  [33mWARN [0m [1motap-df-core-nodes::traffic_generator.smooth_run_behind[0m: Data generator is falling behind and didn't finish the current run. For highest possible throughput, use production_mode: open [remaining=22, remaining_items=22000][35m entity/node.attrs: node.id=receiver node.urn=urn:otel:receiver:traffic_generator node.type=receiver pipeline.id=main pipeline.group.id=default deployment.generation=0 core.id=10 numa.node.id=0 process.instance.id=AGPEC3XNXZ2JBD[2m2026-05-19T18:11:19.559Z[0m  [33mWARN [0m [1motap-df-core-nodes::traffic_generator.smooth_run_behind[0m: Data generator is falling behind and didn't finish the current run. For highest possible throughput, use production_mode: open [remaining=21, remaining_items=21000][35m entity/node.attrs: node.id=receiver node.urn=urn:otel:receiver:traffic_generator node.type=receiver pipeline.id=main pipeline.group.id=default deployment.generation=0 core.id=4 numa.node.id=0 process.instance.id=AGPEC3XNXZ2JBD3[2m2026-05-19T18:11:19.587Z[0m  [33mWARN [0m [1motap-df-core-nodes::traffic_generator.smooth_run_behind[0m: Data generator is falling behind and didn't finish the current run. For highest possible throughput, use production_mode: open [remaining=11, remaining_items=11000][35m entity/node.attrs: node.id=receiver node.urn=urn:otel:receiver:traffic_generator node.type=receiver pipeline.id=main pipeline.group.id=default deployment.generation=0 core.id=2 numa.node.id=0 process.instance.id=AGPEC3XNXZ2JBD3[2m2026-05-19T18:11:19.629Z[0m  [33mWARN [0m [1motap-df-core-nodes::traffic_generator.smooth_run_behind[0m: Data generator is falling behind and didn't finish the current run. For highest possible throughput, use production_mode: open [remaining=22, remaining_items=22000][35m entity/node.attrs: node.id=receiver node.urn=urn:otel:receiver:traffic_generator node.type=receiver pipeline.id=main pipeline.group.id=default deployment.generation=0 core.id=5 numa.node.id=0 process.instance.id=AGPEC3XNXZ2JBD3[2m2026-05-19T18:11:19.753Z[0m  [33mWARN [0m [1motap-df-core-nodes::traffic_generator.smooth_run_behind[0m: Data generator is falling behind and didn't finish the current run. For highest possible throughput, use production_mode: open [remaining=22, remaining_items=22000][35m entity/node.attrs: node.id=receiver node.urn=urn:otel:receiver:traffic_generator node.type=receiver pipeline.id=main pipeline.group.id=default deployment.generation=0 core.id=7 numa.node.id=0 process.instance.id=AGPEC3XNXZ2JBD3[2m2026-05-19T18:11:19.792Z[0m  [33mWARN [0m [1motap-df-core-nodes::traffic_generator.smooth_run_behind[0m: Data generator is falling behind and didn't finish the current run. For highest possible throughput, use production_mode: open [remaining=22, remaining_items=22000][35m entity/node.attrs: node.id=receiver node.urn=urn:otel:receiver:traffic_generator node.type=receiver pipeline.id=main pipeline.group.id=default deployment.generation=0 core.id=3 numa.node.id=0 process.instance.id=AGPEC3XNXZ2JBD3[2m2026-05-19T18:11:19.830Z[0m  [33mWARN [0m [1motap-df-core-nodes::traffic_generator.smooth_run_behind[0m: Data generator is falling behind and didn't finish the current run. For highest possible throughput, use production_mode: open [remaining=22, remaining_items=22000][35m entity/node.attrs: node.id=receiver node.urn=urn:otel:receiver:traffic_generator node.type=receiver pipeline.id=main pipeline.group.id=default deployment.generation=0 core.id=9 numa.node.id=0 process.instance.id=AGPEC3XNXZ2JBD3[2m2026-05-19T18:11:19.867Z[0m  [33mWARN [0m [1motap-df-core-nodes::traffic_generator.smooth_run_behind[0m: Data generator is falling behind and didn't finish the current run. For highest possible throughput, use production_mode: open [remaining=22, remaining_items=22000][35m entity/node.attrs: node.id=receiver node.urn=urn:otel:receiver:traffic_generator node.type=receiver pipeline.id=main pipeline.group.id=default deployment.generation=0 core.id=10 numa.node.id=0 process.instance.id=AGPEC3XNXZ2JBD[2m2026-05-19T18:11:19.942Z[0m  [33mWARN [0m [1motap-df-core-nodes::traffic_generator.smooth_run_behind[0m: Data generator is falling behind and didn't finish the current run. For highest possible throughput, use production_mode: open [remaining=10, remaining_items=10000][35m entity/node.attrs: node.id=receiver node.urn=urn:otel:receiver:traffic_generator node.type=receiver pipeline.id=main pipeline.group.id=default deployment.generation=0 core.id=6 numa.node.id=0 process.instance.id=AGPEC3XNXZ2JBD3[2m2026-05-19T18:11:20.559Z[0m  [33mWARN [0m [1motap-df-core-nodes::traffic_generator.smooth_run_behind[0m: Data generator is falling behind and didn't finish the current run. For highest possible throughput, use production_mode: open [remaining=23, remaining_items=23000][35m entity/node.attrs: node.id=receiver node.urn=urn:otel:receiver:traffic_generator node.type=receiver pipeline.id=main pipeline.group.id=default deployment.generation=0 core.id=4 numa.node.id=0 process.instance.id=AGPEC3XNXZ2JBD3[2m2026-05-19T18:11:20.753Z[0m  [33mWARN [0m [1motap-df-core-nodes::traffic_generator.smooth_run_behind[0m: Data generator is falling behind and didn't finish the current run. For highest possible throughput, use production_mode: open [remaining=22, remaining_items=22000][35m entity/node.attrs: node.id=receiver node.urn=urn:otel:receiver:traffic_generator node.type=receiver pipeline.id=main pipeline.group.id=default deployment.generation=0 core.id=7 numa.node.id=0 process.instance.id=AGPEC3XNXZ2JBD3[2m2026-05-19T18:11:20.791Z[0m  [33mWARN [0m [1motap-df-core-nodes::traffic_generator.smooth_run_behind[0m: Data generator is falling behind and didn't finish the current run. For highest possible throughput, use production_mode: open [remaining=22, remaining_items=22000][35m entity/node.attrs: node.id=receiver node.urn=urn:otel:receiver:traffic_generator node.type=receiver pipeline.id=main pipeline.group.id=default deployment.generation=0 core.id=3 numa.node.id=0 process.instance.id=AGPEC3XNXZ2JBD3[2m2026-05-19T18:11:20.830Z[0m  [33mWARN [0m [1motap-df-core-nodes::traffic_generator.smooth_run_behind[0m: Data generator is falling behind and didn't finish the current run. For highest possible throughput, use production_mode: open [remaining=22, remaining_items=22000][35m entity/node.attrs: node.id=receiver node.urn=urn:otel:receiver:traffic_generator node.type=receiver pipeline.id=main pipeline.group.id=default deployment.generation=0 core.id=9 numa.node.id=0 process.instance.id=AGPEC3XNXZ2JBD3[2m2026-05-19T18:11:20.943Z[0m  [33mWARN [0m [1motap-df-core-nodes::traffic_generator.smooth_run_behind[0m: Data generator is falling behind and didn't finish the current run. For highest possible throughput, use production_mode: open [remaining=23, remaining_items=23000][35m entity/node.attrs: node.id=receiver node.urn=urn:otel:receiver:traffic_generator node.type=receiver pipeline.id=main pipeline.group.id=default deployment.generation=0 core.id=6 numa.node.id=0 process.instance.id=AGPEC3XNXZ2JBD3[2m2026-05-19T18:11:21.559Z[0m  [33mWARN [0m [1motap-df-core-nodes::traffic_generator.smooth_run_behind[0m: Data generator is falling behind and didn't finish the current run. For highest possible throughput, use production_mode: open [remaining=22, remaining_items=22000][35m entity/node.attrs: node.id=receiver node.urn=urn:otel:receiver:traffic_generator node.type=receiver pipeline.id=main pipeline.group.id=default deployment.generation=0 core.id=4 numa.node.id=0 process.instance.id=AGPEC3XNXZ2JBD3[2m2026-05-19T18:11:21.716Z[0m  [33mWARN [0m [1motap-df-core-nodes::traffic_generator.smooth_run_behind[0m: Data generator is falling behind and didn't finish the current run. For highest possible throughput, use production_mode: open [remaining=10, remaining_items=10000][35m entity/node.attrs: node.id=receiver node.urn=urn:otel:receiver:traffic_generator node.type=receiver pipeline.id=main pipeline.group.id=default deployment.generation=0 core.id=8 numa.node.id=0 process.instance.id=AGPEC3XNXZ2JBD3[2m2026-05-19T18:11:21.753Z[0m  [33mWARN [0m [1motap-df-core-nodes::traffic_generator.smooth_run_behind[0m: Data generator is falling behind and didn't finish the current run. For highest possible throughput, use production_mode: open [remaining=22, remaining_items=22000][35m entity/node.attrs: node.id=receiver node.urn=urn:otel:receiver:traffic_generator node.type=receiver pipeline.id=main pipeline.group.id=default deployment.generation=0 core.id=7 numa.node.id=0 process.instance.id=AGPEC3XNXZ2JBD3[2m2026-05-19T18:11:21.792Z[0m  [33mWARN [0m [1motap-df-core-nodes::traffic_generator.smooth_run_behind[0m: Data generator is falling behind and didn't finish the current run. For highest possible throughput, use production_mode: open [remaining=22, remaining_items=22000][35m entity/node.attrs: node.id=receiver node.urn=urn:otel:receiver:traffic_generator node.type=receiver pipeline.id=main pipeline.group.id=default deployment.generation=0 core.id=3 numa.node.id=0 process.instance.id=AGPEC3XNXZ2JBD3[2m2026-05-19T18:11:21.830Z[0m  [33mWARN [0m [1motap-df-core-nodes::traffic_generator.smooth_run_behind[0m: Data generator is falling behind and didn't finish the current run. For highest possible throughput, use production_mode: open [remaining=22, remaining_items=22000][35m entity/node.attrs: node.id=receiver node.urn=urn:otel:receiver:traffic_generator node.type=receiver pipeline.id=main pipeline.group.id=default deployment.generation=0 core.id=9 numa.node.id=0 process.instance.id=AGPEC3XNXZ2JBD3[2m2026-05-19T18:11:22.559Z[0m  [33mWARN [0m [1motap-df-core-nodes::traffic_generator.smooth_run_behind[0m: Data generator is falling behind and didn't finish the current run. For highest possible throughput, use production_mode: open [remaining=22, remaining_items=22000][35m entity/node.attrs: node.id=receiver node.urn=urn:otel:receiver:traffic_generator node.type=receiver pipeline.id=main pipeline.group.id=default deployment.generation=0 core.id=4 numa.node.id=0 process.instance.id=AGPEC3XNXZ2JBD3[2m2026-05-19T18:11:22.717Z[0m  [33mWARN [0m [1motap-df-core-nodes::traffic_generator.smooth_run_behind[0m: Data generator is falling behind and didn't finish the current run. For highest possible throughput, use production_mode: open [remaining=23, remaining_items=23000][35m entity/node.attrs: node.id=receiver node.urn=urn:otel:receiver:traffic_generator node.type=receiver pipeline.id=main pipeline.group.id=default deployment.generation=0 core.id=8 numa.node.id=0 process.instance.id=AGPEC3XNXZ2JBD3[2m2026-05-19T18:11:22.753Z[0m  [33mWARN [0m [1motap-df-core-nodes::traffic_generator.smooth_run_behind[0m: Data generator is falling behind and didn't finish the current run. For highest possible throughput, use production_mode: open [remaining=22, remaining_items=22000][35m entity/node.attrs: node.id=receiver node.urn=urn:otel:receiver:traffic_generator node.type=receiver pipeline.id=main pipeline.group.id=default deployment.generation=0 core.id=7 numa.node.id=0 process.instance.id=AGPEC3XNXZ2JBD3[2m2026-05-19T18:11:22.792Z[0m  [33mWARN [0m [1motap-df-core-nodes::traffic_generator.smooth_run_behind[0m: Data generator is falling behind and didn't finish the current run. For highest possible throughput, use production_mode: open [remaining=22, remaining_items=22000][35m entity/node.attrs: node.id=receiver node.urn=urn:otel:receiver:traffic_generator node.type=receiver pipeline.id=main pipeline.group.id=default deployment.generation=0 core.id=3 numa.node.id=0 process.instance.id=AGPEC3XNXZ2JBD3[2m2026-05-19T18:11:22.830Z[0m  [33mWARN [0m [1motap-df-core-nodes::traffic_generator.smooth_run_behind[0m: Data generator is falling behind and didn't finish the current run. For highest possible throughput, use production_mode: open [remaining=22, remaining_items=22000][35m entity/node.attrs: node.id=receiver node.urn=urn:otel:receiver:traffic_generator node.type=receiver pipeline.id=main pipeline.group.id=default deployment.generation=0 core.id=9 numa.node.id=0 process.instance.id=AGPEC3XNXZ2JBD3[2m2026-05-19T18:11:22.908Z[0m  [33mWARN [0m [1motap-df-core-nodes::traffic_generator.smooth_run_behind[0m: Data generator is falling behind and didn't finish the current run. For highest possible throughput, use production_mode: open [remaining=21, remaining_items=21000][35m entity/node.attrs: node.id=receiver node.urn=urn:otel:receiver:traffic_generator node.type=receiver pipeline.id=main pipeline.group.id=default deployment.generation=0 core.id=11 numa.node.id=0 process.instance.id=AGPEC3XNXZ2JBD[2m2026-05-19T18:11:23.559Z[0m  [33mWARN [0m [1motap-df-core-nodes::traffic_generator.smooth_run_behind[0m: Data generator is falling behind and didn't finish the current run. For highest possible throughput, use production_mode: open [remaining=22, remaining_items=22000][35m entity/node.attrs: node.id=receiver node.urn=urn:otel:receiver:traffic_generator node.type=receiver pipeline.id=main pipeline.group.id=default deployment.generation=0 core.id=4 numa.node.id=0 process.instance.id=AGPEC3XNXZ2JBD3[2m2026-05-19T18:11:23.629Z[0m  [33mWARN [0m [1motap-df-core-nodes::traffic_generator.smooth_run_behind[0m: Data generator is falling behind and didn't finish the current run. For highest possible throughput, use production_mode: open [remaining=10, remaining_items=10000][35m entity/node.attrs: node.id=receiver node.urn=urn:otel:receiver:traffic_generator node.type=receiver pipeline.id=main pipeline.group.id=default deployment.generation=0 core.id=5 numa.node.id=0 process.instance.id=AGPEC3XNXZ2JBD3[2m2026-05-19T18:11:23.753Z[0m  [33mWARN [0m [1motap-df-core-nodes::traffic_generator.smooth_run_behind[0m: Data generator is falling behind and didn't finish the current run. For highest possible throughput, use production_mode: open [remaining=23, remaining_items=23000][35m entity/node.attrs: node.id=receiver node.urn=urn:otel:receiver:traffic_generator node.type=receiver pipeline.id=main pipeline.group.id=default deployment.generation=0 core.id=7 numa.node.id=0 process.instance.id=AGPEC3XNXZ2JBD3[2m2026-05-19T18:11:23.791Z[0m  [33mWARN [0m [1motap-df-core-nodes::traffic_generator.smooth_run_behind[0m: Data generator is falling behind and didn't finish the current run. For highest possible throughput, use production_mode: open [remaining=23, remaining_items=23000][35m entity/node.attrs: node.id=receiver node.urn=urn:otel:receiver:traffic_generator node.type=receiver pipeline.id=main pipeline.group.id=default deployment.generation=0 core.id=3 numa.node.id=0 process.instance.id=AGPEC3XNXZ2JBD3[2m2026-05-19T18:11:23.830Z[0m  [33mWARN [0m [1motap-df-core-nodes::traffic_generator.smooth_run_behind[0m: Data generator is falling behind and didn't finish the current run. For highest possible throughput, use production_mode: open [remaining=23, remaining_items=23000][35m entity/node.attrs: node.id=receiver node.urn=urn:otel:receiver:traffic_generator node.type=receiver pipeline.id=main pipeline.group.id=default deployment.generation=0 core.id=9 numa.node.id=0 process.instance.id=AGPEC3XNXZ2JBD3[2m2026-05-19T18:11:23.866Z[0m  [33mWARN [0m [1motap-df-core-nodes::traffic_generator.smooth_run_behind[0m: Data generator is falling behind and didn't finish the current run. For highest possible throughput, use production_mode: open [remaining=14, remaining_items=14000][35m entity/node.attrs: node.id=receiver node.urn=urn:otel:receiver:traffic_generator node.type=receiver pipeline.id=main pipeline.group.id=default deployment.generation=0 core.id=10 numa.node.id=0 process.instance.id=AGPEC3XNXZ2JBD[2m2026-05-19T18:11:23.907Z[0m  [33mWARN [0m [1motap-df-core-nodes::traffic_generator.smooth_run_behind[0m: Data generator is falling behind and didn't finish the current run. For highest possible throughput, use production_mode: open [remaining=23, remaining_items=23000][35m entity/node.attrs: node.id=receiver node.urn=urn:otel:receiver:traffic_generator node.type=receiver pipeline.id=main pipeline.group.id=default deployment.generation=0 core.id=11 numa.node.id=0 process.instance.id=AGPEC3XNXZ2JBD[2m2026-05-19T18:11:24.559Z[0m  [33mWARN [0m [1motap-df-core-nodes::traffic_generator.smooth_run_behind[0m: Data generator is falling behind and didn't finish the current run. For highest possible throughput, use production_mode: open [remaining=23, remaining_items=23000][35m entity/node.attrs: node.id=receiver node.urn=urn:otel:receiver:traffic_generator node.type=receiver pipeline.id=main pipeline.group.id=default deployment.generation=0 core.id=4 numa.node.id=0 process.instance.id=AGPEC3XNXZ2JBD3[2m2026-05-19T18:11:24.588Z[0m  [33mWARN [0m [1motap-df-core-nodes::traffic_generator.smooth_run_behind[0m: Data generator is falling behind and didn't finish the current run. For highest possible throughput, use production_mode: open [remaining=22, remaining_items=22000][35m entity/node.attrs: node.id=receiver node.urn=urn:otel:receiver:traffic_generator node.type=receiver pipeline.id=main pipeline.group.id=default deployment.generation=0 core.id=2 numa.node.id=0 process.instance.id=AGPEC3XNXZ2JBD3[2m2026-05-19T18:11:24.629Z[0m  [33mWARN [0m [1motap-df-core-nodes::traffic_generator.smooth_run_behind[0m: Data generator is falling behind and didn't finish the current run. For highest possible throughput, use production_mode: open [remaining=23, remaining_items=23000][35m entity/node.attrs: node.id=receiver node.urn=urn:otel:receiver:traffic_generator node.type=receiver pipeline.id=main pipeline.group.id=default deployment.generation=0 core.id=5 numa.node.id=0 process.instance.id=AGPEC3XNXZ2JBD3[2m2026-05-19T18:11:24.752Z[0m  [33mWARN [0m [1motap-df-core-nodes::traffic_generator.smooth_run_behind[0m: Data generator is falling behind and didn't finish the current run. For highest possible throughput, use production_mode: open [remaining=22, remaining_items=22000][35m entity/node.attrs: node.id=receiver node.urn=urn:otel:receiver:traffic_generator node.type=receiver pipeline.id=main pipeline.group.id=default deployment.generation=0 core.id=7 numa.node.id=0 process.instance.id=AGPEC3XNXZ2JBD3[2m2026-05-19T18:11:24.791Z[0m  [33mWARN [0m [1motap-df-core-nodes::traffic_generator.smooth_run_behind[0m: Data generator is falling behind and didn't finish the current run. For highest possible throughput, use production_mode: open [remaining=22, remaining_items=22000][35m entity/node.attrs: node.id=receiver node.urn=urn:otel:receiver:traffic_generator node.type=receiver pipeline.id=main pipeline.group.id=default deployment.generation=0 core.id=3 numa.node.id=0 process.instance.id=AGPEC3XNXZ2JBD3[2m2026-05-19T18:11:24.830Z[0m  [33mWARN [0m [1motap-df-core-nodes::traffic_generator.smooth_run_behind[0m: Data generator is falling behind and didn't finish the current run. For highest possible throughput, use production_mode: open [remaining=22, remaining_items=22000][35m entity/node.attrs: node.id=receiver node.urn=urn:otel:receiver:traffic_generator node.type=receiver pipeline.id=main pipeline.group.id=default deployment.generation=0 core.id=9 numa.node.id=0 process.instance.id=AGPEC3XNXZ2JBD3[2m2026-05-19T18:11:24.908Z[0m  [33mWARN [0m [1motap-df-core-nodes::traffic_generator.smooth_run_behind[0m: Data generator is falling behind and didn't finish the current run. For highest possible throughput, use production_mode: open [remaining=22, remaining_items=22000][35m entity/node.attrs: node.id=receiver node.urn=urn:otel:receiver:traffic_generator node.type=receiver pipeline.id=main pipeline.group.id=default deployment.generation=0 core.id=11 numa.node.id=0 process.instance.id=AGPEC3XNXZ2JBD[2m2026-05-19T18:11:24.942Z[0m  [33mWARN [0m [1motap-df-core-nodes::traffic_generator.smooth_run_behind[0m: Data generator is falling behind and didn't finish the current run. For highest possible throughput, use production_mode: open [remaining=12, remaining_items=12000][35m entity/node.attrs: node.id=receiver node.urn=urn:otel:receiver:traffic_generator node.type=receiver pipeline.id=main pipeline.group.id=default deployment.generation=0 core.id=6 numa.node.id=0 process.instance.id=AGPEC3XNXZ2JBD3[2m2026-05-19T18:11:25.559Z[0m  [33mWARN [0m [1motap-df-core-nodes::traffic_generator.smooth_run_behind[0m: Data generator is falling behind and didn't finish the current run. For highest possible throughput, use production_mode: open [remaining=23, remaining_items=23000][35m entity/node.attrs: node.id=receiver node.urn=urn:otel:receiver:traffic_generator node.type=receiver pipeline.id=main pipeline.group.id=default deployment.generation=0 core.id=4 numa.node.id=0 process.instance.id=AGPEC3XNXZ2JBD3[2m2026-05-19T18:11:25.588Z[0m  [33mWARN [0m [1motap-df-core-nodes::traffic_generator.smooth_run_behind[0m: Data generator is falling behind and didn't finish the current run. For highest possible throughput, use production_mode: open [remaining=22, remaining_items=22000][35m entity/node.attrs: node.id=receiver node.urn=urn:otel:receiver:traffic_generator node.type=receiver pipeline.id=main pipeline.group.id=default deployment.generation=0 core.id=2 numa.node.id=0 process.instance.id=AGPEC3XNXZ2JBD3[2m2026-05-19T18:11:25.753Z[0m  [33mWARN [0m [1motap-df-core-nodes::traffic_generator.smooth_run_behind[0m: Data generator is falling behind and didn't finish the current run. For highest possible throughput, use production_mode: open [remaining=23, remaining_items=23000][35m entity/node.attrs: node.id=receiver node.urn=urn:otel:receiver:traffic_generator node.type=receiver pipeline.id=main pipeline.group.id=default deployment.generation=0 core.id=7 numa.node.id=0 process.instance.id=AGPEC3XNXZ2JBD3[2m2026-05-19T18:11:25.792Z[0m  [33mWARN [0m [1motap-df-core-nodes::traffic_generator.smooth_run_behind[0m: Data generator is falling behind and didn't finish the current run. For highest possible throughput, use production_mode: open [remaining=23, remaining_items=23000][35m entity/node.attrs: node.id=receiver node.urn=urn:otel:receiver:traffic_generator node.type=receiver pipeline.id=main pipeline.group.id=default deployment.generation=0 core.id=3 numa.node.id=0 process.instance.id=AGPEC3XNXZ2JBD3[2m2026-05-19T18:11:25.830Z[0m  [33mWARN [0m [1motap-df-core-nodes::traffic_generator.smooth_run_behind[0m: Data generator is falling behind and didn't finish the current run. For highest possible throughput, use production_mode: open [remaining=22, remaining_items=22000][35m entity/node.attrs: node.id=receiver node.urn=urn:otel:receiver:traffic_generator node.type=receiver pipeline.id=main pipeline.group.id=default deployment.generation=0 core.id=9 numa.node.id=0 process.instance.id=AGPEC3XNXZ2JBD3[2m2026-05-19T18:11:25.907Z[0m  [33mWARN [0m [1motap-df-core-nodes::traffic_generator.smooth_run_behind[0m: Data generator is falling behind and didn't finish the current run. For highest possible throughput, use production_mode: open [remaining=23, remaining_items=23000][35m entity/node.attrs: node.id=receiver node.urn=urn:otel:receiver:traffic_generator node.type=receiver pipeline.id=main pipeline.group.id=default deployment.generation=0 core.id=11 numa.node.id=0 process.instance.id=AGPEC3XNXZ2JBD[2m2026-05-19T18:11:25.943Z[0m  [33mWARN [0m [1motap-df-core-nodes::traffic_generator.smooth_run_behind[0m: Data generator is falling behind and didn't finish the current run. For highest possible throughput, use production_mode: open [remaining=22, remaining_items=22000][35m entity/node.attrs: node.id=receiver node.urn=urn:otel:receiver:traffic_generator node.type=receiver pipeline.id=main pipeline.group.id=default deployment.generation=0 core.id=6 numa.node.id=0 process.instance.id=AGPEC3XNXZ2JBD3[2m2026-05-19T18:11:26.559Z[0m  [33mWARN [0m [1motap-df-core-nodes::traffic_generator.smooth_run_behind[0m: Data generator is falling behind and didn't finish the current run. For highest possible throughput, use production_mode: open [remaining=22, remaining_items=22000][35m entity/node.attrs: node.id=receiver node.urn=urn:otel:receiver:traffic_generator node.type=receiver pipeline.id=main pipeline.group.id=default deployment.generation=0 core.id=4 numa.node.id=0 process.instance.id=AGPEC3XNXZ2JBD3[2m2026-05-19T18:11:26.589Z[0m  [33mWARN [0m [1motap-df-core-nodes::traffic_generator.smooth_run_behind[0m: Data generator is falling behind and didn't finish the current run. For highest possible throughput, use production_mode: open [remaining=23, remaining_items=23000][35m entity/node.attrs: node.id=receiver node.urn=urn:otel:receiver:traffic_generator node.type=receiver pipeline.id=main pipeline.group.id=default deployment.generation=0 core.id=2 numa.node.id=0 process.instance.id=AGPEC3XNXZ2JBD3[2m2026-05-19T18:11:26.716Z[0m  [33mWARN [0m [1motap-df-core-nodes::traffic_generator.smooth_run_behind[0m: Data generator is falling behind and didn't finish the current run. For highest possible throughput, use production_mode: open [remaining=13, remaining_items=13000][35m entity/node.attrs: node.id=receiver node.urn=urn:otel:receiver:traffic_generator node.type=receiver pipeline.id=main pipeline.group.id=default deployment.generation=0 core.id=8 numa.node.id=0 process.instance.id=AGPEC3XNXZ2JBD3[2m2026-05-19T18:11:26.753Z[0m  [33mWARN [0m [1motap-df-core-nodes::traffic_generator.smooth_run_behind[0m: Data generator is falling behind and didn't finish the current run. For highest possible throughput, use production_mode: open [remaining=23, remaining_items=23000][35m entity/node.attrs: node.id=receiver node.urn=urn:otel:receiver:traffic_generator node.type=receiver pipeline.id=main pipeline.group.id=default deployment.generation=0 core.id=7 numa.node.id=0 process.instance.id=AGPEC3XNXZ2JBD3[2m2026-05-19T18:11:26.830Z[0m  [33mWARN [0m [1motap-df-core-nodes::traffic_generator.smooth_run_behind[0m: Data generator is falling behind and didn't finish the current run. For highest possible throughput, use production_mode: open [remaining=23, remaining_items=23000][35m entity/node.attrs: node.id=receiver node.urn=urn:otel:receiver:traffic_generator node.type=receiver pipeline.id=main pipeline.group.id=default deployment.generation=0 core.id=9 numa.node.id=0 process.instance.id=AGPEC3XNXZ2JBD3[2m2026-05-19T18:11:26.943Z[0m  [33mWARN [0m [1motap-df-core-nodes::traffic_generator.smooth_run_behind[0m: Data generator is falling behind and didn't finish the current run. For highest possible throughput, use production_mode: open [remaining=23, remaining_items=23000][35m entity/node.attrs: node.id=receiver node.urn=urn:otel:receiver:traffic_generator node.type=receiver pipeline.id=main pipeline.group.id=default deployment.generation=0 core.id=6 numa.node.id=0 process.instance.id=AGPEC3XNXZ2JBD3[2m2026-05-19T18:11:27.559Z[0m  [33mWARN [0m [1motap-df-core-nodes::traffic_generator.smooth_run_behind[0m: Data generator is falling behind and didn't finish the current run. For highest possible throughput, use production_mode: open [remaining=22, remaining_items=22000][35m entity/node.attrs: node.id=receiver node.urn=urn:otel:receiver:traffic_generator node.type=receiver pipeline.id=main pipeline.group.id=default deployment.generation=0 core.id=4 numa.node.id=0 process.instance.id=AGPEC3XNXZ2JBD3[2m2026-05-19T18:11:27.588Z[0m  [33mWARN [0m [1motap-df-core-nodes::traffic_generator.smooth_run_behind[0m: Data generator is falling behind and didn't finish the current run. For highest possible throughput, use production_mode: open [remaining=22, remaining_items=22000][35m entity/node.attrs: node.id=receiver node.urn=urn:otel:receiver:traffic_generator node.type=receiver pipeline.id=main pipeline.group.id=default deployment.generation=0 core.id=2 numa.node.id=0 process.instance.id=AGPEC3XNXZ2JBD3[2m2026-05-19T18:11:27.717Z[0m  [33mWARN [0m [1motap-df-core-nodes::traffic_generator.smooth_run_behind[0m: Data generator is falling behind and didn't finish the current run. For highest possible throughput, use production_mode: open [remaining=22, remaining_items=22000][35m entity/node.attrs: node.id=receiver node.urn=urn:otel:receiver:traffic_generator node.type=receiver pipeline.id=main pipeline.group.id=default deployment.generation=0 core.id=8 numa.node.id=0 process.instance.id=AGPEC3XNXZ2JBD3[2m2026-05-19T18:11:30.387Z[0m  [32mINFO [0m [1motap-df-admin::shutdown.requested[0m: [wait=true, timeout_secs=5][35m[0m
[2m2026-05-19T18:11:30.387Z[0m  [32mINFO [0m [1motap-df-admin::shutdown.blocking_wait[0m: [timeout_secs=5][35m[0m
[2m2026-05-19T18:11:30.387Z[0m  [32mINFO [0m [1motap-df-state::state.observed_event[0m: global shutdown [pipeline_group_id=default, pipeline_id=main, core_id=2, event_type=ShutdownRequested][35m[0m
[2m2026-05-19T18:11:30.387Z[0m  [32mINFO [0m [1motap-df-state::state.observed_event[0m: global shutdown [pipeline_group_id=default, pipeline_id=main, core_id=3, event_type=ShutdownRequested][35m[0m
[2m2026-05-19T18:11:30.387Z[0m  [32mINFO [0m [1motap-df-state::state.observed_event[0m: global shutdown [pipeline_group_id=default, pipeline_id=main, core_id=4, event_type=ShutdownRequested][35m[0m
[2m2026-05-19T18:11:30.387Z[0m  [32mINFO [0m [1motap-df-state::state.observed_event[0m: global shutdown [pipeline_group_id=default, pipeline_id=main, core_id=5, event_type=ShutdownRequested][35m[0m
[2m2026-05-19T18:11:30.387Z[0m  [32mINFO [0m [1motap-df-state::state.observed_event[0m: global shutdown [pipeline_group_id=default, pipeline_id=main, core_id=7, event_type=ShutdownRequested][35m[0m
[2m2026-05-19T18:11:30.387Z[0m  [32mINFO [0m [1motap-df-state::state.observed_event[0m: global shutdown [pipeline_group_id=default, pipeline_id=main, core_id=10, event_type=ShutdownRequested][35m[0m
[2m2026-05-19T18:11:30.387Z[0m  [32mINFO [0m [1motap-df-state::state.observed_event[0m: global shutdown [pipeline_group_id=default, pipeline_id=main, core_id=6, event_type=ShutdownRequested][35m[0m
[2m2026-05-19T18:11:30.387Z[0m  [32mINFO [0m [1motap-df-state::state.observed_event[0m: global shutdown [pipeline_group_id=default, pipeline_id=main, core_id=8, event_type=ShutdownRequested][35m[0m
[2m2026-05-19T18:11:30.387Z[0m  [32mINFO [0m [1motap-df-state::state.observed_event[0m: global shutdown [pipeline_group_id=default, pipeline_id=main, core_id=11, event_type=ShutdownRequested][35m[0m
[2m2026-05-19T18:11:30.387Z[0m  [32mINFO [0m [1motap-df-state::state.observed_event[0m: global shutdown [pipeline_group_id=default, pipeline_id=main, core_id=9, event_type=ShutdownRequested][35m[0m
[2m2026-05-19T18:11:30.387Z[0m  [32mINFO [0m [1motap-df-core-nodes::traffic_generator.drain_ingress[0m[35m entity/node.attrs: node.id=receiver node.urn=urn:otel:receiver:traffic_generator node.type=receiver pipeline.id=main pipeline.group.id=default deployment.generation=0 core.id=4 numa.node.id=0 process.instance.id=AGPEC3XNXZ2JBD3EUQYBCKJ5SU host.id=7e0521fd8273 container.id=[0m
[2m2026-05-19T18:11:30.387Z[0m  [32mINFO [0m [1motap-df-core-nodes::traffic_generator.drain_ingress[0m[35m entity/node.attrs: node.id=receiver node.urn=urn:otel:receiver:traffic_generator node.type=receiver pipeline.id=main pipeline.group.id=default deployment.generation=0 core.id=2 numa.node.id=0 process.instance.id=AGPEC3XNXZ2JBD3EUQYBCKJ5SU host.id=7e0521fd8273 container.id=[0m
[2m2026-05-19T18:11:30.387Z[0m  [32mINFO [0m [1motap-df-core-nodes::traffic_generator.drain_ingress[0m[35m entity/node.attrs: node.id=receiver node.urn=urn:otel:receiver:traffic_generator node.type=receiver pipeline.id=main pipeline.group.id=default deployment.generation=0 core.id=3 numa.node.id=0 process.instance.id=AGPEC3XNXZ2JBD3EUQYBCKJ5SU host.id=7e0521fd8273 container.id=[0m
[2m2026-05-19T18:11:30.387Z[0m  [32mINFO [0m [1motap-df-core-nodes::traffic_generator.drain_ingress[0m[35m entity/node.attrs: node.id=receiver node.urn=urn:otel:receiver:traffic_generator node.type=receiver pipeline.id=main pipeline.group.id=default deployment.generation=0 core.id=10 numa.node.id=0 process.instance.id=AGPEC3XNXZ2JBD3EUQYBCKJ5SU host.id=7e0521fd8273 container.id=[0m
[2m2026-05-19T18:11:30.387Z[0m  [32mINFO [0m [1motap-df-core-nodes::traffic_generator.drain_ingress[0m[35m entity/node.attrs: node.id=receiver node.urn=urn:otel:receiver:traffic_generator node.type=receiver pipeline.id=main pipeline.group.id=default deployment.generation=0 core.id=5 numa.node.id=0 process.instance.id=AGPEC3XNXZ2JBD3EUQYBCKJ5SU host.id=7e0521fd8273 container.id=[0m
[2m2026-05-19T18:11:30.387Z[0m  [32mINFO [0m [1motap-df-core-nodes::traffic_generator.drain_ingress[0m[35m entity/node.attrs: node.id=receiver node.urn=urn:otel:receiver:traffic_generator node.type=receiver pipeline.id=main pipeline.group.id=default deployment.generation=0 core.id=7 numa.node.id=0 process.instance.id=AGPEC3XNXZ2JBD3EUQYBCKJ5SU host.id=7e0521fd8273 container.id=[0m
[2m2026-05-19T18:11:30.387Z[0m  [32mINFO [0m [1motap-df-core-nodes::traffic_generator.drain_ingress[0m[35m entity/node.attrs: node.id=receiver node.urn=urn:otel:receiver:traffic_generator node.type=receiver pipeline.id=main pipeline.group.id=default deployment.generation=0 core.id=8 numa.node.id=0 process.instance.id=AGPEC3XNXZ2JBD3EUQYBCKJ5SU host.id=7e0521fd8273 container.id=[0m
[2m2026-05-19T18:11:30.387Z[0m  [32mINFO [0m [1motap-df-core-nodes::traffic_generator.drain_ingress[0m[35m entity/node.attrs: node.id=receiver node.urn=urn:otel:receiver:traffic_generator node.type=receiver pipeline.id=main pipeline.group.id=default deployment.generation=0 core.id=11 numa.node.id=0 process.instance.id=AGPEC3XNXZ2JBD3EUQYBCKJ5SU host.id=7e0521fd8273 container.id=[0m
[2m2026-05-19T18:11:30.387Z[0m  [32mINFO [0m [1motap-df-core-nodes::traffic_generator.drain_ingress[0m[35m entity/node.attrs: node.id=receiver node.urn=urn:otel:receiver:traffic_generator node.type=receiver pipeline.id=main pipeline.group.id=default deployment.generation=0 core.id=6 numa.node.id=0 process.instance.id=AGPEC3XNXZ2JBD3EUQYBCKJ5SU host.id=7e0521fd8273 container.id=[0m
[2m2026-05-19T18:11:30.387Z[0m  [32mINFO [0m [1motap-df-core-nodes::traffic_generator.drain_ingress[0m[35m entity/node.attrs: node.id=receiver node.urn=urn:otel:receiver:traffic_generator node.type=receiver pipeline.id=main pipeline.group.id=default deployment.generation=0 core.id=9 numa.node.id=0 process.instance.id=AGPEC3XNXZ2JBD3EUQYBCKJ5SU host.id=7e0521fd8273 container.id=[0m
[2m2026-05-19T18:11:31.185Z[0m  [32mINFO [0m [1motap-df-core-nodes::otlp.exporter.http.shutdown[0m: [reason=global shutdown][35m entity/node.attrs: node.id=exporter node.urn=urn:otel:exporter:otlp_http node.type=exporter pipeline.id=main pipeline.group.id=default deployment.generation=0 core.id=5 numa.node.id=0 process.instance.id=AGPEC3XNXZ2JBD3EUQYBCKJ5SU host.id=7e0521fd8273 container.id=[0m
[2m2026-05-19T18:11:31.422Z[0m  [32mINFO [0m [1motap-df-core-nodes::otlp.exporter.http.shutdown[0m: [reason=global shutdown][35m entity/node.attrs: node.id=exporter node.urn=urn:otel:exporter:otlp_http node.type=exporter pipeline.id=main pipeline.group.id=default deployment.generation=0 core.id=8 numa.node.id=0 process.instance.id=AGPEC3XNXZ2JBD3EUQYBCKJ5SU host.id=7e0521fd8273 container.id=[0m
[2m2026-05-19T18:11:31.658Z[0m  [32mINFO [0m [1motap-df-core-nodes::otlp.exporter.http.shutdown[0m: [reason=global shutdown][35m entity/node.attrs: node.id=exporter node.urn=urn:otel:exporter:otlp_http node.type=exporter pipeline.id=main pipeline.group.id=default deployment.generation=0 core.id=9 numa.node.id=0 process.instance.id=AGPEC3XNXZ2JBD3EUQYBCKJ5SU host.id=7e0521fd8273 container.id=[0m
[2m2026-05-19T18:11:31.667Z[0m  [32mINFO [0m [1motap-df-core-nodes::otlp.exporter.http.shutdown[0m: [reason=global shutdown][35m entity/node.attrs: node.id=exporter node.urn=urn:otel:exporter:otlp_http node.type=exporter pipeline.id=main pipeline.group.id=default deployment.generation=0 core.id=11 numa.node.id=0 process.instance.id=AGPEC3XNXZ2JBD3EUQYBCKJ5SU host.id=7e0521fd8273 container.id=[0m
[2m2026-05-19T18:11:31.671Z[0m  [32mINFO [0m [1motap-df-core-nodes::otlp.exporter.http.shutdown[0m: [reason=global shutdown][35m entity/node.attrs: node.id=exporter node.urn=urn:otel:exporter:otlp_http node.type=exporter pipeline.id=main pipeline.group.id=default deployment.generation=0 core.id=4 numa.node.id=0 process.instance.id=AGPEC3XNXZ2JBD3EUQYBCKJ5SU host.id=7e0521fd8273 container.id=[0m
[2m2026-05-19T18:11:31.674Z[0m  [32mINFO [0m [1motap-df-core-nodes::otlp.exporter.http.shutdown[0m: [reason=global shutdown][35m entity/node.attrs: node.id=exporter node.urn=urn:otel:exporter:otlp_http node.type=exporter pipeline.id=main pipeline.group.id=default deployment.generation=0 core.id=3 numa.node.id=0 process.instance.id=AGPEC3XNXZ2JBD3EUQYBCKJ5SU host.id=7e0521fd8273 container.id=[0m
[2m2026-05-19T18:11:31.674Z[0m  [32mINFO [0m [1motap-df-core-nodes::otlp.exporter.http.shutdown[0m: [reason=global shutdown][35m entity/node.attrs: node.id=exporter node.urn=urn:otel:exporter:otlp_http node.type=exporter pipeline.id=main pipeline.group.id=default deployment.generation=0 core.id=7 numa.node.id=0 process.instance.id=AGPEC3XNXZ2JBD3EUQYBCKJ5SU host.id=7e0521fd8273 container.id=[0m
[2m2026-05-19T18:11:31.678Z[0m  [32mINFO [0m [1motap-df-core-nodes::otlp.exporter.http.shutdown[0m: [reason=global shutdown][35m entity/node.attrs: node.id=exporter node.urn=urn:otel:exporter:otlp_http node.type=exporter pipeline.id=main pipeline.group.id=default deployment.generation=0 core.id=6 numa.node.id=0 process.instance.id=AGPEC3XNXZ2JBD3EUQYBCKJ5SU host.id=7e0521fd8273 container.id=[0m
[2m2026-05-19T18:11:31.678Z[0m  [32mINFO [0m [1motap-df-core-nodes::otlp.exporter.http.shutdown[0m: [reason=global shutdown][35m entity/node.attrs: node.id=exporter node.urn=urn:otel:exporter:otlp_http node.type=exporter pipeline.id=main pipeline.group.id=default deployment.generation=0 core.id=10 numa.node.id=0 process.instance.id=AGPEC3XNXZ2JBD3EUQYBCKJ5SU host.id=7e0521fd8273 container.id=[0m
[2m2026-05-19T18:11:31.681Z[0m  [32mINFO [0m [1motap-df-core-nodes::otlp.exporter.http.shutdown[0m: [reason=global shutdown][35m entity/node.attrs: node.id=exporter node.urn=urn:otel:exporter:otlp_http node.type=exporter pipeline.id=main pipeline.group.id=default deployment.generation=0 core.id=2 numa.node.id=0 process.instance.id=AGPEC3XNXZ2JBD3EUQYBCKJ5SU host.id=7e0521fd8273 container.id=[0m
[2m2026-05-19T18:11:34.835Z[0m  [32mINFO [0m [1motap-df-admin::shutdown.completed[0m: [elapsed_ms=4448][35m[0m
[2m2026-05-19T18:11:34.837Z[0m  [32mINFO [0m [1motap-df-admin::shutdown.requested[0m: [wait=true, timeout_secs=5][35m[0m
[2m2026-05-19T18:11:34.837Z[0m  [32mINFO [0m [1motap-df-admin::shutdown.blocking_wait[0m: [timeout_secs=5][35m[0m
[2m2026-05-19T18:11:34.837Z[0m  [32mINFO [0m [1motap-df-admin::shutdown.completed[0m: [elapsed_ms=0][35m[0m

================================================================================
Component: df-engine
Container ID: 1a295765647372415d0969c46b0737e3f2fa036faa3a4dc1efc733353952d76c
================================================================================
System Information:
  Available CPU cores: 32
  Available memory: 113.63 GB / 117.92 GB
  Build mode: release
  Memory allocator: jemalloc

Available Component URNs:
  Receivers: urn:otel:receiver:host_metrics, urn:otel:receiver:internal_telemetry, urn:otel:receiver:otap, urn:otel:receiver:otlp, urn:otel:receiver:syslog_cef, urn:otel:receiver:topic, urn:otel:receiver:traffic_generator
  Processors: urn:otel:processor:attribute, urn:otel:processor:batch, urn:otel:processor:content_router, urn:otel:processor:debug, urn:otel:processor:delay, urn:otel:processor:durable_buffer, urn:otel:processor:fanout, urn:otel:processor:filter, urn:otel:processor:log_sampling, urn:otel:processor:retry, urn:otel:processor:temporal_reaggregation, urn:otel:processor:transform, urn:otel:processor:type_router
  Exporters: urn:otel:exporter:console, urn:otel:exporter:error, urn:otel:exporter:noop, urn:otel:exporter:otap, urn:otel:exporter:otlp_grpc, urn:otel:exporter:otlp_http, urn:otel:exporter:parquet, urn:otel:exporter:perf, urn:otel:exporter:topic

Example configuration files can be found in the configs/ directory.
[2m2026-05-19T18:10:48.105Z[0m  [32mINFO [0m [1motap-df-controller::pipeline.core_allocation[0m: [pipeline_group_id=default, pipeline_id=main, num_cores=1, core_allocation=0]
[2m2026-05-19T18:10:48.108Z[0m  [32mINFO [0m [1motap-df-core-nodes::otlp.exporter.http.start[0m: [logs_endpoint=http://backend-service:1235/v1/logs, metrics_endpoint=http://backend-service:1235/v1/metrics, traces_endpoint=http://backend-service:1235/v1/traces][35m entity/node.attrs: node.id=exporter node.urn=urn:otel:exporter:otlp_http node.type=exporter pipeline.id=main pipeline.group.id=default deployment.generation=0 core.id=0 numa.node.id=0 process.instance.id=AGPEC3XIVB3HFNRQOEH4MIH6MI host.id=[2m2026-05-19T18:10:48.108Z[0m  [32mINFO [0m [1motap-df-admin::endpoint.start[0m: Admin HTTP server listening [bind_address=0.0.0.0:8080][35m[0m
[2m2026-05-19T18:10:48.109Z[0m  [32mINFO [0m [1motap-df-core-nodes::otlp.receiver.http.start[0m: Starting OTLP HTTP receiver [endpoint=0.0.0.0:4318][35m entity/node.attrs: node.id=receiver node.urn=urn:otel:receiver:otlp node.type=receiver pipeline.id=main pipeline.group.id=default deployment.generation=0 core.id=0 numa.node.id=0 process.instance.id=AGPEC3XIVB3HFNRQOEH4MIH6MI host.id=1a2957656473 container.id=[0m
[2m2026-05-19T18:11:34.839Z[0m  [32mINFO [0m [1motap-df-admin::shutdown.requested[0m: [wait=true, timeout_secs=5][35m[0m
[2m2026-05-19T18:11:34.839Z[0m  [32mINFO [0m [1motap-df-admin::shutdown.blocking_wait[0m: [timeout_secs=5][35m[0m
[2m2026-05-19T18:11:34.839Z[0m  [32mINFO [0m [1motap-df-state::state.observed_event[0m: global shutdown [pipeline_group_id=default, pipeline_id=main, core_id=0, event_type=ShutdownRequested][35m[0m
[2m2026-05-19T18:11:34.839Z[0m  [32mINFO [0m [1motap-df-core-nodes::otlp.receiver.drain_ingress[0m[35m entity/node.attrs: node.id=receiver node.urn=urn:otel:receiver:otlp node.type=receiver pipeline.id=main pipeline.group.id=default deployment.generation=0 core.id=0 numa.node.id=0 process.instance.id=AGPEC3XIVB3HFNRQOEH4MIH6MI host.id=1a2957656473 container.id=[0m
[2m2026-05-19T18:11:34.929Z[0m  [32mINFO [0m [1motap-df-core-nodes::otlp.exporter.http.shutdown[0m: [reason=global shutdown][35m entity/node.attrs: node.id=exporter node.urn=urn:otel:exporter:otlp_http node.type=exporter pipeline.id=main pipeline.group.id=default deployment.generation=0 core.id=0 numa.node.id=0 process.instance.id=AGPEC3XIVB3HFNRQOEH4MIH6MI host.id=1a2957656473 container.id=[0m
[2m2026-05-19T18:11:34.940Z[0m  [32mINFO [0m [1motap-df-admin::shutdown.completed[0m: [elapsed_ms=101][35m[0m

================================================================================
Component: backend-service
Container ID: 5b34316a5613aeebd0d611a67c5811951b1b69496ffe41a8bc215a6e9292c510
================================================================================
System Information:
  Available CPU cores: 32
  Available memory: 113.60 GB / 117.92 GB
  Build mode: release
  Memory allocator: jemalloc

Available Component URNs:
  Receivers: urn:otel:receiver:host_metrics, urn:otel:receiver:internal_telemetry, urn:otel:receiver:otap, urn:otel:receiver:otlp, urn:otel:receiver:syslog_cef, urn:otel:receiver:topic, urn:otel:receiver:traffic_generator
  Processors: urn:otel:processor:attribute, urn:otel:processor:batch, urn:otel:processor:content_router, urn:otel:processor:debug, urn:otel:processor:delay, urn:otel:processor:durable_buffer, urn:otel:processor:fanout, urn:otel:processor:filter, urn:otel:processor:log_sampling, urn:otel:processor:retry, urn:otel:processor:temporal_reaggregation, urn:otel:processor:transform, urn:otel:processor:type_router
  Exporters: urn:otel:exporter:console, urn:otel:exporter:error, urn:otel:exporter:noop, urn:otel:exporter:otap, urn:otel:exporter:otlp_grpc, urn:otel:exporter:otlp_http, urn:otel:exporter:parquet, urn:otel:exporter:perf, urn:otel:exporter:topic

Example configuration files can be found in the configs/ directory.
[2m2026-05-19T18:10:46.812Z[0m  [32mINFO [0m [1motap-df-controller::pipeline.core_allocation[0m: [pipeline_group_id=default, pipeline_id=main, num_cores=1, core_allocation=1]
[2m2026-05-19T18:10:46.815Z[0m  [32mINFO [0m [1motap-df-core-nodes::perf_exporter.start[0m: Starting Perf Exporter [frequency_ms=500][35m entity/node.attrs: node.id=perf node.urn=urn:otel:exporter:perf node.type=exporter pipeline.id=main pipeline.group.id=default deployment.generation=0 core.id=1 numa.node.id=0 process.instance.id=AGPEC3XDTR4GBL7XK7Q4XYQRKI host.id=5b34316a5613 container.id=[0m
[2m2026-05-19T18:10:46.815Z[0m  [32mINFO [0m [1motap-df-core-nodes::otlp.receiver.http.start[0m: Starting OTLP HTTP receiver [endpoint=0.0.0.0:1235][35m entity/node.attrs: node.id=receiver node.urn=urn:otel:receiver:otlp node.type=receiver pipeline.id=main pipeline.group.id=default deployment.generation=0 core.id=1 numa.node.id=0 process.instance.id=AGPEC3XDTR4GBL7XK7Q4XYQRKI host.id=5b34316a5613 container.id=[0m
[2m2026-05-19T18:10:46.815Z[0m  [32mINFO [0m [1motap-df-admin::endpoint.start[0m: Admin HTTP server listening [bind_address=0.0.0.0:8080][35m[0m

================================================================================
END OF CONTAINER LOGS
================================================================================

# DF Engine 1000k - DFE OTLP/HTTP Baseline w/ Gzip (Logs)

## Table: metadata_filtered
  
**Description**: Information about the test suite and report.
  
| Attribute        | Value                                                   |
|:-----------------|:--------------------------------------------------------|
| test.suite.start | 2026-05-19T18:06:34.811791+00:00                        |
| test.suite       | DFE OTLP/HTTP Baseline w/ Gzip (Logs)                   |
| test.step        | Run Report                                              |
| test.start       | 2026-05-19T18:10:46.493476+00:00                        |
| test.name        | 1000k                                                   |
| report.type      | sql_report                                              |
| report.time      | 2026-05-19T18:12:12.285659+00:00                        |
| report.name      | DF Engine 1000k - DFE OTLP/HTTP Baseline w/ Gzip (Logs) |
| code.sha         | ed5022bc35724109c28a91eb172c976aafdaed19                |
| code.dirty       | True                                                    |
| code.branch      | otel-arrow-otlphttp-compression                         |


## Table: send_receive_rates_by_core
  
**Description**: Core Specific increase and average rate of various send / receive metrics
  
| component_name   | metric_name   |   core_id |   total_increase |   average_rate |
|:-----------------|:--------------|----------:|-----------------:|---------------:|
| backend-service  | logs          |         1 |       1.4377e+07 |       746737   |
| load-generator   | logs_produced |        10 |       1.496e+06  |        79347.8 |
| load-generator   | logs_produced |        11 |       1.45e+06   |        76812.6 |
| load-generator   | logs_produced |         2 |       1.502e+06  |        79550.4 |
| load-generator   | logs_produced |         3 |       1.498e+06  |        79201.2 |
| load-generator   | logs_produced |         4 |       1.504e+06  |        79645.6 |
| load-generator   | logs_produced |         5 |       1.501e+06  |        79181.6 |
| load-generator   | logs_produced |         6 |       1.495e+06  |        78597.2 |
| load-generator   | logs_produced |         7 |       1.499e+06  |        79407   |
| load-generator   | logs_produced |         8 |       1.466e+06  |        77938.2 |
| load-generator   | logs_produced |         9 |       1.497e+06  |        78827.5 |


## Table: aggregate_send_receive_rates
  
**Description**: Cumulative increase and average rate of various send / receive metrics
  
| component_name   | metric_name   |   total_increase |   average_rate |
|:-----------------|:--------------|-----------------:|---------------:|
| load-generator   | logs_produced |       1.4908e+07 |         788509 |
| backend-service  | logs          |       1.4377e+07 |         746737 |


## Table: component_resource_metrics
  
**Description**: CPU and Memory metrics for the components in the Test Suite during the test.
  
| component_name   | metric_name            |   min_value |   avg_value |   max_value |
|:-----------------|:-----------------------|------------:|------------:|------------:|
| load-generator   | container.cpu.usage    | 0.179774    | 0.189253    | 0.197182    |
| load-generator   | container.memory.usage | 1.05862e+09 | 1.08253e+09 | 1.19534e+09 |
| df-engine        | container.memory.usage | 1.80018e+09 | 2.48445e+09 | 2.72925e+09 |
| df-engine        | container.cpu.usage    | 0.995625    | 1.00171     | 1.00899     |
| backend-service  | container.memory.usage | 4.71654e+07 | 4.75025e+07 | 4.82263e+07 |
| backend-service  | container.cpu.usage    | 0.528255    | 0.56329     | 0.580716    |


## Table: log_loss
  
**Description**: Lost logs (failed or sent but not received) total and as a percentage
  
|   logs_lost |   logs_lost_pct |
|------------:|----------------:|
|      531000 |       0.0356185 |


## Table: log_throughput_rates
  
**Description**: Log throughput rates (logs/sec) calculated from total counts and observation window duration
  
| metric_name   |   total_increase |   logs_per_second |
|:--------------|-----------------:|------------------:|
| logs_produced |       1.4908e+07 |            776302 |
| logs          |       1.4377e+07 |            748624 |


## Table: gh_actions_benchmark
  
**Description**: The final metrics used with gh_actions_benchmark.
  
| name                          | unit      |            value | extra                                                              |
|:------------------------------|:----------|-----------------:|:-------------------------------------------------------------------|
| dropped_logs_percentage       | %         |      3.56185     | DFE OTLP/HTTP Baseline w/ Gzip (Logs)/1000k - Dropped Logs %       |
| cpu_percentage_normalized_avg | %         |    100.171       | DFE OTLP/HTTP Baseline w/ Gzip (Logs)/1000k - CPU % (Normalized)   |
| cpu_percentage_normalized_max | %         |    100.899       | DFE OTLP/HTTP Baseline w/ Gzip (Logs)/1000k - CPU % (Normalized)   |
| ram_mib_avg                   | MiB       |   2369.36        | DFE OTLP/HTTP Baseline w/ Gzip (Logs)/1000k - RAM (MiB)            |
| ram_mib_max                   | MiB       |   2602.82        | DFE OTLP/HTTP Baseline w/ Gzip (Logs)/1000k - RAM (MiB)            |
| logs_produced_rate            | logs/sec  | 776302           | DFE OTLP/HTTP Baseline w/ Gzip (Logs)/1000k - Log Throughput       |
| logs_received_rate            | logs/sec  | 748624           | DFE OTLP/HTTP Baseline w/ Gzip (Logs)/1000k - Log Throughput       |
| test_duration                 | seconds   |     20.0007      | DFE OTLP/HTTP Baseline w/ Gzip (Logs)/1000k - Test Duration        |
| network_tx_bytes_rate_avg     | bytes/sec |      1.99934e+07 | DFE OTLP/HTTP Baseline w/ Gzip (Logs)/1000k - Network Utilization  |
| network_rx_bytes_rate_avg     | bytes/sec |      2.81415e+08 | DFE OTLP/HTTP Baseline w/ Gzip (Logs)/1000k - Network Utilization  |
| egress_bytes_per_log          | bytes/log |     26.7069      | DFE OTLP/HTTP Baseline w/ Gzip (Logs)/1000k - Egress Bytes Per Log |



  Captured run env: .data/dfe_logs_otlphttp_gzip_baseline/20260519_180634/run_env.json
  Environment:      INTEL(R) XEON(R) PLATINUM 8581C CPU @ 2.30GHz / x86_64 / 16 cores / 118 GiB / Debian GNU/Linux 12

Publishing results...
  Updated /home/jakedern/repos/otel-arrow/tools/comparison_dashboard/.site/data/suite/dfe_logs_otlphttp_gzip_baseline/suite.yaml
  Updated /home/jakedern/repos/otel-arrow/tools/comparison_dashboard/.site/data/suite/dfe_logs_otlphttp_gzip_baseline/run_env.json
  1000k: metrics.json from sql_report-df_engine_1000k_dfe_otlphttp_baseline_w_gzip_logs-20260519_181212.json
  1000k: 5 files published
  100k: metrics.json from sql_report-df_engine_100k_dfe_otlphttp_baseline_w_gzip_logs-20260519_180754.json
  100k: 5 files published
  400k: metrics.json from sql_report-df_engine_400k_dfe_otlphttp_baseline_w_gzip_logs-20260519_180916.json
  400k: 5 files published
  800k: metrics.json from sql_report-df_engine_800k_dfe_otlphttp_baseline_w_gzip_logs-20260519_181041.json
  800k: 5 files published
  Published to /home/jakedern/repos/otel-arrow/tools/comparison_dashboard/.site/data/suite/dfe_logs_otlphttp_gzip_baseline
