Resolved 1 suite(s):
  - /home/jakedern/repos/otel-arrow/tools/comparison_dashboard/suites/dfe/dfe-metrics-stef-zstd-baseline.yaml
Publishing to: /home/jakedern/repos/otel-arrow/tools/comparison_dashboard/.site/data


############################################################
# [1/1] dfe-metrics-stef-zstd-baseline
############################################################

Suite:    DFE STEF Baseline w/ Zstd (Metrics)
Slug:     dfe_metrics_stef_zstd_baseline
Binary:   dfe
File:     /home/jakedern/repos/otel-arrow/tools/comparison_dashboard/suites/dfe/dfe-metrics-stef-zstd-baseline.yaml
Template: ../pipeline_perf_test/test_suites/comparison_dashboard/templates/orchestrator/dfe-single-core-multi-rate.yaml
Staging:  .data/dfe_metrics_stef_zstd_baseline/20260519_213201

Rendering orchestrator config...
  Generated .data/dfe_metrics_stef_zstd_baseline/20260519_213201/orchestrator.yaml

============================================================
Running: /home/jakedern/repos/otel-arrow/.venv/bin/python ../pipeline_perf_test/orchestrator/run_orchestrator.py --config .data/dfe_metrics_stef_zstd_baseline/20260519_213201/orchestrator.yaml --tests 100k,400k,600k,800k,1000k
Log:     .data/dfe_metrics_stef_zstd_baseline/20260519_213201/orchestrator.log
============================================================

[2026-05-19 21:32:02] INFO | ctx.type=- ctx.name=- | Starting Test: 100k
[2026-05-19 21:32:02] INFO | ctx.type=ScenarioContext ctx.name=100k | Running 14 test steps...
[2026-05-19 21:32:02] INFO | ctx.type=FrameworkElementHookContext ctx.name=RenderTemplateHook (pre_run) | Rendered template saved to .data/dfe_metrics_stef_zstd_baseline/20260519_213201/tests/100k/backend-config.rendered.yaml
[2026-05-19 21:32:02] INFO | ctx.type=StepContext ctx.name=Deploy Backend Engine | Executing main step action...
[2026-05-19 21:32:03] INFO | ctx.type=FrameworkElementHookContext ctx.name=ReadyCheckHttpHook (post_run) | Ready check passed on attempt 2
[2026-05-19 21:32:03] INFO | ctx.type=FrameworkElementHookContext ctx.name=RenderTemplateHook (pre_run) | Rendered template saved to .data/dfe_metrics_stef_zstd_baseline/20260519_213201/tests/100k/engine-config.rendered.yaml
[2026-05-19 21:32:03] INFO | ctx.type=StepContext ctx.name=Deploy Dataflow Engine | Executing main step action...
[2026-05-19 21:32:05] INFO | ctx.type=FrameworkElementHookContext ctx.name=ReadyCheckHttpHook (post_run) | Ready check passed on attempt 2
[2026-05-19 21:32:05] INFO | ctx.type=FrameworkElementHookContext ctx.name=RenderTemplateHook (pre_run) | Rendered template saved to .data/dfe_metrics_stef_zstd_baseline/20260519_213201/tests/100k/loadgen-config.rendered.yaml
[2026-05-19 21:32:05] INFO | ctx.type=StepContext ctx.name=Deploy Load Generator | Executing main step action...
[2026-05-19 21:32:06] INFO | ctx.type=FrameworkElementHookContext ctx.name=ReadyCheckHttpHook (post_run) | Ready check passed on attempt 2
[2026-05-19 21:32:06] INFO | ctx.type=StepContext ctx.name=Monitor All | Executing main step action...
[2026-05-19 21:32:06] INFO | ctx.type=StepContext ctx.name=Wait for data | Executing main step action...
[2026-05-19 21:32:16] INFO | ctx.type=StepContext ctx.name=Observe Load | Executing main step action...
[2026-05-19 21:32:36] INFO | ctx.type=StepContext ctx.name=Wait Before Drain | Executing main step action...
[2026-05-19 21:32:46] INFO | ctx.type=StepContext ctx.name=Stop Load Generator | Executing main step action...
[2026-05-19 21:32:46] INFO | ctx.type=StepContext ctx.name=Stop Engine | Executing main step action...
[2026-05-19 21:32:46] INFO | ctx.type=StepContext ctx.name=Stop Backend | Executing main step action...
[2026-05-19 21:32:46] INFO | ctx.type=StepContext ctx.name=Wait For Metrics Update | Executing main step action...
[2026-05-19 21:32:47] INFO | ctx.type=StepContext ctx.name=Stop Monitoring All | Executing main step action...
[2026-05-19 21:32:52] INFO | ctx.type=StepContext ctx.name=Destroy All | Executing main step action...
[2026-05-19 21:33:23] INFO | ctx.type=StepContext ctx.name=Run Report | Executing main step action...

================================================================================
DOCKER CONTAINER LOGS
================================================================================

================================================================================
Component: load-generator
Container ID: c9f18707179a4addb3d903b7a10136e3fffc72466e188e48df83e0fbe3cb5a18
================================================================================
System Information:
  Available CPU cores: 32
  Available memory: 113.82 GB / 117.92 GB
  Build mode: release
  Memory allocator: jemalloc

Available Component URNs:
  Receivers: urn:otel:receiver:host_metrics, urn:otel:receiver:internal_telemetry, urn:otel:receiver:otap, urn:otel:receiver:otlp, urn:otel:receiver:stef, urn:otel:receiver:syslog_cef, urn:otel:receiver:topic, urn:otel:receiver:traffic_generator
  Processors: urn:otel:processor:attribute, urn:otel:processor:batch, urn:otel:processor:content_router, urn:otel:processor:debug, urn:otel:processor:delay, urn:otel:processor:durable_buffer, urn:otel:processor:fanout, urn:otel:processor:filter, urn:otel:processor:log_sampling, urn:otel:processor:retry, urn:otel:processor:temporal_reaggregation, urn:otel:processor:transform, urn:otel:processor:type_router
  Exporters: urn:otel:exporter:console, urn:otel:exporter:error, urn:otel:exporter:noop, urn:otel:exporter:otap, urn:otel:exporter:otlp_grpc, urn:otel:exporter:otlp_http, urn:otel:exporter:parquet, urn:otel:exporter:perf, urn:otel:exporter:stef, urn:otel:exporter:topic

Example configuration files can be found in the configs/ directory.
[2m2026-05-19T21:32:05.593Z[0m  [32mINFO [0m [1motap-df-controller::pipeline.core_allocation[0m: [pipeline_group_id=default, pipeline_id=main, num_cores=1, core_allocation=2]
[2m2026-05-19T21:32:05.596Z[0m  [32mINFO [0m [1motap-df-contrib-nodes::stef.exporter.grpc.start[0m: [grpc_endpoint=http://df-engine:4320, stef_compression=Zstd][35m entity/node.attrs: node.id=exporter node.urn=urn:otel:exporter:stef node.type=exporter pipeline.id=main pipeline.group.id=default deployment.generation=0 core.id=2 numa.node.id=0 process.instance.id=AGPEEJZSLFYKHNZSKZV4QUKZRU host.id=c9f18707179a container.id=[0m
[2m2026-05-19T21:32:05.597Z[0m  [32mINFO [0m [1motap-df-admin::endpoint.start[0m: Admin HTTP server listening [bind_address=0.0.0.0:8080][35m[0m
[2m2026-05-19T21:32:46.583Z[0m  [32mINFO [0m [1motap-df-admin::shutdown.requested[0m: [wait=true, timeout_secs=5][35m[0m
[2m2026-05-19T21:32:46.583Z[0m  [32mINFO [0m [1motap-df-admin::shutdown.blocking_wait[0m: [timeout_secs=5][35m[0m
[2m2026-05-19T21:32:46.583Z[0m  [32mINFO [0m [1motap-df-state::state.observed_event[0m: global shutdown [pipeline_group_id=default, pipeline_id=main, core_id=2, event_type=ShutdownRequested][35m[0m
[2m2026-05-19T21:32:46.583Z[0m  [32mINFO [0m [1motap-df-core-nodes::traffic_generator.drain_ingress[0m[35m entity/node.attrs: node.id=receiver node.urn=urn:otel:receiver:traffic_generator node.type=receiver pipeline.id=main pipeline.group.id=default deployment.generation=0 core.id=2 numa.node.id=0 process.instance.id=AGPEEJZSLFYKHNZSKZV4QUKZRU host.id=c9f18707179a container.id=[0m
[2m2026-05-19T21:32:46.585Z[0m  [32mINFO [0m [1motap-df-contrib-nodes::stef.exporter.grpc.shutdown[0m[35m entity/node.attrs: node.id=exporter node.urn=urn:otel:exporter:stef node.type=exporter pipeline.id=main pipeline.group.id=default deployment.generation=0 core.id=2 numa.node.id=0 process.instance.id=AGPEEJZSLFYKHNZSKZV4QUKZRU host.id=c9f18707179a container.id=[0m
[2m2026-05-19T21:32:46.684Z[0m  [32mINFO [0m [1motap-df-admin::shutdown.completed[0m: [elapsed_ms=101][35m[0m
[2m2026-05-19T21:32:46.686Z[0m  [32mINFO [0m [1motap-df-admin::shutdown.requested[0m: [wait=true, timeout_secs=5][35m[0m
[2m2026-05-19T21:32:46.686Z[0m  [32mINFO [0m [1motap-df-admin::shutdown.blocking_wait[0m: [timeout_secs=5][35m[0m
[2m2026-05-19T21:32:46.686Z[0m  [32mINFO [0m [1motap-df-admin::shutdown.completed[0m: [elapsed_ms=0][35m[0m

================================================================================
Component: df-engine
Container ID: d2ad0112451987f7325d40b3cff42ba7202dc16c50ad8128f476af58da424466
================================================================================
System Information:
  Available CPU cores: 32
  Available memory: 113.87 GB / 117.92 GB
  Build mode: release
  Memory allocator: jemalloc

Available Component URNs:
  Receivers: urn:otel:receiver:host_metrics, urn:otel:receiver:internal_telemetry, urn:otel:receiver:otap, urn:otel:receiver:otlp, urn:otel:receiver:stef, urn:otel:receiver:syslog_cef, urn:otel:receiver:topic, urn:otel:receiver:traffic_generator
  Processors: urn:otel:processor:attribute, urn:otel:processor:batch, urn:otel:processor:content_router, urn:otel:processor:debug, urn:otel:processor:delay, urn:otel:processor:durable_buffer, urn:otel:processor:fanout, urn:otel:processor:filter, urn:otel:processor:log_sampling, urn:otel:processor:retry, urn:otel:processor:temporal_reaggregation, urn:otel:processor:transform, urn:otel:processor:type_router
  Exporters: urn:otel:exporter:console, urn:otel:exporter:error, urn:otel:exporter:noop, urn:otel:exporter:otap, urn:otel:exporter:otlp_grpc, urn:otel:exporter:otlp_http, urn:otel:exporter:parquet, urn:otel:exporter:perf, urn:otel:exporter:stef, urn:otel:exporter:topic

Example configuration files can be found in the configs/ directory.
[2m2026-05-19T21:32:04.291Z[0m  [32mINFO [0m [1motap-df-controller::pipeline.core_allocation[0m: [pipeline_group_id=default, pipeline_id=main, num_cores=1, core_allocation=0]
[2m2026-05-19T21:32:04.294Z[0m  [32mINFO [0m [1motap-df-contrib-nodes::stef.exporter.grpc.start[0m: [grpc_endpoint=http://backend-service:1235, stef_compression=Zstd][35m entity/node.attrs: node.id=exporter node.urn=urn:otel:exporter:stef node.type=exporter pipeline.id=main pipeline.group.id=default deployment.generation=0 core.id=0 numa.node.id=0 process.instance.id=AGPEEJZNIJ2JHLAOYMARHF3FHQ host.id=d2ad01124519 container.id=[0m
[2m2026-05-19T21:32:04.294Z[0m  [32mINFO [0m [1motap-df-contrib-nodes::stef.receiver.grpc.start[0m: Starting STEF gRPC receiver [endpoint=0.0.0.0:4320][35m entity/node.attrs: node.id=receiver node.urn=urn:otel:receiver:stef node.type=receiver pipeline.id=main pipeline.group.id=default deployment.generation=0 core.id=0 numa.node.id=0 process.instance.id=AGPEEJZNIJ2JHLAOYMARHF3FHQ host.id=d2ad01124519 container.id=[0m
[2m2026-05-19T21:32:04.294Z[0m  [32mINFO [0m [1motap-df-admin::endpoint.start[0m: Admin HTTP server listening [bind_address=0.0.0.0:8080][35m[0m
[2m2026-05-19T21:32:46.688Z[0m  [32mINFO [0m [1motap-df-admin::shutdown.requested[0m: [wait=true, timeout_secs=5][35m[0m
[2m2026-05-19T21:32:46.688Z[0m  [32mINFO [0m [1motap-df-admin::shutdown.blocking_wait[0m: [timeout_secs=5][35m[0m
[2m2026-05-19T21:32:46.688Z[0m  [32mINFO [0m [1motap-df-state::state.observed_event[0m: global shutdown [pipeline_group_id=default, pipeline_id=main, core_id=0, event_type=ShutdownRequested][35m[0m
[2m2026-05-19T21:32:46.688Z[0m  [32mINFO [0m [1motap-df-contrib-nodes::stef.receiver.drain_ingress[0m[35m entity/node.attrs: node.id=receiver node.urn=urn:otel:receiver:stef node.type=receiver pipeline.id=main pipeline.group.id=default deployment.generation=0 core.id=0 numa.node.id=0 process.instance.id=AGPEEJZNIJ2JHLAOYMARHF3FHQ host.id=d2ad01124519 container.id=[0m
[2m2026-05-19T21:32:46.688Z[0m  [32mINFO [0m [1motap-df-contrib-nodes::stef.exporter.grpc.shutdown[0m[35m entity/node.attrs: node.id=exporter node.urn=urn:otel:exporter:stef node.type=exporter pipeline.id=main pipeline.group.id=default deployment.generation=0 core.id=0 numa.node.id=0 process.instance.id=AGPEEJZNIJ2JHLAOYMARHF3FHQ host.id=d2ad01124519 container.id=[0m
[2m2026-05-19T21:32:46.789Z[0m  [32mINFO [0m [1motap-df-admin::shutdown.completed[0m: [elapsed_ms=101][35m[0m

================================================================================
Component: backend-service
Container ID: 7a488053a81dc229968b2b00040cbcdaa1ab4c572ecbef654d7a435f4e14ded7
================================================================================
System Information:
  Available CPU cores: 32
  Available memory: 113.93 GB / 117.92 GB
  Build mode: release
  Memory allocator: jemalloc

Available Component URNs:
  Receivers: urn:otel:receiver:host_metrics, urn:otel:receiver:internal_telemetry, urn:otel:receiver:otap, urn:otel:receiver:otlp, urn:otel:receiver:stef, urn:otel:receiver:syslog_cef, urn:otel:receiver:topic, urn:otel:receiver:traffic_generator
  Processors: urn:otel:processor:attribute, urn:otel:processor:batch, urn:otel:processor:content_router, urn:otel:processor:debug, urn:otel:processor:delay, urn:otel:processor:durable_buffer, urn:otel:processor:fanout, urn:otel:processor:filter, urn:otel:processor:log_sampling, urn:otel:processor:retry, urn:otel:processor:temporal_reaggregation, urn:otel:processor:transform, urn:otel:processor:type_router
  Exporters: urn:otel:exporter:console, urn:otel:exporter:error, urn:otel:exporter:noop, urn:otel:exporter:otap, urn:otel:exporter:otlp_grpc, urn:otel:exporter:otlp_http, urn:otel:exporter:parquet, urn:otel:exporter:perf, urn:otel:exporter:stef, urn:otel:exporter:topic

Example configuration files can be found in the configs/ directory.
[2m2026-05-19T21:32:03.023Z[0m  [32mINFO [0m [1motap-df-controller::pipeline.core_allocation[0m: [pipeline_group_id=default, pipeline_id=main, num_cores=1, core_allocation=1]
[2m2026-05-19T21:32:03.025Z[0m  [32mINFO [0m [1motap-df-core-nodes::perf_exporter.start[0m: Starting Perf Exporter [frequency_ms=500][35m entity/node.attrs: node.id=perf node.urn=urn:otel:exporter:perf node.type=exporter pipeline.id=main pipeline.group.id=default deployment.generation=0 core.id=1 numa.node.id=0 process.instance.id=AGPEEJZIJZYHDJWETWQTJ3OFTE host.id=7a488053a81d container.id=[0m
[2m2026-05-19T21:32:03.025Z[0m  [32mINFO [0m [1motap-df-contrib-nodes::stef.receiver.grpc.start[0m: Starting STEF gRPC receiver [endpoint=0.0.0.0:1235][35m entity/node.attrs: node.id=receiver node.urn=urn:otel:receiver:stef node.type=receiver pipeline.id=main pipeline.group.id=default deployment.generation=0 core.id=1 numa.node.id=0 process.instance.id=AGPEEJZIJZYHDJWETWQTJ3OFTE host.id=7a488053a81d container.id=[0m
[2m2026-05-19T21:32:03.026Z[0m  [32mINFO [0m [1motap-df-admin::endpoint.start[0m: Admin HTTP server listening [bind_address=0.0.0.0:8080][35m[0m

================================================================================
END OF CONTAINER LOGS
================================================================================
[2026-05-19 21:33:25] INFO | ctx.type=- ctx.name=- | Starting Test: 400k
[2026-05-19 21:33:25] INFO | ctx.type=ScenarioContext ctx.name=400k | Running 14 test steps...
[2026-05-19 21:33:25] INFO | ctx.type=FrameworkElementHookContext ctx.name=RenderTemplateHook (pre_run) | Rendered template saved to .data/dfe_metrics_stef_zstd_baseline/20260519_213201/tests/400k/backend-config.rendered.yaml
[2026-05-19 21:33:25] INFO | ctx.type=StepContext ctx.name=Deploy Backend Engine | Executing main step action...
[2026-05-19 21:33:26] INFO | ctx.type=FrameworkElementHookContext ctx.name=ReadyCheckHttpHook (post_run) | Ready check passed on attempt 2
[2026-05-19 21:33:26] INFO | ctx.type=FrameworkElementHookContext ctx.name=RenderTemplateHook (pre_run) | Rendered template saved to .data/dfe_metrics_stef_zstd_baseline/20260519_213201/tests/400k/engine-config.rendered.yaml
[2026-05-19 21:33:26] INFO | ctx.type=StepContext ctx.name=Deploy Dataflow Engine | Executing main step action...
[2026-05-19 21:33:27] INFO | ctx.type=FrameworkElementHookContext ctx.name=ReadyCheckHttpHook (post_run) | Ready check passed on attempt 2
[2026-05-19 21:33:27] INFO | ctx.type=FrameworkElementHookContext ctx.name=RenderTemplateHook (pre_run) | Rendered template saved to .data/dfe_metrics_stef_zstd_baseline/20260519_213201/tests/400k/loadgen-config.rendered.yaml
[2026-05-19 21:33:27] INFO | ctx.type=StepContext ctx.name=Deploy Load Generator | Executing main step action...
[2026-05-19 21:33:29] INFO | ctx.type=FrameworkElementHookContext ctx.name=ReadyCheckHttpHook (post_run) | Ready check passed on attempt 2
[2026-05-19 21:33:29] INFO | ctx.type=StepContext ctx.name=Monitor All | Executing main step action...
[2026-05-19 21:33:29] INFO | ctx.type=StepContext ctx.name=Wait for data | Executing main step action...
[2026-05-19 21:33:39] INFO | ctx.type=StepContext ctx.name=Observe Load | Executing main step action...
[2026-05-19 21:33:59] INFO | ctx.type=StepContext ctx.name=Wait Before Drain | Executing main step action...
[2026-05-19 21:34:09] INFO | ctx.type=StepContext ctx.name=Stop Load Generator | Executing main step action...
[2026-05-19 21:34:09] INFO | ctx.type=StepContext ctx.name=Stop Engine | Executing main step action...
[2026-05-19 21:34:09] INFO | ctx.type=StepContext ctx.name=Stop Backend | Executing main step action...
[2026-05-19 21:34:09] INFO | ctx.type=StepContext ctx.name=Wait For Metrics Update | Executing main step action...
[2026-05-19 21:34:10] INFO | ctx.type=StepContext ctx.name=Stop Monitoring All | Executing main step action...
[2026-05-19 21:34:15] INFO | ctx.type=StepContext ctx.name=Destroy All | Executing main step action...
[2026-05-19 21:34:46] INFO | ctx.type=StepContext ctx.name=Run Report | Executing main step action...

# DF Engine 100k - DFE STEF Baseline w/ Zstd (Metrics)

## Table: metadata_filtered
  
**Description**: Information about the test suite and report.
  
| Attribute        | Value                                                |
|:-----------------|:-----------------------------------------------------|
| test.suite.start | 2026-05-19T21:32:02.688855+00:00                     |
| test.suite       | DFE STEF Baseline w/ Zstd (Metrics)                  |
| test.step        | Run Report                                           |
| test.start       | 2026-05-19T21:32:02.689634+00:00                     |
| test.name        | 100k                                                 |
| report.type      | sql_report                                           |
| report.time      | 2026-05-19T21:33:23.989951+00:00                     |
| report.name      | DF Engine 100k - DFE STEF Baseline w/ Zstd (Metrics) |
| code.sha         | 6eafd2676d480c0c3d2671aafbb0fb44f5b2a587             |
| code.dirty       | True                                                 |
| code.branch      | stef-benchmarks                                      |


## Table: send_receive_rates_by_core
  
**Description**: Core Specific increase and average rate of various send / receive metrics
  
| component_name   | metric_name      |   core_id |   total_increase |   average_rate |
|:-----------------|:-----------------|----------:|-----------------:|---------------:|
| backend-service  | metrics          |         1 |       1.6473e+06 |        85894.6 |
| load-generator   | metrics_produced |         2 |       1.6473e+06 |        85896   |


## Table: aggregate_send_receive_rates
  
**Description**: Cumulative increase and average rate of various send / receive metrics
  
| component_name   | metric_name      |   total_increase |   average_rate |
|:-----------------|:-----------------|-----------------:|---------------:|
| backend-service  | metrics          |       1.6473e+06 |        85894.6 |
| load-generator   | metrics_produced |       1.6473e+06 |        85896   |


## Table: component_resource_metrics
  
**Description**: CPU and Memory metrics for the components in the Test Suite during the test.
  
| component_name   | metric_name            |   min_value |   avg_value |   max_value |
|:-----------------|:-----------------------|------------:|------------:|------------:|
| load-generator   | container.cpu.usage    | 0.073208    | 0.0739333   | 0.0747365   |
| load-generator   | container.memory.usage | 1.22401e+08 | 1.22635e+08 | 1.22913e+08 |
| df-engine        | container.memory.usage | 1.56586e+08 | 2.39761e+08 | 3.21724e+08 |
| df-engine        | container.cpu.usage    | 0.0993257   | 0.100442    | 0.101523    |
| backend-service  | container.memory.usage | 1.57356e+08 | 2.41344e+08 | 3.22413e+08 |
| backend-service  | container.cpu.usage    | 0.0597539   | 0.0679548   | 0.110927    |


## Table: metric_loss
  
**Description**: Lost metrics (failed or sent but not received) total and as a percentage
  
|   metrics_lost |   metrics_lost_pct |
|---------------:|-------------------:|
|              0 |                  0 |


## Table: metric_throughput_rates
  
**Description**: Metric throughput rates (metrics/sec) calculated from total counts and observation window duration
  
| metric_name      |   total_increase |   metrics_per_second |
|:-----------------|-----------------:|---------------------:|
| metrics          |       1.6473e+06 |              85873   |
| metrics_produced |       1.6473e+06 |              85871.9 |


## Table: gh_actions_benchmark
  
**Description**: The final metrics used with gh_actions_benchmark.
  
| name                          | unit        |      value | extra                                                          |
|:------------------------------|:------------|-----------:|:---------------------------------------------------------------|
| dropped_metrics_percentage    | %           |     0      | DFE STEF Baseline w/ Zstd (Metrics)/100k - Dropped Metrics %   |
| cpu_percentage_normalized_avg | %           |    10.0442 | DFE STEF Baseline w/ Zstd (Metrics)/100k - CPU % (Normalized)  |
| cpu_percentage_normalized_max | %           |    10.1523 | DFE STEF Baseline w/ Zstd (Metrics)/100k - CPU % (Normalized)  |
| ram_mib_avg                   | MiB         |   228.654  | DFE STEF Baseline w/ Zstd (Metrics)/100k - RAM (MiB)           |
| ram_mib_max                   | MiB         |   306.82   | DFE STEF Baseline w/ Zstd (Metrics)/100k - RAM (MiB)           |
| metrics_produced_rate         | metrics/sec | 85871.9    | DFE STEF Baseline w/ Zstd (Metrics)/100k - Metric Throughput   |
| metrics_received_rate         | metrics/sec | 85873      | DFE STEF Baseline w/ Zstd (Metrics)/100k - Metric Throughput   |
| test_duration                 | seconds     |    20.0007 | DFE STEF Baseline w/ Zstd (Metrics)/100k - Test Duration       |
| network_tx_bytes_rate_avg     | bytes/sec   | 59997.1    | DFE STEF Baseline w/ Zstd (Metrics)/100k - Network Utilization |
| network_rx_bytes_rate_avg     | bytes/sec   | 19323      | DFE STEF Baseline w/ Zstd (Metrics)/100k - Network Utilization |




================================================================================
DOCKER CONTAINER LOGS
================================================================================

================================================================================
Component: load-generator
Container ID: fde10779691e5cfe3c662177f07a540956d24cee196d6c6d9fba9b85b8dc0d0e
================================================================================
System Information:
  Available CPU cores: 32
  Available memory: 113.71 GB / 117.92 GB
  Build mode: release
  Memory allocator: jemalloc

Available Component URNs:
  Receivers: urn:otel:receiver:host_metrics, urn:otel:receiver:internal_telemetry, urn:otel:receiver:otap, urn:otel:receiver:otlp, urn:otel:receiver:stef, urn:otel:receiver:syslog_cef, urn:otel:receiver:topic, urn:otel:receiver:traffic_generator
  Processors: urn:otel:processor:attribute, urn:otel:processor:batch, urn:otel:processor:content_router, urn:otel:processor:debug, urn:otel:processor:delay, urn:otel:processor:durable_buffer, urn:otel:processor:fanout, urn:otel:processor:filter, urn:otel:processor:log_sampling, urn:otel:processor:retry, urn:otel:processor:temporal_reaggregation, urn:otel:processor:transform, urn:otel:processor:type_router
  Exporters: urn:otel:exporter:console, urn:otel:exporter:error, urn:otel:exporter:noop, urn:otel:exporter:otap, urn:otel:exporter:otlp_grpc, urn:otel:exporter:otlp_http, urn:otel:exporter:parquet, urn:otel:exporter:perf, urn:otel:exporter:stef, urn:otel:exporter:topic

Example configuration files can be found in the configs/ directory.
[2m2026-05-19T21:33:28.044Z[0m  [32mINFO [0m [1motap-df-controller::pipeline.core_allocation[0m: [pipeline_group_id=default, pipeline_id=main, num_cores=4, core_allocation=2-5]
[2m2026-05-19T21:33:28.049Z[0m  [32mINFO [0m [1motap-df-contrib-nodes::stef.exporter.grpc.start[0m: [grpc_endpoint=http://df-engine:4320, stef_compression=Zstd][35m entity/node.attrs: node.id=exporter node.urn=urn:otel:exporter:stef node.type=exporter pipeline.id=main pipeline.group.id=default deployment.generation=0 core.id=2 numa.node.id=0 process.instance.id=AGPEEKDUNR2TDNLD2TCU3NOS2U host.id=fde10779691e container.id=[0m
[2m2026-05-19T21:33:28.049Z[0m  [32mINFO [0m [1motap-df-contrib-nodes::stef.exporter.grpc.start[0m: [grpc_endpoint=http://df-engine:4320, stef_compression=Zstd][35m entity/node.attrs: node.id=exporter node.urn=urn:otel:exporter:stef node.type=exporter pipeline.id=main pipeline.group.id=default deployment.generation=0 core.id=3 numa.node.id=0 process.instance.id=AGPEEKDUNR2TDNLD2TCU3NOS2U host.id=fde10779691e container.id=[0m
[2m2026-05-19T21:33:28.049Z[0m  [32mINFO [0m [1motap-df-contrib-nodes::stef.exporter.grpc.start[0m: [grpc_endpoint=http://df-engine:4320, stef_compression=Zstd][35m entity/node.attrs: node.id=exporter node.urn=urn:otel:exporter:stef node.type=exporter pipeline.id=main pipeline.group.id=default deployment.generation=0 core.id=4 numa.node.id=0 process.instance.id=AGPEEKDUNR2TDNLD2TCU3NOS2U host.id=fde10779691e container.id=[0m
[2m2026-05-19T21:33:28.050Z[0m  [32mINFO [0m [1motap-df-contrib-nodes::stef.exporter.grpc.start[0m: [grpc_endpoint=http://df-engine:4320, stef_compression=Zstd][35m entity/node.attrs: node.id=exporter node.urn=urn:otel:exporter:stef node.type=exporter pipeline.id=main pipeline.group.id=default deployment.generation=0 core.id=5 numa.node.id=0 process.instance.id=AGPEEKDUNR2TDNLD2TCU3NOS2U host.id=fde10779691e container.id=[0m
[2m2026-05-19T21:33:28.050Z[0m  [32mINFO [0m [1motap-df-admin::endpoint.start[0m: Admin HTTP server listening [bind_address=0.0.0.0:8080][35m[0m
[2m2026-05-19T21:34:09.025Z[0m  [32mINFO [0m [1motap-df-admin::shutdown.requested[0m: [wait=true, timeout_secs=5][35m[0m
[2m2026-05-19T21:34:09.025Z[0m  [32mINFO [0m [1motap-df-admin::shutdown.blocking_wait[0m: [timeout_secs=5][35m[0m
[2m2026-05-19T21:34:09.025Z[0m  [32mINFO [0m [1motap-df-state::state.observed_event[0m: global shutdown [pipeline_group_id=default, pipeline_id=main, core_id=2, event_type=ShutdownRequested][35m[0m
[2m2026-05-19T21:34:09.025Z[0m  [32mINFO [0m [1motap-df-state::state.observed_event[0m: global shutdown [pipeline_group_id=default, pipeline_id=main, core_id=3, event_type=ShutdownRequested][35m[0m
[2m2026-05-19T21:34:09.025Z[0m  [32mINFO [0m [1motap-df-state::state.observed_event[0m: global shutdown [pipeline_group_id=default, pipeline_id=main, core_id=5, event_type=ShutdownRequested][35m[0m
[2m2026-05-19T21:34:09.025Z[0m  [32mINFO [0m [1motap-df-state::state.observed_event[0m: global shutdown [pipeline_group_id=default, pipeline_id=main, core_id=4, event_type=ShutdownRequested][35m[0m
[2m2026-05-19T21:34:09.025Z[0m  [32mINFO [0m [1motap-df-core-nodes::traffic_generator.drain_ingress[0m[35m entity/node.attrs: node.id=receiver node.urn=urn:otel:receiver:traffic_generator node.type=receiver pipeline.id=main pipeline.group.id=default deployment.generation=0 core.id=5 numa.node.id=0 process.instance.id=AGPEEKDUNR2TDNLD2TCU3NOS2U host.id=fde10779691e container.id=[0m
[2m2026-05-19T21:34:09.025Z[0m  [32mINFO [0m [1motap-df-core-nodes::traffic_generator.drain_ingress[0m[35m entity/node.attrs: node.id=receiver node.urn=urn:otel:receiver:traffic_generator node.type=receiver pipeline.id=main pipeline.group.id=default deployment.generation=0 core.id=3 numa.node.id=0 process.instance.id=AGPEEKDUNR2TDNLD2TCU3NOS2U host.id=fde10779691e container.id=[0m
[2m2026-05-19T21:34:09.025Z[0m  [32mINFO [0m [1motap-df-core-nodes::traffic_generator.drain_ingress[0m[35m entity/node.attrs: node.id=receiver node.urn=urn:otel:receiver:traffic_generator node.type=receiver pipeline.id=main pipeline.group.id=default deployment.generation=0 core.id=2 numa.node.id=0 process.instance.id=AGPEEKDUNR2TDNLD2TCU3NOS2U host.id=fde10779691e container.id=[0m
[2m2026-05-19T21:34:09.025Z[0m  [32mINFO [0m [1motap-df-core-nodes::traffic_generator.drain_ingress[0m[35m entity/node.attrs: node.id=receiver node.urn=urn:otel:receiver:traffic_generator node.type=receiver pipeline.id=main pipeline.group.id=default deployment.generation=0 core.id=4 numa.node.id=0 process.instance.id=AGPEEKDUNR2TDNLD2TCU3NOS2U host.id=fde10779691e container.id=[0m
[2m2026-05-19T21:34:09.027Z[0m  [32mINFO [0m [1motap-df-contrib-nodes::stef.exporter.grpc.shutdown[0m[35m entity/node.attrs: node.id=exporter node.urn=urn:otel:exporter:stef node.type=exporter pipeline.id=main pipeline.group.id=default deployment.generation=0 core.id=3 numa.node.id=0 process.instance.id=AGPEEKDUNR2TDNLD2TCU3NOS2U host.id=fde10779691e container.id=[0m
[2m2026-05-19T21:34:09.027Z[0m  [32mINFO [0m [1motap-df-contrib-nodes::stef.exporter.grpc.shutdown[0m[35m entity/node.attrs: node.id=exporter node.urn=urn:otel:exporter:stef node.type=exporter pipeline.id=main pipeline.group.id=default deployment.generation=0 core.id=5 numa.node.id=0 process.instance.id=AGPEEKDUNR2TDNLD2TCU3NOS2U host.id=fde10779691e container.id=[0m
[2m2026-05-19T21:34:09.027Z[0m  [32mINFO [0m [1motap-df-contrib-nodes::stef.exporter.grpc.shutdown[0m[35m entity/node.attrs: node.id=exporter node.urn=urn:otel:exporter:stef node.type=exporter pipeline.id=main pipeline.group.id=default deployment.generation=0 core.id=2 numa.node.id=0 process.instance.id=AGPEEKDUNR2TDNLD2TCU3NOS2U host.id=fde10779691e container.id=[0m
[2m2026-05-19T21:34:09.263Z[0m  [32mINFO [0m [1motap-df-contrib-nodes::stef.exporter.grpc.shutdown[0m[35m entity/node.attrs: node.id=exporter node.urn=urn:otel:exporter:stef node.type=exporter pipeline.id=main pipeline.group.id=default deployment.generation=0 core.id=4 numa.node.id=0 process.instance.id=AGPEEKDUNR2TDNLD2TCU3NOS2U host.id=fde10779691e container.id=[0m
[2m2026-05-19T21:34:09.328Z[0m  [32mINFO [0m [1motap-df-admin::shutdown.completed[0m: [elapsed_ms=302][35m[0m
[2m2026-05-19T21:34:09.329Z[0m  [32mINFO [0m [1motap-df-admin::shutdown.requested[0m: [wait=true, timeout_secs=5][35m[0m
[2m2026-05-19T21:34:09.329Z[0m  [32mINFO [0m [1motap-df-admin::shutdown.blocking_wait[0m: [timeout_secs=5][35m[0m
[2m2026-05-19T21:34:09.329Z[0m  [32mINFO [0m [1motap-df-admin::shutdown.completed[0m: [elapsed_ms=0][35m[0m

================================================================================
Component: df-engine
Container ID: 35620eb7794153afbb5899947b0da44a5ce7ec113d71ff91dffe45068d8c3e0e
================================================================================
System Information:
  Available CPU cores: 32
  Available memory: 113.78 GB / 117.92 GB
  Build mode: release
  Memory allocator: jemalloc

Available Component URNs:
  Receivers: urn:otel:receiver:host_metrics, urn:otel:receiver:internal_telemetry, urn:otel:receiver:otap, urn:otel:receiver:otlp, urn:otel:receiver:stef, urn:otel:receiver:syslog_cef, urn:otel:receiver:topic, urn:otel:receiver:traffic_generator
  Processors: urn:otel:processor:attribute, urn:otel:processor:batch, urn:otel:processor:content_router, urn:otel:processor:debug, urn:otel:processor:delay, urn:otel:processor:durable_buffer, urn:otel:processor:fanout, urn:otel:processor:filter, urn:otel:processor:log_sampling, urn:otel:processor:retry, urn:otel:processor:temporal_reaggregation, urn:otel:processor:transform, urn:otel:processor:type_router
  Exporters: urn:otel:exporter:console, urn:otel:exporter:error, urn:otel:exporter:noop, urn:otel:exporter:otap, urn:otel:exporter:otlp_grpc, urn:otel:exporter:otlp_http, urn:otel:exporter:parquet, urn:otel:exporter:perf, urn:otel:exporter:stef, urn:otel:exporter:topic

Example configuration files can be found in the configs/ directory.
[2m2026-05-19T21:33:26.760Z[0m  [32mINFO [0m [1motap-df-controller::pipeline.core_allocation[0m: [pipeline_group_id=default, pipeline_id=main, num_cores=1, core_allocation=0]
[2m2026-05-19T21:33:26.762Z[0m  [32mINFO [0m [1motap-df-contrib-nodes::stef.exporter.grpc.start[0m: [grpc_endpoint=http://backend-service:1235, stef_compression=Zstd][35m entity/node.attrs: node.id=exporter node.urn=urn:otel:exporter:stef node.type=exporter pipeline.id=main pipeline.group.id=default deployment.generation=0 core.id=0 numa.node.id=0 process.instance.id=AGPEEKDPM5ZDHLCX3XR2MVOQ6A host.id=35620eb77941 container.id=[0m
[2m2026-05-19T21:33:26.762Z[0m  [32mINFO [0m [1motap-df-contrib-nodes::stef.receiver.grpc.start[0m: Starting STEF gRPC receiver [endpoint=0.0.0.0:4320][35m entity/node.attrs: node.id=receiver node.urn=urn:otel:receiver:stef node.type=receiver pipeline.id=main pipeline.group.id=default deployment.generation=0 core.id=0 numa.node.id=0 process.instance.id=AGPEEKDPM5ZDHLCX3XR2MVOQ6A host.id=35620eb77941 container.id=[0m
[2m2026-05-19T21:33:26.763Z[0m  [32mINFO [0m [1motap-df-admin::endpoint.start[0m: Admin HTTP server listening [bind_address=0.0.0.0:8080][35m[0m
[2m2026-05-19T21:34:09.331Z[0m  [32mINFO [0m [1motap-df-admin::shutdown.requested[0m: [wait=true, timeout_secs=5][35m[0m
[2m2026-05-19T21:34:09.331Z[0m  [32mINFO [0m [1motap-df-admin::shutdown.blocking_wait[0m: [timeout_secs=5][35m[0m
[2m2026-05-19T21:34:09.343Z[0m  [32mINFO [0m [1motap-df-state::state.observed_event[0m: global shutdown [pipeline_group_id=default, pipeline_id=main, core_id=0, event_type=ShutdownRequested][35m[0m
[2m2026-05-19T21:34:09.343Z[0m  [32mINFO [0m [1motap-df-contrib-nodes::stef.receiver.drain_ingress[0m[35m entity/node.attrs: node.id=receiver node.urn=urn:otel:receiver:stef node.type=receiver pipeline.id=main pipeline.group.id=default deployment.generation=0 core.id=0 numa.node.id=0 process.instance.id=AGPEEKDPM5ZDHLCX3XR2MVOQ6A host.id=35620eb77941 container.id=[0m
[2m2026-05-19T21:34:09.343Z[0m  [32mINFO [0m [1motap-df-contrib-nodes::stef.exporter.grpc.shutdown[0m[35m entity/node.attrs: node.id=exporter node.urn=urn:otel:exporter:stef node.type=exporter pipeline.id=main pipeline.group.id=default deployment.generation=0 core.id=0 numa.node.id=0 process.instance.id=AGPEEKDPM5ZDHLCX3XR2MVOQ6A host.id=35620eb77941 container.id=[0m
[2m2026-05-19T21:34:09.432Z[0m  [32mINFO [0m [1motap-df-admin::shutdown.completed[0m: [elapsed_ms=101][35m[0m

================================================================================
Component: backend-service
Container ID: ef928c52f6d6d141ba43c0a8ee34ec4130e4027655a6430c38d72f7db6ae6a62
================================================================================
System Information:
  Available CPU cores: 32
  Available memory: 113.79 GB / 117.92 GB
  Build mode: release
  Memory allocator: jemalloc

Available Component URNs:
  Receivers: urn:otel:receiver:host_metrics, urn:otel:receiver:internal_telemetry, urn:otel:receiver:otap, urn:otel:receiver:otlp, urn:otel:receiver:stef, urn:otel:receiver:syslog_cef, urn:otel:receiver:topic, urn:otel:receiver:traffic_generator
  Processors: urn:otel:processor:attribute, urn:otel:processor:batch, urn:otel:processor:content_router, urn:otel:processor:debug, urn:otel:processor:delay, urn:otel:processor:durable_buffer, urn:otel:processor:fanout, urn:otel:processor:filter, urn:otel:processor:log_sampling, urn:otel:processor:retry, urn:otel:processor:temporal_reaggregation, urn:otel:processor:transform, urn:otel:processor:type_router
  Exporters: urn:otel:exporter:console, urn:otel:exporter:error, urn:otel:exporter:noop, urn:otel:exporter:otap, urn:otel:exporter:otlp_grpc, urn:otel:exporter:otlp_http, urn:otel:exporter:parquet, urn:otel:exporter:perf, urn:otel:exporter:stef, urn:otel:exporter:topic

Example configuration files can be found in the configs/ directory.
[2m2026-05-19T21:33:25.462Z[0m  [32mINFO [0m [1motap-df-controller::pipeline.core_allocation[0m: [pipeline_group_id=default, pipeline_id=main, num_cores=1, core_allocation=1]
[2m2026-05-19T21:33:25.464Z[0m  [32mINFO [0m [1motap-df-core-nodes::perf_exporter.start[0m: Starting Perf Exporter [frequency_ms=500][35m entity/node.attrs: node.id=perf node.urn=urn:otel:exporter:perf node.type=exporter pipeline.id=main pipeline.group.id=default deployment.generation=0 core.id=1 numa.node.id=0 process.instance.id=AGPEEKDKKV4SDMKFVRU4PXHMFA host.id=ef928c52f6d6 container.id=[0m
[2m2026-05-19T21:33:25.464Z[0m  [32mINFO [0m [1motap-df-contrib-nodes::stef.receiver.grpc.start[0m: Starting STEF gRPC receiver [endpoint=0.0.0.0:1235][35m entity/node.attrs: node.id=receiver node.urn=urn:otel:receiver:stef node.type=receiver pipeline.id=main pipeline.group.id=default deployment.generation=0 core.id=1 numa.node.id=0 process.instance.id=AGPEEKDKKV4SDMKFVRU4PXHMFA host.id=ef928c52f6d6 container.id=[0m
[2m2026-05-19T21:33:25.465Z[0m  [32mINFO [0m [1motap-df-admin::endpoint.start[0m: Admin HTTP server listening [bind_address=0.0.0.0:8080][35m[0m

================================================================================
END OF CONTAINER LOGS
================================================================================
[2026-05-19 21:34:48] INFO | ctx.type=- ctx.name=- | Starting Test: 600k
[2026-05-19 21:34:48] INFO | ctx.type=ScenarioContext ctx.name=600k | Running 14 test steps...
[2026-05-19 21:34:48] INFO | ctx.type=FrameworkElementHookContext ctx.name=RenderTemplateHook (pre_run) | Rendered template saved to .data/dfe_metrics_stef_zstd_baseline/20260519_213201/tests/600k/backend-config.rendered.yaml
[2026-05-19 21:34:48] INFO | ctx.type=StepContext ctx.name=Deploy Backend Engine | Executing main step action...
[2026-05-19 21:34:50] INFO | ctx.type=FrameworkElementHookContext ctx.name=ReadyCheckHttpHook (post_run) | Ready check passed on attempt 2
[2026-05-19 21:34:50] INFO | ctx.type=FrameworkElementHookContext ctx.name=RenderTemplateHook (pre_run) | Rendered template saved to .data/dfe_metrics_stef_zstd_baseline/20260519_213201/tests/600k/engine-config.rendered.yaml
[2026-05-19 21:34:50] INFO | ctx.type=StepContext ctx.name=Deploy Dataflow Engine | Executing main step action...
[2026-05-19 21:34:51] INFO | ctx.type=FrameworkElementHookContext ctx.name=ReadyCheckHttpHook (post_run) | Ready check passed on attempt 2
[2026-05-19 21:34:51] INFO | ctx.type=FrameworkElementHookContext ctx.name=RenderTemplateHook (pre_run) | Rendered template saved to .data/dfe_metrics_stef_zstd_baseline/20260519_213201/tests/600k/loadgen-config.rendered.yaml
[2026-05-19 21:34:51] INFO | ctx.type=StepContext ctx.name=Deploy Load Generator | Executing main step action...
[2026-05-19 21:34:52] INFO | ctx.type=FrameworkElementHookContext ctx.name=ReadyCheckHttpHook (post_run) | Ready check passed on attempt 2
[2026-05-19 21:34:52] INFO | ctx.type=StepContext ctx.name=Monitor All | Executing main step action...
[2026-05-19 21:34:52] INFO | ctx.type=StepContext ctx.name=Wait for data | Executing main step action...
[2026-05-19 21:35:02] INFO | ctx.type=StepContext ctx.name=Observe Load | Executing main step action...
[2026-05-19 21:35:22] INFO | ctx.type=StepContext ctx.name=Wait Before Drain | Executing main step action...
[2026-05-19 21:35:32] INFO | ctx.type=StepContext ctx.name=Stop Load Generator | Executing main step action...
[2026-05-19 21:35:32] INFO | ctx.type=StepContext ctx.name=Stop Engine | Executing main step action...
[2026-05-19 21:35:33] INFO | ctx.type=StepContext ctx.name=Stop Backend | Executing main step action...
[2026-05-19 21:35:33] INFO | ctx.type=StepContext ctx.name=Wait For Metrics Update | Executing main step action...
[2026-05-19 21:35:34] INFO | ctx.type=StepContext ctx.name=Stop Monitoring All | Executing main step action...
[2026-05-19 21:35:39] INFO | ctx.type=StepContext ctx.name=Destroy All | Executing main step action...
[2026-05-19 21:36:10] INFO | ctx.type=StepContext ctx.name=Run Report | Executing main step action...

# DF Engine 400k - DFE STEF Baseline w/ Zstd (Metrics)

## Table: metadata_filtered
  
**Description**: Information about the test suite and report.
  
| Attribute        | Value                                                |
|:-----------------|:-----------------------------------------------------|
| test.suite.start | 2026-05-19T21:32:02.688855+00:00                     |
| test.suite       | DFE STEF Baseline w/ Zstd (Metrics)                  |
| test.step        | Run Report                                           |
| test.start       | 2026-05-19T21:33:25.138452+00:00                     |
| test.name        | 400k                                                 |
| report.type      | sql_report                                           |
| report.time      | 2026-05-19T21:34:46.259299+00:00                     |
| report.name      | DF Engine 400k - DFE STEF Baseline w/ Zstd (Metrics) |
| code.sha         | 6eafd2676d480c0c3d2671aafbb0fb44f5b2a587             |
| code.dirty       | True                                                 |
| code.branch      | stef-benchmarks                                      |


## Table: send_receive_rates_by_core
  
**Description**: Core Specific increase and average rate of various send / receive metrics
  
| component_name   | metric_name      |   core_id |   total_increase |   average_rate |
|:-----------------|:-----------------|----------:|-----------------:|---------------:|
| backend-service  | metrics          |         1 |       6.936e+06  |       355583   |
| load-generator   | metrics_produced |         2 |       1.734e+06  |        88469.3 |
| load-generator   | metrics_produced |         3 |       1.6473e+06 |        84189.8 |
| load-generator   | metrics_produced |         4 |       1.6473e+06 |        84195.5 |
| load-generator   | metrics_produced |         5 |       1.6473e+06 |        84189.8 |


## Table: aggregate_send_receive_rates
  
**Description**: Cumulative increase and average rate of various send / receive metrics
  
| component_name   | metric_name      |   total_increase |   average_rate |
|:-----------------|:-----------------|-----------------:|---------------:|
| load-generator   | metrics_produced |       6.6759e+06 |         341044 |
| backend-service  | metrics          |       6.936e+06  |         355583 |


## Table: component_resource_metrics
  
**Description**: CPU and Memory metrics for the components in the Test Suite during the test.
  
| component_name   | metric_name            |   min_value |   avg_value |   max_value |
|:-----------------|:-----------------------|------------:|------------:|------------:|
| load-generator   | container.cpu.usage    | 0.294511    | 0.297184    | 0.301139    |
| load-generator   | container.memory.usage | 3.34205e+08 | 3.3552e+08  | 3.38452e+08 |
| df-engine        | container.memory.usage | 4.59768e+08 | 7.95607e+08 | 1.1369e+09  |
| df-engine        | container.cpu.usage    | 0.410693    | 0.414643    | 0.419928    |
| backend-service  | container.cpu.usage    | 0.239248    | 0.271542    | 0.441459    |
| backend-service  | container.memory.usage | 4.44445e+08 | 7.64552e+08 | 1.08551e+09 |


## Table: metric_loss
  
**Description**: Lost metrics (failed or sent but not received) total and as a percentage
  
|   metrics_lost |   metrics_lost_pct |
|---------------:|-------------------:|
|        -260100 |          -0.038961 |


## Table: metric_throughput_rates
  
**Description**: Metric throughput rates (metrics/sec) calculated from total counts and observation window duration
  
| metric_name      |   total_increase |   metrics_per_second |
|:-----------------|-----------------:|---------------------:|
| metrics_produced |       6.6759e+06 |               341860 |
| metrics          |       6.936e+06  |               355179 |


## Table: gh_actions_benchmark
  
**Description**: The final metrics used with gh_actions_benchmark.
  
| name                          | unit        |       value | extra                                                          |
|:------------------------------|:------------|------------:|:---------------------------------------------------------------|
| dropped_metrics_percentage    | %           |     -3.8961 | DFE STEF Baseline w/ Zstd (Metrics)/400k - Dropped Metrics %   |
| cpu_percentage_normalized_avg | %           |     41.4643 | DFE STEF Baseline w/ Zstd (Metrics)/400k - CPU % (Normalized)  |
| cpu_percentage_normalized_max | %           |     41.9928 | DFE STEF Baseline w/ Zstd (Metrics)/400k - CPU % (Normalized)  |
| ram_mib_avg                   | MiB         |    758.75   | DFE STEF Baseline w/ Zstd (Metrics)/400k - RAM (MiB)           |
| ram_mib_max                   | MiB         |   1084.23   | DFE STEF Baseline w/ Zstd (Metrics)/400k - RAM (MiB)           |
| metrics_produced_rate         | metrics/sec | 341860      | DFE STEF Baseline w/ Zstd (Metrics)/400k - Metric Throughput   |
| metrics_received_rate         | metrics/sec | 355179      | DFE STEF Baseline w/ Zstd (Metrics)/400k - Metric Throughput   |
| test_duration                 | seconds     |     20.0006 | DFE STEF Baseline w/ Zstd (Metrics)/400k - Test Duration       |
| network_tx_bytes_rate_avg     | bytes/sec   | 791152      | DFE STEF Baseline w/ Zstd (Metrics)/400k - Network Utilization |
| network_rx_bytes_rate_avg     | bytes/sec   | 101763      | DFE STEF Baseline w/ Zstd (Metrics)/400k - Network Utilization |




================================================================================
DOCKER CONTAINER LOGS
================================================================================

================================================================================
Component: load-generator
Container ID: 2bc459c2a7aad17f600183a585cd0e8bf523cc0225bf3c893bfd5c43c1eb27c0
================================================================================
System Information:
  Available CPU cores: 32
  Available memory: 113.60 GB / 117.92 GB
  Build mode: release
  Memory allocator: jemalloc

Available Component URNs:
  Receivers: urn:otel:receiver:host_metrics, urn:otel:receiver:internal_telemetry, urn:otel:receiver:otap, urn:otel:receiver:otlp, urn:otel:receiver:stef, urn:otel:receiver:syslog_cef, urn:otel:receiver:topic, urn:otel:receiver:traffic_generator
  Processors: urn:otel:processor:attribute, urn:otel:processor:batch, urn:otel:processor:content_router, urn:otel:processor:debug, urn:otel:processor:delay, urn:otel:processor:durable_buffer, urn:otel:processor:fanout, urn:otel:processor:filter, urn:otel:processor:log_sampling, urn:otel:processor:retry, urn:otel:processor:temporal_reaggregation, urn:otel:processor:transform, urn:otel:processor:type_router
  Exporters: urn:otel:exporter:console, urn:otel:exporter:error, urn:otel:exporter:noop, urn:otel:exporter:otap, urn:otel:exporter:otlp_grpc, urn:otel:exporter:otlp_http, urn:otel:exporter:parquet, urn:otel:exporter:perf, urn:otel:exporter:stef, urn:otel:exporter:topic

Example configuration files can be found in the configs/ directory.
[2m2026-05-19T21:34:51.886Z[0m  [32mINFO [0m [1motap-df-controller::pipeline.core_allocation[0m: [pipeline_group_id=default, pipeline_id=main, num_cores=6, core_allocation=2-7]
[2m2026-05-19T21:34:51.891Z[0m  [32mINFO [0m [1motap-df-contrib-nodes::stef.exporter.grpc.start[0m: [grpc_endpoint=http://df-engine:4320, stef_compression=Zstd][35m entity/node.attrs: node.id=exporter node.urn=urn:otel:exporter:stef node.type=exporter pipeline.id=main pipeline.group.id=default deployment.generation=0 core.id=3 numa.node.id=0 process.instance.id=AGPEEKN35V5UDPRHSIK7RC36F4 host.id=2bc459c2a7aa container.id=[0m
[2m2026-05-19T21:34:51.891Z[0m  [32mINFO [0m [1motap-df-contrib-nodes::stef.exporter.grpc.start[0m: [grpc_endpoint=http://df-engine:4320, stef_compression=Zstd][35m entity/node.attrs: node.id=exporter node.urn=urn:otel:exporter:stef node.type=exporter pipeline.id=main pipeline.group.id=default deployment.generation=0 core.id=2 numa.node.id=0 process.instance.id=AGPEEKN35V5UDPRHSIK7RC36F4 host.id=2bc459c2a7aa container.id=[0m
[2m2026-05-19T21:34:51.891Z[0m  [32mINFO [0m [1motap-df-contrib-nodes::stef.exporter.grpc.start[0m: [grpc_endpoint=http://df-engine:4320, stef_compression=Zstd][35m entity/node.attrs: node.id=exporter node.urn=urn:otel:exporter:stef node.type=exporter pipeline.id=main pipeline.group.id=default deployment.generation=0 core.id=4 numa.node.id=0 process.instance.id=AGPEEKN35V5UDPRHSIK7RC36F4 host.id=2bc459c2a7aa container.id=[0m
[2m2026-05-19T21:34:51.892Z[0m  [32mINFO [0m [1motap-df-contrib-nodes::stef.exporter.grpc.start[0m: [grpc_endpoint=http://df-engine:4320, stef_compression=Zstd][35m entity/node.attrs: node.id=exporter node.urn=urn:otel:exporter:stef node.type=exporter pipeline.id=main pipeline.group.id=default deployment.generation=0 core.id=5 numa.node.id=0 process.instance.id=AGPEEKN35V5UDPRHSIK7RC36F4 host.id=2bc459c2a7aa container.id=[0m
[2m2026-05-19T21:34:51.892Z[0m  [32mINFO [0m [1motap-df-contrib-nodes::stef.exporter.grpc.start[0m: [grpc_endpoint=http://df-engine:4320, stef_compression=Zstd][35m entity/node.attrs: node.id=exporter node.urn=urn:otel:exporter:stef node.type=exporter pipeline.id=main pipeline.group.id=default deployment.generation=0 core.id=6 numa.node.id=0 process.instance.id=AGPEEKN35V5UDPRHSIK7RC36F4 host.id=2bc459c2a7aa container.id=[0m
[2m2026-05-19T21:34:51.892Z[0m  [32mINFO [0m [1motap-df-contrib-nodes::stef.exporter.grpc.start[0m: [grpc_endpoint=http://df-engine:4320, stef_compression=Zstd][35m entity/node.attrs: node.id=exporter node.urn=urn:otel:exporter:stef node.type=exporter pipeline.id=main pipeline.group.id=default deployment.generation=0 core.id=7 numa.node.id=0 process.instance.id=AGPEEKN35V5UDPRHSIK7RC36F4 host.id=2bc459c2a7aa container.id=[0m
[2m2026-05-19T21:34:51.892Z[0m  [32mINFO [0m [1motap-df-admin::endpoint.start[0m: Admin HTTP server listening [bind_address=0.0.0.0:8080][35m[0m
[2m2026-05-19T21:35:32.867Z[0m  [32mINFO [0m [1motap-df-admin::shutdown.requested[0m: [wait=true, timeout_secs=5][35m[0m
[2m2026-05-19T21:35:32.867Z[0m  [32mINFO [0m [1motap-df-admin::shutdown.blocking_wait[0m: [timeout_secs=5][35m[0m
[2m2026-05-19T21:35:32.867Z[0m  [32mINFO [0m [1motap-df-state::state.observed_event[0m: global shutdown [pipeline_group_id=default, pipeline_id=main, core_id=2, event_type=ShutdownRequested][35m[0m
[2m2026-05-19T21:35:32.867Z[0m  [32mINFO [0m [1motap-df-state::state.observed_event[0m: global shutdown [pipeline_group_id=default, pipeline_id=main, core_id=3, event_type=ShutdownRequested][35m[0m
[2m2026-05-19T21:35:32.867Z[0m  [32mINFO [0m [1motap-df-state::state.observed_event[0m: global shutdown [pipeline_group_id=default, pipeline_id=main, core_id=5, event_type=ShutdownRequested][35m[0m
[2m2026-05-19T21:35:32.867Z[0m  [32mINFO [0m [1motap-df-state::state.observed_event[0m: global shutdown [pipeline_group_id=default, pipeline_id=main, core_id=4, event_type=ShutdownRequested][35m[0m
[2m2026-05-19T21:35:32.867Z[0m  [32mINFO [0m [1motap-df-state::state.observed_event[0m: global shutdown [pipeline_group_id=default, pipeline_id=main, core_id=6, event_type=ShutdownRequested][35m[0m
[2m2026-05-19T21:35:32.867Z[0m  [32mINFO [0m [1motap-df-state::state.observed_event[0m: global shutdown [pipeline_group_id=default, pipeline_id=main, core_id=7, event_type=ShutdownRequested][35m[0m
[2m2026-05-19T21:35:32.867Z[0m  [32mINFO [0m [1motap-df-core-nodes::traffic_generator.drain_ingress[0m[35m entity/node.attrs: node.id=receiver node.urn=urn:otel:receiver:traffic_generator node.type=receiver pipeline.id=main pipeline.group.id=default deployment.generation=0 core.id=3 numa.node.id=0 process.instance.id=AGPEEKN35V5UDPRHSIK7RC36F4 host.id=2bc459c2a7aa container.id=[0m
[2m2026-05-19T21:35:32.867Z[0m  [32mINFO [0m [1motap-df-core-nodes::traffic_generator.drain_ingress[0m[35m entity/node.attrs: node.id=receiver node.urn=urn:otel:receiver:traffic_generator node.type=receiver pipeline.id=main pipeline.group.id=default deployment.generation=0 core.id=4 numa.node.id=0 process.instance.id=AGPEEKN35V5UDPRHSIK7RC36F4 host.id=2bc459c2a7aa container.id=[0m
[2m2026-05-19T21:35:32.867Z[0m  [32mINFO [0m [1motap-df-core-nodes::traffic_generator.drain_ingress[0m[35m entity/node.attrs: node.id=receiver node.urn=urn:otel:receiver:traffic_generator node.type=receiver pipeline.id=main pipeline.group.id=default deployment.generation=0 core.id=2 numa.node.id=0 process.instance.id=AGPEEKN35V5UDPRHSIK7RC36F4 host.id=2bc459c2a7aa container.id=[0m
[2m2026-05-19T21:35:32.867Z[0m  [32mINFO [0m [1motap-df-core-nodes::traffic_generator.drain_ingress[0m[35m entity/node.attrs: node.id=receiver node.urn=urn:otel:receiver:traffic_generator node.type=receiver pipeline.id=main pipeline.group.id=default deployment.generation=0 core.id=5 numa.node.id=0 process.instance.id=AGPEEKN35V5UDPRHSIK7RC36F4 host.id=2bc459c2a7aa container.id=[0m
[2m2026-05-19T21:35:32.867Z[0m  [32mINFO [0m [1motap-df-core-nodes::traffic_generator.drain_ingress[0m[35m entity/node.attrs: node.id=receiver node.urn=urn:otel:receiver:traffic_generator node.type=receiver pipeline.id=main pipeline.group.id=default deployment.generation=0 core.id=6 numa.node.id=0 process.instance.id=AGPEEKN35V5UDPRHSIK7RC36F4 host.id=2bc459c2a7aa container.id=[0m
[2m2026-05-19T21:35:32.867Z[0m  [32mINFO [0m [1motap-df-core-nodes::traffic_generator.drain_ingress[0m[35m entity/node.attrs: node.id=receiver node.urn=urn:otel:receiver:traffic_generator node.type=receiver pipeline.id=main pipeline.group.id=default deployment.generation=0 core.id=7 numa.node.id=0 process.instance.id=AGPEEKN35V5UDPRHSIK7RC36F4 host.id=2bc459c2a7aa container.id=[0m
[2m2026-05-19T21:35:32.869Z[0m  [32mINFO [0m [1motap-df-contrib-nodes::stef.exporter.grpc.shutdown[0m[35m entity/node.attrs: node.id=exporter node.urn=urn:otel:exporter:stef node.type=exporter pipeline.id=main pipeline.group.id=default deployment.generation=0 core.id=7 numa.node.id=0 process.instance.id=AGPEEKN35V5UDPRHSIK7RC36F4 host.id=2bc459c2a7aa container.id=[0m
[2m2026-05-19T21:35:32.869Z[0m  [32mINFO [0m [1motap-df-contrib-nodes::stef.exporter.grpc.shutdown[0m[35m entity/node.attrs: node.id=exporter node.urn=urn:otel:exporter:stef node.type=exporter pipeline.id=main pipeline.group.id=default deployment.generation=0 core.id=2 numa.node.id=0 process.instance.id=AGPEEKN35V5UDPRHSIK7RC36F4 host.id=2bc459c2a7aa container.id=[0m
[2m2026-05-19T21:35:32.869Z[0m  [32mINFO [0m [1motap-df-contrib-nodes::stef.exporter.grpc.shutdown[0m[35m entity/node.attrs: node.id=exporter node.urn=urn:otel:exporter:stef node.type=exporter pipeline.id=main pipeline.group.id=default deployment.generation=0 core.id=4 numa.node.id=0 process.instance.id=AGPEEKN35V5UDPRHSIK7RC36F4 host.id=2bc459c2a7aa container.id=[0m
[2m2026-05-19T21:35:32.869Z[0m  [32mINFO [0m [1motap-df-contrib-nodes::stef.exporter.grpc.shutdown[0m[35m entity/node.attrs: node.id=exporter node.urn=urn:otel:exporter:stef node.type=exporter pipeline.id=main pipeline.group.id=default deployment.generation=0 core.id=3 numa.node.id=0 process.instance.id=AGPEEKN35V5UDPRHSIK7RC36F4 host.id=2bc459c2a7aa container.id=[0m
[2m2026-05-19T21:35:32.869Z[0m  [32mINFO [0m [1motap-df-contrib-nodes::stef.exporter.grpc.shutdown[0m[35m entity/node.attrs: node.id=exporter node.urn=urn:otel:exporter:stef node.type=exporter pipeline.id=main pipeline.group.id=default deployment.generation=0 core.id=5 numa.node.id=0 process.instance.id=AGPEEKN35V5UDPRHSIK7RC36F4 host.id=2bc459c2a7aa container.id=[0m
[2m2026-05-19T21:35:32.869Z[0m  [32mINFO [0m [1motap-df-contrib-nodes::stef.exporter.grpc.shutdown[0m[35m entity/node.attrs: node.id=exporter node.urn=urn:otel:exporter:stef node.type=exporter pipeline.id=main pipeline.group.id=default deployment.generation=0 core.id=6 numa.node.id=0 process.instance.id=AGPEEKN35V5UDPRHSIK7RC36F4 host.id=2bc459c2a7aa container.id=[0m
[2m2026-05-19T21:35:32.968Z[0m  [32mINFO [0m [1motap-df-admin::shutdown.completed[0m: [elapsed_ms=101][35m[0m
[2m2026-05-19T21:35:32.970Z[0m  [32mINFO [0m [1motap-df-admin::shutdown.requested[0m: [wait=true, timeout_secs=5][35m[0m
[2m2026-05-19T21:35:32.970Z[0m  [32mINFO [0m [1motap-df-admin::shutdown.blocking_wait[0m: [timeout_secs=5][35m[0m
[2m2026-05-19T21:35:32.970Z[0m  [32mINFO [0m [1motap-df-admin::shutdown.completed[0m: [elapsed_ms=0][35m[0m

================================================================================
Component: df-engine
Container ID: 8772e7fdad3ec088ce02493a5980b4b32ce81192408bbcb200f43196b63712a2
================================================================================
System Information:
  Available CPU cores: 32
  Available memory: 113.65 GB / 117.92 GB
  Build mode: release
  Memory allocator: jemalloc

Available Component URNs:
  Receivers: urn:otel:receiver:host_metrics, urn:otel:receiver:internal_telemetry, urn:otel:receiver:otap, urn:otel:receiver:otlp, urn:otel:receiver:stef, urn:otel:receiver:syslog_cef, urn:otel:receiver:topic, urn:otel:receiver:traffic_generator
  Processors: urn:otel:processor:attribute, urn:otel:processor:batch, urn:otel:processor:content_router, urn:otel:processor:debug, urn:otel:processor:delay, urn:otel:processor:durable_buffer, urn:otel:processor:fanout, urn:otel:processor:filter, urn:otel:processor:log_sampling, urn:otel:processor:retry, urn:otel:processor:temporal_reaggregation, urn:otel:processor:transform, urn:otel:processor:type_router
  Exporters: urn:otel:exporter:console, urn:otel:exporter:error, urn:otel:exporter:noop, urn:otel:exporter:otap, urn:otel:exporter:otlp_grpc, urn:otel:exporter:otlp_http, urn:otel:exporter:parquet, urn:otel:exporter:perf, urn:otel:exporter:stef, urn:otel:exporter:topic

Example configuration files can be found in the configs/ directory.
[2m2026-05-19T21:34:50.576Z[0m  [32mINFO [0m [1motap-df-controller::pipeline.core_allocation[0m: [pipeline_group_id=default, pipeline_id=main, num_cores=1, core_allocation=0]
[2m2026-05-19T21:34:50.578Z[0m  [32mINFO [0m [1motap-df-contrib-nodes::stef.exporter.grpc.start[0m: [grpc_endpoint=http://backend-service:1235, stef_compression=Zstd][35m entity/node.attrs: node.id=exporter node.urn=urn:otel:exporter:stef node.type=exporter pipeline.id=main pipeline.group.id=default deployment.generation=0 core.id=0 numa.node.id=0 process.instance.id=AGPEEKNWZ54TFHQCOAMAFQDLDI host.id=8772e7fdad3e container.id=[0m
[2m2026-05-19T21:34:50.579Z[0m  [32mINFO [0m [1motap-df-contrib-nodes::stef.receiver.grpc.start[0m: Starting STEF gRPC receiver [endpoint=0.0.0.0:4320][35m entity/node.attrs: node.id=receiver node.urn=urn:otel:receiver:stef node.type=receiver pipeline.id=main pipeline.group.id=default deployment.generation=0 core.id=0 numa.node.id=0 process.instance.id=AGPEEKNWZ54TFHQCOAMAFQDLDI host.id=8772e7fdad3e container.id=[0m
[2m2026-05-19T21:34:50.579Z[0m  [32mINFO [0m [1motap-df-admin::endpoint.start[0m: Admin HTTP server listening [bind_address=0.0.0.0:8080][35m[0m
[2m2026-05-19T21:35:32.971Z[0m  [32mINFO [0m [1motap-df-admin::shutdown.requested[0m: [wait=true, timeout_secs=5][35m[0m
[2m2026-05-19T21:35:32.971Z[0m  [32mINFO [0m [1motap-df-admin::shutdown.blocking_wait[0m: [timeout_secs=5][35m[0m
[2m2026-05-19T21:35:33.102Z[0m  [32mINFO [0m [1motap-df-state::state.observed_event[0m: global shutdown [pipeline_group_id=default, pipeline_id=main, core_id=0, event_type=ShutdownRequested][35m[0m
[2m2026-05-19T21:35:33.102Z[0m  [32mINFO [0m [1motap-df-contrib-nodes::stef.receiver.drain_ingress[0m[35m[0m
[2m2026-05-19T21:35:33.336Z[0m  [32mINFO [0m [1motap-df-contrib-nodes::stef.exporter.grpc.shutdown[0m[35m entity/node.attrs: node.id=exporter node.urn=urn:otel:exporter:stef node.type=exporter pipeline.id=main pipeline.group.id=default deployment.generation=0 core.id=0 numa.node.id=0 process.instance.id=AGPEEKNWZ54TFHQCOAMAFQDLDI host.id=8772e7fdad3e container.id=[0m
[2m2026-05-19T21:35:33.376Z[0m  [32mINFO [0m [1motap-df-admin::shutdown.completed[0m: [elapsed_ms=404][35m[0m

================================================================================
Component: backend-service
Container ID: f05a70cab8ccd9a65e698e73541b7518df25417567fdb392e2c94c94fd57155c
================================================================================
System Information:
  Available CPU cores: 32
  Available memory: 113.65 GB / 117.92 GB
  Build mode: release
  Memory allocator: jemalloc

Available Component URNs:
  Receivers: urn:otel:receiver:host_metrics, urn:otel:receiver:internal_telemetry, urn:otel:receiver:otap, urn:otel:receiver:otlp, urn:otel:receiver:stef, urn:otel:receiver:syslog_cef, urn:otel:receiver:topic, urn:otel:receiver:traffic_generator
  Processors: urn:otel:processor:attribute, urn:otel:processor:batch, urn:otel:processor:content_router, urn:otel:processor:debug, urn:otel:processor:delay, urn:otel:processor:durable_buffer, urn:otel:processor:fanout, urn:otel:processor:filter, urn:otel:processor:log_sampling, urn:otel:processor:retry, urn:otel:processor:temporal_reaggregation, urn:otel:processor:transform, urn:otel:processor:type_router
  Exporters: urn:otel:exporter:console, urn:otel:exporter:error, urn:otel:exporter:noop, urn:otel:exporter:otap, urn:otel:exporter:otlp_grpc, urn:otel:exporter:otlp_http, urn:otel:exporter:parquet, urn:otel:exporter:perf, urn:otel:exporter:stef, urn:otel:exporter:topic

Example configuration files can be found in the configs/ directory.
[2m2026-05-19T21:34:49.292Z[0m  [32mINFO [0m [1motap-df-controller::pipeline.core_allocation[0m: [pipeline_group_id=default, pipeline_id=main, num_cores=1, core_allocation=1]
[2m2026-05-19T21:34:49.295Z[0m  [32mINFO [0m [1motap-df-core-nodes::perf_exporter.start[0m: Starting Perf Exporter [frequency_ms=500][35m entity/node.attrs: node.id=perf node.urn=urn:otel:exporter:perf node.type=exporter pipeline.id=main pipeline.group.id=default deployment.generation=0 core.id=1 numa.node.id=0 process.instance.id=AGPEEKNRZN6ODMUQCQCH4DPKXA host.id=f05a70cab8cc container.id=[0m
[2m2026-05-19T21:34:49.295Z[0m  [32mINFO [0m [1motap-df-contrib-nodes::stef.receiver.grpc.start[0m: Starting STEF gRPC receiver [endpoint=0.0.0.0:1235][35m entity/node.attrs: node.id=receiver node.urn=urn:otel:receiver:stef node.type=receiver pipeline.id=main pipeline.group.id=default deployment.generation=0 core.id=1 numa.node.id=0 process.instance.id=AGPEEKNRZN6ODMUQCQCH4DPKXA host.id=f05a70cab8cc container.id=[0m
[2m2026-05-19T21:34:49.295Z[0m  [32mINFO [0m [1motap-df-admin::endpoint.start[0m: Admin HTTP server listening [bind_address=0.0.0.0:8080][35m[0m

================================================================================
END OF CONTAINER LOGS
================================================================================
[2026-05-19 21:36:15] INFO | ctx.type=- ctx.name=- | Starting Test: 800k
[2026-05-19 21:36:15] INFO | ctx.type=ScenarioContext ctx.name=800k | Running 14 test steps...
[2026-05-19 21:36:15] INFO | ctx.type=FrameworkElementHookContext ctx.name=RenderTemplateHook (pre_run) | Rendered template saved to .data/dfe_metrics_stef_zstd_baseline/20260519_213201/tests/800k/backend-config.rendered.yaml
[2026-05-19 21:36:15] INFO | ctx.type=StepContext ctx.name=Deploy Backend Engine | Executing main step action...
[2026-05-19 21:36:16] INFO | ctx.type=FrameworkElementHookContext ctx.name=ReadyCheckHttpHook (post_run) | Ready check passed on attempt 2
[2026-05-19 21:36:16] INFO | ctx.type=FrameworkElementHookContext ctx.name=RenderTemplateHook (pre_run) | Rendered template saved to .data/dfe_metrics_stef_zstd_baseline/20260519_213201/tests/800k/engine-config.rendered.yaml
[2026-05-19 21:36:16] INFO | ctx.type=StepContext ctx.name=Deploy Dataflow Engine | Executing main step action...
[2026-05-19 21:36:17] INFO | ctx.type=FrameworkElementHookContext ctx.name=ReadyCheckHttpHook (post_run) | Ready check passed on attempt 2
[2026-05-19 21:36:17] INFO | ctx.type=FrameworkElementHookContext ctx.name=RenderTemplateHook (pre_run) | Rendered template saved to .data/dfe_metrics_stef_zstd_baseline/20260519_213201/tests/800k/loadgen-config.rendered.yaml
[2026-05-19 21:36:17] INFO | ctx.type=StepContext ctx.name=Deploy Load Generator | Executing main step action...
[2026-05-19 21:36:19] INFO | ctx.type=FrameworkElementHookContext ctx.name=ReadyCheckHttpHook (post_run) | Ready check passed on attempt 2
[2026-05-19 21:36:19] INFO | ctx.type=StepContext ctx.name=Monitor All | Executing main step action...
[2026-05-19 21:36:19] INFO | ctx.type=StepContext ctx.name=Wait for data | Executing main step action...
[2026-05-19 21:36:29] INFO | ctx.type=StepContext ctx.name=Observe Load | Executing main step action...
[2026-05-19 21:36:49] INFO | ctx.type=StepContext ctx.name=Wait Before Drain | Executing main step action...
[2026-05-19 21:36:59] INFO | ctx.type=StepContext ctx.name=Stop Load Generator | Executing main step action...
[2026-05-19 21:36:59] INFO | ctx.type=StepContext ctx.name=Stop Engine | Executing main step action...
[2026-05-19 21:37:00] INFO | ctx.type=StepContext ctx.name=Stop Backend | Executing main step action...
[2026-05-19 21:37:00] INFO | ctx.type=StepContext ctx.name=Wait For Metrics Update | Executing main step action...
[2026-05-19 21:37:01] INFO | ctx.type=StepContext ctx.name=Stop Monitoring All | Executing main step action...
[2026-05-19 21:37:05] INFO | ctx.type=StepContext ctx.name=Destroy All | Executing main step action...
[2026-05-19 21:37:36] INFO | ctx.type=StepContext ctx.name=Run Report | Executing main step action...

# DF Engine 600k - DFE STEF Baseline w/ Zstd (Metrics)

## Table: metadata_filtered
  
**Description**: Information about the test suite and report.
  
| Attribute        | Value                                                |
|:-----------------|:-----------------------------------------------------|
| test.suite.start | 2026-05-19T21:32:02.688855+00:00                     |
| test.suite       | DFE STEF Baseline w/ Zstd (Metrics)                  |
| test.step        | Run Report                                           |
| test.start       | 2026-05-19T21:34:48.984149+00:00                     |
| test.name        | 600k                                                 |
| report.type      | sql_report                                           |
| report.time      | 2026-05-19T21:36:10.459518+00:00                     |
| report.name      | DF Engine 600k - DFE STEF Baseline w/ Zstd (Metrics) |
| code.sha         | 6eafd2676d480c0c3d2671aafbb0fb44f5b2a587             |
| code.dirty       | True                                                 |
| code.branch      | stef-benchmarks                                      |


## Table: send_receive_rates_by_core
  
**Description**: Core Specific increase and average rate of various send / receive metrics
  
| component_name   | metric_name      |   core_id |   total_increase |   average_rate |
|:-----------------|:-----------------|----------:|-----------------:|---------------:|
| backend-service  | metrics          |         1 |      9.88293e+06 |       516445   |
| load-generator   | metrics_produced |         2 |      1.6473e+06  |        87676.3 |
| load-generator   | metrics_produced |         3 |      1.6473e+06  |        87292.5 |
| load-generator   | metrics_produced |         4 |      1.6473e+06  |        87699.8 |
| load-generator   | metrics_produced |         5 |      1.6473e+06  |        87676.3 |
| load-generator   | metrics_produced |         6 |      1.6473e+06  |        87207.3 |
| load-generator   | metrics_produced |         7 |      1.6473e+06  |        87675.6 |


## Table: aggregate_send_receive_rates
  
**Description**: Cumulative increase and average rate of various send / receive metrics
  
| component_name   | metric_name      |   total_increase |   average_rate |
|:-----------------|:-----------------|-----------------:|---------------:|
| load-generator   | metrics_produced |      9.8838e+06  |         525228 |
| backend-service  | metrics          |      9.88293e+06 |         516445 |


## Table: component_resource_metrics
  
**Description**: CPU and Memory metrics for the components in the Test Suite during the test.
  
| component_name   | metric_name            |   min_value |   avg_value |   max_value |
|:-----------------|:-----------------------|------------:|------------:|------------:|
| load-generator   | container.memory.usage | 4.81202e+08 | 4.83294e+08 | 4.89505e+08 |
| load-generator   | container.cpu.usage    | 0.44193     | 0.450476    | 0.489303    |
| df-engine        | container.cpu.usage    | 0.615463    | 0.654867    | 0.844627    |
| df-engine        | container.memory.usage | 6.22096e+08 | 1.12202e+09 | 1.62337e+09 |
| backend-service  | container.cpu.usage    | 0.286373    | 0.35426     | 0.419393    |
| backend-service  | container.memory.usage | 6.03521e+08 | 1.12016e+09 | 1.56418e+09 |


## Table: metric_loss
  
**Description**: Lost metrics (failed or sent but not received) total and as a percentage
  
|   metrics_lost |   metrics_lost_pct |
|---------------:|-------------------:|
|            867 |        8.77193e-05 |


## Table: metric_throughput_rates
  
**Description**: Metric throughput rates (metrics/sec) calculated from total counts and observation window duration
  
| metric_name      |   total_increase |   metrics_per_second |
|:-----------------|-----------------:|---------------------:|
| metrics_produced |      9.8838e+06  |               527603 |
| metrics          |      9.88293e+06 |               516358 |


## Table: gh_actions_benchmark
  
**Description**: The final metrics used with gh_actions_benchmark.
  
| name                          | unit        |           value | extra                                                          |
|:------------------------------|:------------|----------------:|:---------------------------------------------------------------|
| dropped_metrics_percentage    | %           |      0.00877193 | DFE STEF Baseline w/ Zstd (Metrics)/600k - Dropped Metrics %   |
| cpu_percentage_normalized_avg | %           |     65.4867     | DFE STEF Baseline w/ Zstd (Metrics)/600k - CPU % (Normalized)  |
| cpu_percentage_normalized_max | %           |     84.4627     | DFE STEF Baseline w/ Zstd (Metrics)/600k - CPU % (Normalized)  |
| ram_mib_avg                   | MiB         |   1070.04       | DFE STEF Baseline w/ Zstd (Metrics)/600k - RAM (MiB)           |
| ram_mib_max                   | MiB         |   1548.17       | DFE STEF Baseline w/ Zstd (Metrics)/600k - RAM (MiB)           |
| metrics_produced_rate         | metrics/sec | 527603          | DFE STEF Baseline w/ Zstd (Metrics)/600k - Metric Throughput   |
| metrics_received_rate         | metrics/sec | 516358          | DFE STEF Baseline w/ Zstd (Metrics)/600k - Metric Throughput   |
| test_duration                 | seconds     |     20.0007     | DFE STEF Baseline w/ Zstd (Metrics)/600k - Test Duration       |
| network_tx_bytes_rate_avg     | bytes/sec   |      1.1721e+06 | DFE STEF Baseline w/ Zstd (Metrics)/600k - Network Utilization |
| network_rx_bytes_rate_avg     | bytes/sec   | 152195          | DFE STEF Baseline w/ Zstd (Metrics)/600k - Network Utilization |




================================================================================
DOCKER CONTAINER LOGS
================================================================================

================================================================================
Component: load-generator
Container ID: f380ec9d1cd15b5f2abfc4e6512b3f606f106c635a72f6c66428cd2cc19b2165
================================================================================
System Information:
  Available CPU cores: 32
  Available memory: 113.48 GB / 117.92 GB
  Build mode: release
  Memory allocator: jemalloc

Available Component URNs:
  Receivers: urn:otel:receiver:host_metrics, urn:otel:receiver:internal_telemetry, urn:otel:receiver:otap, urn:otel:receiver:otlp, urn:otel:receiver:stef, urn:otel:receiver:syslog_cef, urn:otel:receiver:topic, urn:otel:receiver:traffic_generator
  Processors: urn:otel:processor:attribute, urn:otel:processor:batch, urn:otel:processor:content_router, urn:otel:processor:debug, urn:otel:processor:delay, urn:otel:processor:durable_buffer, urn:otel:processor:fanout, urn:otel:processor:filter, urn:otel:processor:log_sampling, urn:otel:processor:retry, urn:otel:processor:temporal_reaggregation, urn:otel:processor:transform, urn:otel:processor:type_router
  Exporters: urn:otel:exporter:console, urn:otel:exporter:error, urn:otel:exporter:noop, urn:otel:exporter:otap, urn:otel:exporter:otlp_grpc, urn:otel:exporter:otlp_http, urn:otel:exporter:parquet, urn:otel:exporter:perf, urn:otel:exporter:stef, urn:otel:exporter:topic

Example configuration files can be found in the configs/ directory.
[2m2026-05-19T21:36:18.131Z[0m  [32mINFO [0m [1motap-df-controller::pipeline.core_allocation[0m: [pipeline_group_id=default, pipeline_id=main, num_cores=8, core_allocation=2-9]
[2m2026-05-19T21:36:18.136Z[0m  [32mINFO [0m [1motap-df-contrib-nodes::stef.exporter.grpc.start[0m: [grpc_endpoint=http://df-engine:4320, stef_compression=Zstd][35m entity/node.attrs: node.id=exporter node.urn=urn:otel:exporter:stef node.type=exporter pipeline.id=main pipeline.group.id=default deployment.generation=0 core.id=2 numa.node.id=0 process.instance.id=AGPEEKYM2N5EFMMBV7CJIBSWCY host.id=f380ec9d1cd1 container.id=[0m
[2m2026-05-19T21:36:18.136Z[0m  [32mINFO [0m [1motap-df-contrib-nodes::stef.exporter.grpc.start[0m: [grpc_endpoint=http://df-engine:4320, stef_compression=Zstd][35m entity/node.attrs: node.id=exporter node.urn=urn:otel:exporter:stef node.type=exporter pipeline.id=main pipeline.group.id=default deployment.generation=0 core.id=3 numa.node.id=0 process.instance.id=AGPEEKYM2N5EFMMBV7CJIBSWCY host.id=f380ec9d1cd1 container.id=[0m
[2m2026-05-19T21:36:18.137Z[0m  [32mINFO [0m [1motap-df-contrib-nodes::stef.exporter.grpc.start[0m: [grpc_endpoint=http://df-engine:4320, stef_compression=Zstd][35m entity/node.attrs: node.id=exporter node.urn=urn:otel:exporter:stef node.type=exporter pipeline.id=main pipeline.group.id=default deployment.generation=0 core.id=4 numa.node.id=0 process.instance.id=AGPEEKYM2N5EFMMBV7CJIBSWCY host.id=f380ec9d1cd1 container.id=[0m
[2m2026-05-19T21:36:18.138Z[0m  [32mINFO [0m [1motap-df-contrib-nodes::stef.exporter.grpc.start[0m: [grpc_endpoint=http://df-engine:4320, stef_compression=Zstd][35m entity/node.attrs: node.id=exporter node.urn=urn:otel:exporter:stef node.type=exporter pipeline.id=main pipeline.group.id=default deployment.generation=0 core.id=5 numa.node.id=0 process.instance.id=AGPEEKYM2N5EFMMBV7CJIBSWCY host.id=f380ec9d1cd1 container.id=[0m
[2m2026-05-19T21:36:18.138Z[0m  [32mINFO [0m [1motap-df-contrib-nodes::stef.exporter.grpc.start[0m: [grpc_endpoint=http://df-engine:4320, stef_compression=Zstd][35m entity/node.attrs: node.id=exporter node.urn=urn:otel:exporter:stef node.type=exporter pipeline.id=main pipeline.group.id=default deployment.generation=0 core.id=6 numa.node.id=0 process.instance.id=AGPEEKYM2N5EFMMBV7CJIBSWCY host.id=f380ec9d1cd1 container.id=[0m
[2m2026-05-19T21:36:18.138Z[0m  [32mINFO [0m [1motap-df-contrib-nodes::stef.exporter.grpc.start[0m: [grpc_endpoint=http://df-engine:4320, stef_compression=Zstd][35m entity/node.attrs: node.id=exporter node.urn=urn:otel:exporter:stef node.type=exporter pipeline.id=main pipeline.group.id=default deployment.generation=0 core.id=9 numa.node.id=0 process.instance.id=AGPEEKYM2N5EFMMBV7CJIBSWCY host.id=f380ec9d1cd1 container.id=[0m
[2m2026-05-19T21:36:18.139Z[0m  [32mINFO [0m [1motap-df-contrib-nodes::stef.exporter.grpc.start[0m: [grpc_endpoint=http://df-engine:4320, stef_compression=Zstd][35m entity/node.attrs: node.id=exporter node.urn=urn:otel:exporter:stef node.type=exporter pipeline.id=main pipeline.group.id=default deployment.generation=0 core.id=8 numa.node.id=0 process.instance.id=AGPEEKYM2N5EFMMBV7CJIBSWCY host.id=f380ec9d1cd1 container.id=[0m
[2m2026-05-19T21:36:18.140Z[0m  [32mINFO [0m [1motap-df-admin::endpoint.start[0m: Admin HTTP server listening [bind_address=0.0.0.0:8080][35m[0m
[2m2026-05-19T21:36:18.141Z[0m  [32mINFO [0m [1motap-df-contrib-nodes::stef.exporter.grpc.start[0m: [grpc_endpoint=http://df-engine:4320, stef_compression=Zstd][35m entity/node.attrs: node.id=exporter node.urn=urn:otel:exporter:stef node.type=exporter pipeline.id=main pipeline.group.id=default deployment.generation=0 core.id=7 numa.node.id=0 process.instance.id=AGPEEKYM2N5EFMMBV7CJIBSWCY host.id=f380ec9d1cd1 container.id=[0m
[2m2026-05-19T21:36:59.132Z[0m  [32mINFO [0m [1motap-df-admin::shutdown.requested[0m: [wait=true, timeout_secs=5][35m[0m
[2m2026-05-19T21:36:59.132Z[0m  [32mINFO [0m [1motap-df-admin::shutdown.blocking_wait[0m: [timeout_secs=5][35m[0m
[2m2026-05-19T21:36:59.132Z[0m  [32mINFO [0m [1motap-df-state::state.observed_event[0m: global shutdown [pipeline_group_id=default, pipeline_id=main, core_id=2, event_type=ShutdownRequested][35m[0m
[2m2026-05-19T21:36:59.132Z[0m  [32mINFO [0m [1motap-df-state::state.observed_event[0m: global shutdown [pipeline_group_id=default, pipeline_id=main, core_id=3, event_type=ShutdownRequested][35m[0m
[2m2026-05-19T21:36:59.132Z[0m  [32mINFO [0m [1motap-df-state::state.observed_event[0m: global shutdown [pipeline_group_id=default, pipeline_id=main, core_id=4, event_type=ShutdownRequested][35m[0m
[2m2026-05-19T21:36:59.132Z[0m  [32mINFO [0m [1motap-df-state::state.observed_event[0m: global shutdown [pipeline_group_id=default, pipeline_id=main, core_id=5, event_type=ShutdownRequested][35m[0m
[2m2026-05-19T21:36:59.132Z[0m  [32mINFO [0m [1motap-df-state::state.observed_event[0m: global shutdown [pipeline_group_id=default, pipeline_id=main, core_id=7, event_type=ShutdownRequested][35m[0m
[2m2026-05-19T21:36:59.132Z[0m  [32mINFO [0m [1motap-df-state::state.observed_event[0m: global shutdown [pipeline_group_id=default, pipeline_id=main, core_id=6, event_type=ShutdownRequested][35m[0m
[2m2026-05-19T21:36:59.132Z[0m  [32mINFO [0m [1motap-df-state::state.observed_event[0m: global shutdown [pipeline_group_id=default, pipeline_id=main, core_id=8, event_type=ShutdownRequested][35m[0m
[2m2026-05-19T21:36:59.132Z[0m  [32mINFO [0m [1motap-df-state::state.observed_event[0m: global shutdown [pipeline_group_id=default, pipeline_id=main, core_id=9, event_type=ShutdownRequested][35m[0m
[2m2026-05-19T21:36:59.132Z[0m  [32mINFO [0m [1motap-df-core-nodes::traffic_generator.drain_ingress[0m[35m entity/node.attrs: node.id=receiver node.urn=urn:otel:receiver:traffic_generator node.type=receiver pipeline.id=main pipeline.group.id=default deployment.generation=0 core.id=3 numa.node.id=0 process.instance.id=AGPEEKYM2N5EFMMBV7CJIBSWCY host.id=f380ec9d1cd1 container.id=[0m
[2m2026-05-19T21:36:59.132Z[0m  [32mINFO [0m [1motap-df-core-nodes::traffic_generator.drain_ingress[0m[35m entity/node.attrs: node.id=receiver node.urn=urn:otel:receiver:traffic_generator node.type=receiver pipeline.id=main pipeline.group.id=default deployment.generation=0 core.id=5 numa.node.id=0 process.instance.id=AGPEEKYM2N5EFMMBV7CJIBSWCY host.id=f380ec9d1cd1 container.id=[0m
[2m2026-05-19T21:36:59.132Z[0m  [32mINFO [0m [1motap-df-core-nodes::traffic_generator.drain_ingress[0m[35m entity/node.attrs: node.id=receiver node.urn=urn:otel:receiver:traffic_generator node.type=receiver pipeline.id=main pipeline.group.id=default deployment.generation=0 core.id=4 numa.node.id=0 process.instance.id=AGPEEKYM2N5EFMMBV7CJIBSWCY host.id=f380ec9d1cd1 container.id=[0m
[2m2026-05-19T21:36:59.132Z[0m  [32mINFO [0m [1motap-df-core-nodes::traffic_generator.drain_ingress[0m[35m entity/node.attrs: node.id=receiver node.urn=urn:otel:receiver:traffic_generator node.type=receiver pipeline.id=main pipeline.group.id=default deployment.generation=0 core.id=2 numa.node.id=0 process.instance.id=AGPEEKYM2N5EFMMBV7CJIBSWCY host.id=f380ec9d1cd1 container.id=[0m
[2m2026-05-19T21:36:59.132Z[0m  [32mINFO [0m [1motap-df-core-nodes::traffic_generator.drain_ingress[0m[35m entity/node.attrs: node.id=receiver node.urn=urn:otel:receiver:traffic_generator node.type=receiver pipeline.id=main pipeline.group.id=default deployment.generation=0 core.id=7 numa.node.id=0 process.instance.id=AGPEEKYM2N5EFMMBV7CJIBSWCY host.id=f380ec9d1cd1 container.id=[0m
[2m2026-05-19T21:36:59.132Z[0m  [32mINFO [0m [1motap-df-core-nodes::traffic_generator.drain_ingress[0m[35m entity/node.attrs: node.id=receiver node.urn=urn:otel:receiver:traffic_generator node.type=receiver pipeline.id=main pipeline.group.id=default deployment.generation=0 core.id=8 numa.node.id=0 process.instance.id=AGPEEKYM2N5EFMMBV7CJIBSWCY host.id=f380ec9d1cd1 container.id=[0m
[2m2026-05-19T21:36:59.132Z[0m  [32mINFO [0m [1motap-df-core-nodes::traffic_generator.drain_ingress[0m[35m entity/node.attrs: node.id=receiver node.urn=urn:otel:receiver:traffic_generator node.type=receiver pipeline.id=main pipeline.group.id=default deployment.generation=0 core.id=6 numa.node.id=0 process.instance.id=AGPEEKYM2N5EFMMBV7CJIBSWCY host.id=f380ec9d1cd1 container.id=[0m
[2m2026-05-19T21:36:59.132Z[0m  [32mINFO [0m [1motap-df-core-nodes::traffic_generator.drain_ingress[0m[35m entity/node.attrs: node.id=receiver node.urn=urn:otel:receiver:traffic_generator node.type=receiver pipeline.id=main pipeline.group.id=default deployment.generation=0 core.id=9 numa.node.id=0 process.instance.id=AGPEEKYM2N5EFMMBV7CJIBSWCY host.id=f380ec9d1cd1 container.id=[0m
[2m2026-05-19T21:36:59.195Z[0m  [32mINFO [0m [1motap-df-contrib-nodes::stef.exporter.grpc.shutdown[0m[35m entity/node.attrs: node.id=exporter node.urn=urn:otel:exporter:stef node.type=exporter pipeline.id=main pipeline.group.id=default deployment.generation=0 core.id=8 numa.node.id=0 process.instance.id=AGPEEKYM2N5EFMMBV7CJIBSWCY host.id=f380ec9d1cd1 container.id=[0m
[2m2026-05-19T21:36:59.279Z[0m  [32mINFO [0m [1motap-df-contrib-nodes::stef.exporter.grpc.shutdown[0m[35m entity/node.attrs: node.id=exporter node.urn=urn:otel:exporter:stef node.type=exporter pipeline.id=main pipeline.group.id=default deployment.generation=0 core.id=9 numa.node.id=0 process.instance.id=AGPEEKYM2N5EFMMBV7CJIBSWCY host.id=f380ec9d1cd1 container.id=[0m
[2m2026-05-19T21:36:59.362Z[0m  [32mINFO [0m [1motap-df-contrib-nodes::stef.exporter.grpc.shutdown[0m[35m entity/node.attrs: node.id=exporter node.urn=urn:otel:exporter:stef node.type=exporter pipeline.id=main pipeline.group.id=default deployment.generation=0 core.id=7 numa.node.id=0 process.instance.id=AGPEEKYM2N5EFMMBV7CJIBSWCY host.id=f380ec9d1cd1 container.id=[0m
[2m2026-05-19T21:36:59.443Z[0m  [32mINFO [0m [1motap-df-contrib-nodes::stef.exporter.grpc.shutdown[0m[35m entity/node.attrs: node.id=exporter node.urn=urn:otel:exporter:stef node.type=exporter pipeline.id=main pipeline.group.id=default deployment.generation=0 core.id=5 numa.node.id=0 process.instance.id=AGPEEKYM2N5EFMMBV7CJIBSWCY host.id=f380ec9d1cd1 container.id=[0m
[2m2026-05-19T21:36:59.523Z[0m  [32mINFO [0m [1motap-df-contrib-nodes::stef.exporter.grpc.shutdown[0m[35m entity/node.attrs: node.id=exporter node.urn=urn:otel:exporter:stef node.type=exporter pipeline.id=main pipeline.group.id=default deployment.generation=0 core.id=6 numa.node.id=0 process.instance.id=AGPEEKYM2N5EFMMBV7CJIBSWCY host.id=f380ec9d1cd1 container.id=[0m
[2m2026-05-19T21:36:59.608Z[0m  [32mINFO [0m [1motap-df-contrib-nodes::stef.exporter.grpc.shutdown[0m[35m entity/node.attrs: node.id=exporter node.urn=urn:otel:exporter:stef node.type=exporter pipeline.id=main pipeline.group.id=default deployment.generation=0 core.id=4 numa.node.id=0 process.instance.id=AGPEEKYM2N5EFMMBV7CJIBSWCY host.id=f380ec9d1cd1 container.id=[0m
[2m2026-05-19T21:36:59.689Z[0m  [32mINFO [0m [1motap-df-contrib-nodes::stef.exporter.grpc.shutdown[0m[35m entity/node.attrs: node.id=exporter node.urn=urn:otel:exporter:stef node.type=exporter pipeline.id=main pipeline.group.id=default deployment.generation=0 core.id=3 numa.node.id=0 process.instance.id=AGPEEKYM2N5EFMMBV7CJIBSWCY host.id=f380ec9d1cd1 container.id=[0m
[2m2026-05-19T21:36:59.770Z[0m  [32mINFO [0m [1motap-df-contrib-nodes::stef.exporter.grpc.shutdown[0m[35m entity/node.attrs: node.id=exporter node.urn=urn:otel:exporter:stef node.type=exporter pipeline.id=main pipeline.group.id=default deployment.generation=0 core.id=2 numa.node.id=0 process.instance.id=AGPEEKYM2N5EFMMBV7CJIBSWCY host.id=f380ec9d1cd1 container.id=[0m
[2m2026-05-19T21:36:59.840Z[0m  [32mINFO [0m [1motap-df-admin::shutdown.completed[0m: [elapsed_ms=708][35m[0m
[2m2026-05-19T21:36:59.842Z[0m  [32mINFO [0m [1motap-df-admin::shutdown.requested[0m: [wait=true, timeout_secs=5][35m[0m
[2m2026-05-19T21:36:59.842Z[0m  [32mINFO [0m [1motap-df-admin::shutdown.blocking_wait[0m: [timeout_secs=5][35m[0m
[2m2026-05-19T21:36:59.842Z[0m  [32mINFO [0m [1motap-df-admin::shutdown.completed[0m: [elapsed_ms=0][35m[0m

================================================================================
Component: df-engine
Container ID: c58b4b5ccec2f00415aae4aad95887bb1bb931f8b6ccd34efb70ca903587d50c
================================================================================
System Information:
  Available CPU cores: 32
  Available memory: 113.53 GB / 117.92 GB
  Build mode: release
  Memory allocator: jemalloc

Available Component URNs:
  Receivers: urn:otel:receiver:host_metrics, urn:otel:receiver:internal_telemetry, urn:otel:receiver:otap, urn:otel:receiver:otlp, urn:otel:receiver:stef, urn:otel:receiver:syslog_cef, urn:otel:receiver:topic, urn:otel:receiver:traffic_generator
  Processors: urn:otel:processor:attribute, urn:otel:processor:batch, urn:otel:processor:content_router, urn:otel:processor:debug, urn:otel:processor:delay, urn:otel:processor:durable_buffer, urn:otel:processor:fanout, urn:otel:processor:filter, urn:otel:processor:log_sampling, urn:otel:processor:retry, urn:otel:processor:temporal_reaggregation, urn:otel:processor:transform, urn:otel:processor:type_router
  Exporters: urn:otel:exporter:console, urn:otel:exporter:error, urn:otel:exporter:noop, urn:otel:exporter:otap, urn:otel:exporter:otlp_grpc, urn:otel:exporter:otlp_http, urn:otel:exporter:parquet, urn:otel:exporter:perf, urn:otel:exporter:stef, urn:otel:exporter:topic

Example configuration files can be found in the configs/ directory.
[2m2026-05-19T21:36:16.834Z[0m  [32mINFO [0m [1motap-df-controller::pipeline.core_allocation[0m: [pipeline_group_id=default, pipeline_id=main, num_cores=1, core_allocation=0]
[2m2026-05-19T21:36:16.837Z[0m  [32mINFO [0m [1motap-df-contrib-nodes::stef.exporter.grpc.start[0m: [grpc_endpoint=http://backend-service:1235, stef_compression=Zstd][35m entity/node.attrs: node.id=exporter node.urn=urn:otel:exporter:stef node.type=exporter pipeline.id=main pipeline.group.id=default deployment.generation=0 core.id=0 numa.node.id=0 process.instance.id=AGPEEKYHYFZGHN45TBPK3SQU3M host.id=c58b4b5ccec2 container.id=[0m
[2m2026-05-19T21:36:16.837Z[0m  [32mINFO [0m [1motap-df-contrib-nodes::stef.receiver.grpc.start[0m: Starting STEF gRPC receiver [endpoint=0.0.0.0:4320][35m entity/node.attrs: node.id=receiver node.urn=urn:otel:receiver:stef node.type=receiver pipeline.id=main pipeline.group.id=default deployment.generation=0 core.id=0 numa.node.id=0 process.instance.id=AGPEEKYHYFZGHN45TBPK3SQU3M host.id=c58b4b5ccec2 container.id=[0m
[2m2026-05-19T21:36:16.837Z[0m  [32mINFO [0m [1motap-df-admin::endpoint.start[0m: Admin HTTP server listening [bind_address=0.0.0.0:8080][35m[0m
[2m2026-05-19T21:36:59.844Z[0m  [32mINFO [0m [1motap-df-admin::shutdown.requested[0m: [wait=true, timeout_secs=5][35m[0m
[2m2026-05-19T21:36:59.844Z[0m  [32mINFO [0m [1motap-df-admin::shutdown.blocking_wait[0m: [timeout_secs=5][35m[0m
[2m2026-05-19T21:36:59.852Z[0m  [32mINFO [0m [1motap-df-state::state.observed_event[0m: global shutdown [pipeline_group_id=default, pipeline_id=main, core_id=0, event_type=ShutdownRequested][35m[0m
[2m2026-05-19T21:36:59.852Z[0m  [32mINFO [0m [1motap-df-contrib-nodes::stef.receiver.drain_ingress[0m[35m entity/node.attrs: node.id=receiver node.urn=urn:otel:receiver:stef node.type=receiver pipeline.id=main pipeline.group.id=default deployment.generation=0 core.id=0 numa.node.id=0 process.instance.id=AGPEEKYHYFZGHN45TBPK3SQU3M host.id=c58b4b5ccec2 container.id=[0m
[2m2026-05-19T21:36:59.952Z[0m  [32mINFO [0m [1motap-df-contrib-nodes::stef.exporter.grpc.shutdown[0m[35m entity/node.attrs: node.id=exporter node.urn=urn:otel:exporter:stef node.type=exporter pipeline.id=main pipeline.group.id=default deployment.generation=0 core.id=0 numa.node.id=0 process.instance.id=AGPEEKYHYFZGHN45TBPK3SQU3M host.id=c58b4b5ccec2 container.id=[0m
[2m2026-05-19T21:37:00.046Z[0m  [32mINFO [0m [1motap-df-admin::shutdown.completed[0m: [elapsed_ms=202][35m[0m

================================================================================
Component: backend-service
Container ID: 0d918569359cbb1c019bbf39d98241f44aaee506770ff0f639ad5b5dfbabdb6c
================================================================================
System Information:
  Available CPU cores: 32
  Available memory: 113.53 GB / 117.92 GB
  Build mode: release
  Memory allocator: jemalloc

Available Component URNs:
  Receivers: urn:otel:receiver:host_metrics, urn:otel:receiver:internal_telemetry, urn:otel:receiver:otap, urn:otel:receiver:otlp, urn:otel:receiver:stef, urn:otel:receiver:syslog_cef, urn:otel:receiver:topic, urn:otel:receiver:traffic_generator
  Processors: urn:otel:processor:attribute, urn:otel:processor:batch, urn:otel:processor:content_router, urn:otel:processor:debug, urn:otel:processor:delay, urn:otel:processor:durable_buffer, urn:otel:processor:fanout, urn:otel:processor:filter, urn:otel:processor:log_sampling, urn:otel:processor:retry, urn:otel:processor:temporal_reaggregation, urn:otel:processor:transform, urn:otel:processor:type_router
  Exporters: urn:otel:exporter:console, urn:otel:exporter:error, urn:otel:exporter:noop, urn:otel:exporter:otap, urn:otel:exporter:otlp_grpc, urn:otel:exporter:otlp_http, urn:otel:exporter:parquet, urn:otel:exporter:perf, urn:otel:exporter:stef, urn:otel:exporter:topic

Example configuration files can be found in the configs/ directory.
[2m2026-05-19T21:36:15.527Z[0m  [32mINFO [0m [1motap-df-controller::pipeline.core_allocation[0m: [pipeline_group_id=default, pipeline_id=main, num_cores=1, core_allocation=1]
[2m2026-05-19T21:36:15.530Z[0m  [32mINFO [0m [1motap-df-core-nodes::perf_exporter.start[0m: Starting Perf Exporter [frequency_ms=500][35m entity/node.attrs: node.id=perf node.urn=urn:otel:exporter:perf node.type=exporter pipeline.id=main pipeline.group.id=default deployment.generation=0 core.id=1 numa.node.id=0 process.instance.id=AGPEEKYCUZZRDMYNQZB43SGVFE host.id=0d918569359c container.id=[0m
[2m2026-05-19T21:36:15.530Z[0m  [32mINFO [0m [1motap-df-contrib-nodes::stef.receiver.grpc.start[0m: Starting STEF gRPC receiver [endpoint=0.0.0.0:1235][35m entity/node.attrs: node.id=receiver node.urn=urn:otel:receiver:stef node.type=receiver pipeline.id=main pipeline.group.id=default deployment.generation=0 core.id=1 numa.node.id=0 process.instance.id=AGPEEKYCUZZRDMYNQZB43SGVFE host.id=0d918569359c container.id=[0m
[2m2026-05-19T21:36:15.530Z[0m  [32mINFO [0m [1motap-df-admin::endpoint.start[0m: Admin HTTP server listening [bind_address=0.0.0.0:8080][35m[0m

================================================================================
END OF CONTAINER LOGS
================================================================================
[2026-05-19 21:37:44] INFO | ctx.type=- ctx.name=- | Starting Test: 1000k
[2026-05-19 21:37:44] INFO | ctx.type=ScenarioContext ctx.name=1000k | Running 14 test steps...
[2026-05-19 21:37:44] INFO | ctx.type=FrameworkElementHookContext ctx.name=RenderTemplateHook (pre_run) | Rendered template saved to .data/dfe_metrics_stef_zstd_baseline/20260519_213201/tests/1000k/backend-config.rendered.yaml
[2026-05-19 21:37:44] INFO | ctx.type=StepContext ctx.name=Deploy Backend Engine | Executing main step action...
[2026-05-19 21:37:45] INFO | ctx.type=FrameworkElementHookContext ctx.name=ReadyCheckHttpHook (post_run) | Ready check passed on attempt 2
[2026-05-19 21:37:45] INFO | ctx.type=FrameworkElementHookContext ctx.name=RenderTemplateHook (pre_run) | Rendered template saved to .data/dfe_metrics_stef_zstd_baseline/20260519_213201/tests/1000k/engine-config.rendered.yaml
[2026-05-19 21:37:45] INFO | ctx.type=StepContext ctx.name=Deploy Dataflow Engine | Executing main step action...
[2026-05-19 21:37:46] INFO | ctx.type=FrameworkElementHookContext ctx.name=ReadyCheckHttpHook (post_run) | Ready check passed on attempt 2
[2026-05-19 21:37:46] INFO | ctx.type=FrameworkElementHookContext ctx.name=RenderTemplateHook (pre_run) | Rendered template saved to .data/dfe_metrics_stef_zstd_baseline/20260519_213201/tests/1000k/loadgen-config.rendered.yaml
[2026-05-19 21:37:46] INFO | ctx.type=StepContext ctx.name=Deploy Load Generator | Executing main step action...
[2026-05-19 21:37:48] INFO | ctx.type=FrameworkElementHookContext ctx.name=ReadyCheckHttpHook (post_run) | Ready check passed on attempt 2
[2026-05-19 21:37:48] INFO | ctx.type=StepContext ctx.name=Monitor All | Executing main step action...
[2026-05-19 21:37:48] INFO | ctx.type=StepContext ctx.name=Wait for data | Executing main step action...
[2026-05-19 21:37:58] INFO | ctx.type=StepContext ctx.name=Observe Load | Executing main step action...
[2026-05-19 21:38:18] INFO | ctx.type=StepContext ctx.name=Wait Before Drain | Executing main step action...
[2026-05-19 21:38:30] INFO | ctx.type=StepContext ctx.name=Stop Load Generator | Executing main step action...
[2026-05-19 21:38:30] INFO | ctx.type=StepContext ctx.name=Stop Engine | Executing main step action...
[2026-05-19 21:38:30] INFO | ctx.type=StepContext ctx.name=Stop Backend | Executing main step action...
[2026-05-19 21:38:30] INFO | ctx.type=StepContext ctx.name=Wait For Metrics Update | Executing main step action...
[2026-05-19 21:38:31] INFO | ctx.type=StepContext ctx.name=Stop Monitoring All | Executing main step action...
[2026-05-19 21:38:34] INFO | ctx.type=StepContext ctx.name=Destroy All | Executing main step action...
[2026-05-19 21:39:06] INFO | ctx.type=StepContext ctx.name=Run Report | Executing main step action...

# DF Engine 800k - DFE STEF Baseline w/ Zstd (Metrics)

## Table: metadata_filtered
  
**Description**: Information about the test suite and report.
  
| Attribute        | Value                                                |
|:-----------------|:-----------------------------------------------------|
| test.suite.start | 2026-05-19T21:32:02.688855+00:00                     |
| test.suite       | DFE STEF Baseline w/ Zstd (Metrics)                  |
| test.step        | Run Report                                           |
| test.start       | 2026-05-19T21:36:15.200931+00:00                     |
| test.name        | 800k                                                 |
| report.type      | sql_report                                           |
| report.time      | 2026-05-19T21:37:36.806083+00:00                     |
| report.name      | DF Engine 800k - DFE STEF Baseline w/ Zstd (Metrics) |
| code.sha         | 6eafd2676d480c0c3d2671aafbb0fb44f5b2a587             |
| code.dirty       | True                                                 |
| code.branch      | stef-benchmarks                                      |


## Table: send_receive_rates_by_core
  
**Description**: Core Specific increase and average rate of various send / receive metrics
  
| component_name   | metric_name      |   core_id |   total_increase |   average_rate |
|:-----------------|:-----------------|----------:|-----------------:|---------------:|
| backend-service  | metrics          |         1 |      1.26972e+07 |       668144   |
| load-generator   | metrics_produced |         2 |      1.55973e+06 |        84236.7 |
| load-generator   | metrics_produced |         3 |      1.5606e+06  |        84270.8 |
| load-generator   | metrics_produced |         4 |      1.5606e+06  |        84270.8 |
| load-generator   | metrics_produced |         5 |      1.6473e+06  |        89021.6 |
| load-generator   | metrics_produced |         6 |      1.5606e+06  |        84715.3 |
| load-generator   | metrics_produced |         7 |      1.5606e+06  |        84284   |
| load-generator   | metrics_produced |         8 |      1.6473e+06  |        89025.9 |
| load-generator   | metrics_produced |         9 |      1.5606e+06  |        84715.3 |


## Table: aggregate_send_receive_rates
  
**Description**: Cumulative increase and average rate of various send / receive metrics
  
| component_name   | metric_name      |   total_increase |   average_rate |
|:-----------------|:-----------------|-----------------:|---------------:|
| load-generator   | metrics_produced |      1.26573e+07 |         684540 |
| backend-service  | metrics          |      1.26972e+07 |         668144 |


## Table: component_resource_metrics
  
**Description**: CPU and Memory metrics for the components in the Test Suite during the test.
  
| component_name   | metric_name            |   min_value |   avg_value |   max_value |
|:-----------------|:-----------------------|------------:|------------:|------------:|
| load-generator   | container.memory.usage | 6.00637e+08 | 6.0229e+08  | 6.11406e+08 |
| load-generator   | container.cpu.usage    | 0.391322    | 0.613476    | 0.684039    |
| df-engine        | container.cpu.usage    | 0.545749    | 0.863067    | 0.940161    |
| df-engine        | container.memory.usage | 8.47684e+08 | 1.47803e+09 | 2.08641e+09 |
| backend-service  | container.cpu.usage    | 0.356868    | 0.484886    | 0.527551    |
| backend-service  | container.memory.usage | 8.10164e+08 | 1.47161e+09 | 2.15507e+09 |


## Table: metric_loss
  
**Description**: Lost metrics (failed or sent but not received) total and as a percentage
  
|   metrics_lost |   metrics_lost_pct |
|---------------:|-------------------:|
|         -39882 |         -0.0031509 |


## Table: metric_throughput_rates
  
**Description**: Metric throughput rates (metrics/sec) calculated from total counts and observation window duration
  
| metric_name      |   total_increase |   metrics_per_second |
|:-----------------|-----------------:|---------------------:|
| metrics_produced |      1.26573e+07 |               686539 |
| metrics          |      1.26972e+07 |               663072 |


## Table: gh_actions_benchmark
  
**Description**: The final metrics used with gh_actions_benchmark.
  
| name                          | unit        |            value | extra                                                          |
|:------------------------------|:------------|-----------------:|:---------------------------------------------------------------|
| dropped_metrics_percentage    | %           |     -0.31509     | DFE STEF Baseline w/ Zstd (Metrics)/800k - Dropped Metrics %   |
| cpu_percentage_normalized_avg | %           |     86.3067      | DFE STEF Baseline w/ Zstd (Metrics)/800k - CPU % (Normalized)  |
| cpu_percentage_normalized_max | %           |     94.0161      | DFE STEF Baseline w/ Zstd (Metrics)/800k - CPU % (Normalized)  |
| ram_mib_avg                   | MiB         |   1409.56        | DFE STEF Baseline w/ Zstd (Metrics)/800k - RAM (MiB)           |
| ram_mib_max                   | MiB         |   1989.75        | DFE STEF Baseline w/ Zstd (Metrics)/800k - RAM (MiB)           |
| metrics_produced_rate         | metrics/sec | 686539           | DFE STEF Baseline w/ Zstd (Metrics)/800k - Metric Throughput   |
| metrics_received_rate         | metrics/sec | 663072           | DFE STEF Baseline w/ Zstd (Metrics)/800k - Metric Throughput   |
| test_duration                 | seconds     |     20.0008      | DFE STEF Baseline w/ Zstd (Metrics)/800k - Test Duration       |
| network_tx_bytes_rate_avg     | bytes/sec   |      1.49804e+06 | DFE STEF Baseline w/ Zstd (Metrics)/800k - Network Utilization |
| network_rx_bytes_rate_avg     | bytes/sec   | 205393           | DFE STEF Baseline w/ Zstd (Metrics)/800k - Network Utilization |




================================================================================
DOCKER CONTAINER LOGS
================================================================================

================================================================================
Component: load-generator
Container ID: 1faa7bd8d4b4a10ec0a4e360bcd4845e2879054137376973d823e101b22e845c
================================================================================
System Information:
  Available CPU cores: 32
  Available memory: 113.34 GB / 117.92 GB
  Build mode: release
  Memory allocator: jemalloc

Available Component URNs:
  Receivers: urn:otel:receiver:host_metrics, urn:otel:receiver:internal_telemetry, urn:otel:receiver:otap, urn:otel:receiver:otlp, urn:otel:receiver:stef, urn:otel:receiver:syslog_cef, urn:otel:receiver:topic, urn:otel:receiver:traffic_generator
  Processors: urn:otel:processor:attribute, urn:otel:processor:batch, urn:otel:processor:content_router, urn:otel:processor:debug, urn:otel:processor:delay, urn:otel:processor:durable_buffer, urn:otel:processor:fanout, urn:otel:processor:filter, urn:otel:processor:log_sampling, urn:otel:processor:retry, urn:otel:processor:temporal_reaggregation, urn:otel:processor:transform, urn:otel:processor:type_router
  Exporters: urn:otel:exporter:console, urn:otel:exporter:error, urn:otel:exporter:noop, urn:otel:exporter:otap, urn:otel:exporter:otlp_grpc, urn:otel:exporter:otlp_http, urn:otel:exporter:parquet, urn:otel:exporter:perf, urn:otel:exporter:stef, urn:otel:exporter:topic

Example configuration files can be found in the configs/ directory.
[2m2026-05-19T21:37:47.232Z[0m  [32mINFO [0m [1motap-df-controller::pipeline.core_allocation[0m: [pipeline_group_id=default, pipeline_id=main, num_cores=10, core_allocation=2-11]
[2m2026-05-19T21:37:47.236Z[0m  [32mINFO [0m [1motap-df-contrib-nodes::stef.exporter.grpc.start[0m: [grpc_endpoint=http://df-engine:4320, stef_compression=Zstd][35m entity/node.attrs: node.id=exporter node.urn=urn:otel:exporter:stef node.type=exporter pipeline.id=main pipeline.group.id=default deployment.generation=0 core.id=2 numa.node.id=0 process.instance.id=AGPEELDI3534HERDVHJPT7SX4E host.id=1faa7bd8d4b4 container.id=[0m
[2m2026-05-19T21:37:47.239Z[0m  [32mINFO [0m [1motap-df-contrib-nodes::stef.exporter.grpc.start[0m: [grpc_endpoint=http://df-engine:4320, stef_compression=Zstd][35m entity/node.attrs: node.id=exporter node.urn=urn:otel:exporter:stef node.type=exporter pipeline.id=main pipeline.group.id=default deployment.generation=0 core.id=3 numa.node.id=0 process.instance.id=AGPEELDI3534HERDVHJPT7SX4E host.id=1faa7bd8d4b4 container.id=[0m
[2m2026-05-19T21:37:47.239Z[0m  [32mINFO [0m [1motap-df-contrib-nodes::stef.exporter.grpc.start[0m: [grpc_endpoint=http://df-engine:4320, stef_compression=Zstd][35m entity/node.attrs: node.id=exporter node.urn=urn:otel:exporter:stef node.type=exporter pipeline.id=main pipeline.group.id=default deployment.generation=0 core.id=4 numa.node.id=0 process.instance.id=AGPEELDI3534HERDVHJPT7SX4E host.id=1faa7bd8d4b4 container.id=[0m
[2m2026-05-19T21:37:47.239Z[0m  [32mINFO [0m [1motap-df-contrib-nodes::stef.exporter.grpc.start[0m: [grpc_endpoint=http://df-engine:4320, stef_compression=Zstd][35m entity/node.attrs: node.id=exporter node.urn=urn:otel:exporter:stef node.type=exporter pipeline.id=main pipeline.group.id=default deployment.generation=0 core.id=5 numa.node.id=0 process.instance.id=AGPEELDI3534HERDVHJPT7SX4E host.id=1faa7bd8d4b4 container.id=[0m
[2m2026-05-19T21:37:47.239Z[0m  [32mINFO [0m [1motap-df-contrib-nodes::stef.exporter.grpc.start[0m: [grpc_endpoint=http://df-engine:4320, stef_compression=Zstd][35m entity/node.attrs: node.id=exporter node.urn=urn:otel:exporter:stef node.type=exporter pipeline.id=main pipeline.group.id=default deployment.generation=0 core.id=6 numa.node.id=0 process.instance.id=AGPEELDI3534HERDVHJPT7SX4E host.id=1faa7bd8d4b4 container.id=[0m
[2m2026-05-19T21:37:47.239Z[0m  [32mINFO [0m [1motap-df-contrib-nodes::stef.exporter.grpc.start[0m: [grpc_endpoint=http://df-engine:4320, stef_compression=Zstd][35m entity/node.attrs: node.id=exporter node.urn=urn:otel:exporter:stef node.type=exporter pipeline.id=main pipeline.group.id=default deployment.generation=0 core.id=7 numa.node.id=0 process.instance.id=AGPEELDI3534HERDVHJPT7SX4E host.id=1faa7bd8d4b4 container.id=[0m
[2m2026-05-19T21:37:47.240Z[0m  [32mINFO [0m [1motap-df-contrib-nodes::stef.exporter.grpc.start[0m: [grpc_endpoint=http://df-engine:4320, stef_compression=Zstd][35m entity/node.attrs: node.id=exporter node.urn=urn:otel:exporter:stef node.type=exporter pipeline.id=main pipeline.group.id=default deployment.generation=0 core.id=9 numa.node.id=0 process.instance.id=AGPEELDI3534HERDVHJPT7SX4E host.id=1faa7bd8d4b4 container.id=[0m
[2m2026-05-19T21:37:47.240Z[0m  [32mINFO [0m [1motap-df-contrib-nodes::stef.exporter.grpc.start[0m: [grpc_endpoint=http://df-engine:4320, stef_compression=Zstd][35m entity/node.attrs: node.id=exporter node.urn=urn:otel:exporter:stef node.type=exporter pipeline.id=main pipeline.group.id=default deployment.generation=0 core.id=8 numa.node.id=0 process.instance.id=AGPEELDI3534HERDVHJPT7SX4E host.id=1faa7bd8d4b4 container.id=[0m
[2m2026-05-19T21:37:47.241Z[0m  [32mINFO [0m [1motap-df-contrib-nodes::stef.exporter.grpc.start[0m: [grpc_endpoint=http://df-engine:4320, stef_compression=Zstd][35m entity/node.attrs: node.id=exporter node.urn=urn:otel:exporter:stef node.type=exporter pipeline.id=main pipeline.group.id=default deployment.generation=0 core.id=11 numa.node.id=0 process.instance.id=AGPEELDI3534HERDVHJPT7SX4E host.id=1faa7bd8d4b4 container.id=[0m
[2m2026-05-19T21:37:47.245Z[0m  [32mINFO [0m [1motap-df-contrib-nodes::stef.exporter.grpc.start[0m: [grpc_endpoint=http://df-engine:4320, stef_compression=Zstd][35m entity/node.attrs: node.id=exporter node.urn=urn:otel:exporter:stef node.type=exporter pipeline.id=main pipeline.group.id=default deployment.generation=0 core.id=10 numa.node.id=0 process.instance.id=AGPEELDI3534HERDVHJPT7SX4E host.id=1faa7bd8d4b4 container.id=[0m
[2m2026-05-19T21:37:47.305Z[0m  [32mINFO [0m [1motap-df-admin::endpoint.start[0m: Admin HTTP server listening [bind_address=0.0.0.0:8080][35m[0m
[2m2026-05-19T21:37:53.726Z[0m  [33mWARN [0m [1motap-df-core-nodes::traffic_generator.smooth_run_behind[0m: Data generator is falling behind and didn't finish the current run. For highest possible throughput, use production_mode: open [remaining=2, remaining_items=1734][35m entity/node.attrs: node.id=receiver node.urn=urn:otel:receiver:traffic_generator node.type=receiver pipeline.id=main pipeline.group.id=default deployment.generation=0 core.id=6 numa.node.id=0 process.instance.id=AGPEELDI3534HERDV[2m2026-05-19T21:37:54.416Z[0m  [33mWARN [0m [1motap-df-core-nodes::traffic_generator.smooth_run_behind[0m: Data generator is falling behind and didn't finish the current run. For highest possible throughput, use production_mode: open [remaining=1, remaining_items=867][35m entity/node.attrs: node.id=receiver node.urn=urn:otel:receiver:traffic_generator node.type=receiver pipeline.id=main pipeline.group.id=default deployment.generation=0 core.id=2 numa.node.id=0 process.instance.id=AGPEELDI3534HERDVH[2m2026-05-19T21:37:54.435Z[0m  [33mWARN [0m [1motap-df-core-nodes::traffic_generator.smooth_run_behind[0m: Data generator is falling behind and didn't finish the current run. For highest possible throughput, use production_mode: open [remaining=1, remaining_items=867][35m entity/node.attrs: node.id=receiver node.urn=urn:otel:receiver:traffic_generator node.type=receiver pipeline.id=main pipeline.group.id=default deployment.generation=0 core.id=4 numa.node.id=0 process.instance.id=AGPEELDI3534HERDVH[2m2026-05-19T21:37:54.480Z[0m  [33mWARN [0m [1motap-df-core-nodes::traffic_generator.smooth_run_behind[0m: Data generator is falling behind and didn't finish the current run. For highest possible throughput, use production_mode: open [remaining=3, remaining_items=2601][35m entity/node.attrs: node.id=receiver node.urn=urn:otel:receiver:traffic_generator node.type=receiver pipeline.id=main pipeline.group.id=default deployment.generation=0 core.id=9 numa.node.id=0 process.instance.id=AGPEELDI3534HERDV[2m2026-05-19T21:37:54.550Z[0m  [33mWARN [0m [1motap-df-core-nodes::traffic_generator.smooth_run_behind[0m: Data generator is falling behind and didn't finish the current run. For highest possible throughput, use production_mode: open [remaining=4, remaining_items=3468][35m entity/node.attrs: node.id=receiver node.urn=urn:otel:receiver:traffic_generator node.type=receiver pipeline.id=main pipeline.group.id=default deployment.generation=0 core.id=5 numa.node.id=0 process.instance.id=AGPEELDI3534HERDV[2m2026-05-19T21:37:54.598Z[0m  [33mWARN [0m [1motap-df-core-nodes::traffic_generator.smooth_run_behind[0m: Data generator is falling behind and didn't finish the current run. For highest possible throughput, use production_mode: open [remaining=5, remaining_items=4335][35m entity/node.attrs: node.id=receiver node.urn=urn:otel:receiver:traffic_generator node.type=receiver pipeline.id=main pipeline.group.id=default deployment.generation=0 core.id=8 numa.node.id=0 process.instance.id=AGPEELDI3534HERDV[2m2026-05-19T21:37:54.643Z[0m  [33mWARN [0m [1motap-df-core-nodes::traffic_generator.smooth_run_behind[0m: Data generator is falling behind and didn't finish the current run. For highest possible throughput, use production_mode: open [remaining=6, remaining_items=5202][35m entity/node.attrs: node.id=receiver node.urn=urn:otel:receiver:traffic_generator node.type=receiver pipeline.id=main pipeline.group.id=default deployment.generation=0 core.id=7 numa.node.id=0 process.instance.id=AGPEELDI3534HERDV[2m2026-05-19T21:37:54.685Z[0m  [33mWARN [0m [1motap-df-core-nodes::traffic_generator.smooth_run_behind[0m: Data generator is falling behind and didn't finish the current run. For highest possible throughput, use production_mode: open [remaining=10, remaining_items=8670][35m entity/node.attrs: node.id=receiver node.urn=urn:otel:receiver:traffic_generator node.type=receiver pipeline.id=main pipeline.group.id=default deployment.generation=0 core.id=10 numa.node.id=0 process.instance.id=AGPEELDI3534HER[2m2026-05-19T21:37:54.728Z[0m  [33mWARN [0m [1motap-df-core-nodes::traffic_generator.smooth_run_behind[0m: Data generator is falling behind and didn't finish the current run. For highest possible throughput, use production_mode: open [remaining=16, remaining_items=13872][35m entity/node.attrs: node.id=receiver node.urn=urn:otel:receiver:traffic_generator node.type=receiver pipeline.id=main pipeline.group.id=default deployment.generation=0 core.id=6 numa.node.id=0 process.instance.id=AGPEELDI3534HER[2m2026-05-19T21:37:54.769Z[0m  [33mWARN [0m [1motap-df-core-nodes::traffic_generator.smooth_run_behind[0m: Data generator is falling behind and didn't finish the current run. For highest possible throughput, use production_mode: open [remaining=16, remaining_items=13872][35m entity/node.attrs: node.id=receiver node.urn=urn:otel:receiver:traffic_generator node.type=receiver pipeline.id=main pipeline.group.id=default deployment.generation=0 core.id=3 numa.node.id=0 process.instance.id=AGPEELDI3534HER[2m2026-05-19T21:37:54.997Z[0m  [33mWARN [0m [1motap-df-core-nodes::traffic_generator.smooth_run_behind[0m: Data generator is falling behind and didn't finish the current run. For highest possible throughput, use production_mode: open [remaining=22, remaining_items=19074][35m entity/node.attrs: node.id=receiver node.urn=urn:otel:receiver:traffic_generator node.type=receiver pipeline.id=main pipeline.group.id=default deployment.generation=0 core.id=11 numa.node.id=0 process.instance.id=AGPEELDI3534HE[2m2026-05-19T21:37:55.420Z[0m  [33mWARN [0m [1motap-df-core-nodes::traffic_generator.smooth_run_behind[0m: Data generator is falling behind and didn't finish the current run. For highest possible throughput, use production_mode: open [remaining=30, remaining_items=26010][35m entity/node.attrs: node.id=receiver node.urn=urn:otel:receiver:traffic_generator node.type=receiver pipeline.id=main pipeline.group.id=default deployment.generation=0 core.id=2 numa.node.id=0 process.instance.id=AGPEELDI3534HER[2m2026-05-19T21:37:55.440Z[0m  [33mWARN [0m [1motap-df-core-nodes::traffic_generator.smooth_run_behind[0m: Data generator is falling behind and didn't finish the current run. For highest possible throughput, use production_mode: open [remaining=30, remaining_items=26010][35m entity/node.attrs: node.id=receiver node.urn=urn:otel:receiver:traffic_generator node.type=receiver pipeline.id=main pipeline.group.id=default deployment.generation=0 core.id=4 numa.node.id=0 process.instance.id=AGPEELDI3534HER[2m2026-05-19T21:37:55.553Z[0m  [33mWARN [0m [1motap-df-core-nodes::traffic_generator.smooth_run_behind[0m: Data generator is falling behind and didn't finish the current run. For highest possible throughput, use production_mode: open [remaining=29, remaining_items=25143][35m entity/node.attrs: node.id=receiver node.urn=urn:otel:receiver:traffic_generator node.type=receiver pipeline.id=main pipeline.group.id=default deployment.generation=0 core.id=5 numa.node.id=0 process.instance.id=AGPEELDI3534HER[2m2026-05-19T21:37:55.601Z[0m  [33mWARN [0m [1motap-df-core-nodes::traffic_generator.smooth_run_behind[0m: Data generator is falling behind and didn't finish the current run. For highest possible throughput, use production_mode: open [remaining=29, remaining_items=25143][35m entity/node.attrs: node.id=receiver node.urn=urn:otel:receiver:traffic_generator node.type=receiver pipeline.id=main pipeline.group.id=default deployment.generation=0 core.id=8 numa.node.id=0 process.instance.id=AGPEELDI3534HER[2m2026-05-19T21:37:55.646Z[0m  [33mWARN [0m [1motap-df-core-nodes::traffic_generator.smooth_run_behind[0m: Data generator is falling behind and didn't finish the current run. For highest possible throughput, use production_mode: open [remaining=29, remaining_items=25143][35m entity/node.attrs: node.id=receiver node.urn=urn:otel:receiver:traffic_generator node.type=receiver pipeline.id=main pipeline.group.id=default deployment.generation=0 core.id=7 numa.node.id=0 process.instance.id=AGPEELDI3534HER[2m2026-05-19T21:37:55.769Z[0m  [33mWARN [0m [1motap-df-core-nodes::traffic_generator.smooth_run_behind[0m: Data generator is falling behind and didn't finish the current run. For highest possible throughput, use production_mode: open [remaining=20, remaining_items=17340][35m entity/node.attrs: node.id=receiver node.urn=urn:otel:receiver:traffic_generator node.type=receiver pipeline.id=main pipeline.group.id=default deployment.generation=0 core.id=3 numa.node.id=0 process.instance.id=AGPEELDI3534HER[2m2026-05-19T21:37:55.996Z[0m  [33mWARN [0m [1motap-df-core-nodes::traffic_generator.smooth_run_behind[0m: Data generator is falling behind and didn't finish the current run. For highest possible throughput, use production_mode: open [remaining=22, remaining_items=19074][35m entity/node.attrs: node.id=receiver node.urn=urn:otel:receiver:traffic_generator node.type=receiver pipeline.id=main pipeline.group.id=default deployment.generation=0 core.id=11 numa.node.id=0 process.instance.id=AGPEELDI3534HE[2m2026-05-19T21:37:56.420Z[0m  [33mWARN [0m [1motap-df-core-nodes::traffic_generator.smooth_run_behind[0m: Data generator is falling behind and didn't finish the current run. For highest possible throughput, use production_mode: open [remaining=28, remaining_items=24276][35m entity/node.attrs: node.id=receiver node.urn=urn:otel:receiver:traffic_generator node.type=receiver pipeline.id=main pipeline.group.id=default deployment.generation=0 core.id=2 numa.node.id=0 process.instance.id=AGPEELDI3534HER[2m2026-05-19T21:37:56.439Z[0m  [33mWARN [0m [1motap-df-core-nodes::traffic_generator.smooth_run_behind[0m: Data generator is falling behind and didn't finish the current run. For highest possible throughput, use production_mode: open [remaining=28, remaining_items=24276][35m entity/node.attrs: node.id=receiver node.urn=urn:otel:receiver:traffic_generator node.type=receiver pipeline.id=main pipeline.group.id=default deployment.generation=0 core.id=4 numa.node.id=0 process.instance.id=AGPEELDI3534HER[2m2026-05-19T21:37:56.553Z[0m  [33mWARN [0m [1motap-df-core-nodes::traffic_generator.smooth_run_behind[0m: Data generator is falling behind and didn't finish the current run. For highest possible throughput, use production_mode: open [remaining=28, remaining_items=24276][35m entity/node.attrs: node.id=receiver node.urn=urn:otel:receiver:traffic_generator node.type=receiver pipeline.id=main pipeline.group.id=default deployment.generation=0 core.id=5 numa.node.id=0 process.instance.id=AGPEELDI3534HER[2m2026-05-19T21:37:56.602Z[0m  [33mWARN [0m [1motap-df-core-nodes::traffic_generator.smooth_run_behind[0m: Data generator is falling behind and didn't finish the current run. For highest possible throughput, use production_mode: open [remaining=28, remaining_items=24276][35m entity/node.attrs: node.id=receiver node.urn=urn:otel:receiver:traffic_generator node.type=receiver pipeline.id=main pipeline.group.id=default deployment.generation=0 core.id=8 numa.node.id=0 process.instance.id=AGPEELDI3534HER[2m2026-05-19T21:37:56.770Z[0m  [33mWARN [0m [1motap-df-core-nodes::traffic_generator.smooth_run_behind[0m: Data generator is falling behind and didn't finish the current run. For highest possible throughput, use production_mode: open [remaining=29, remaining_items=25143][35m entity/node.attrs: node.id=receiver node.urn=urn:otel:receiver:traffic_generator node.type=receiver pipeline.id=main pipeline.group.id=default deployment.generation=0 core.id=3 numa.node.id=0 process.instance.id=AGPEELDI3534HER[2m2026-05-19T21:37:57.418Z[0m  [33mWARN [0m [1motap-df-core-nodes::traffic_generator.smooth_run_behind[0m: Data generator is falling behind and didn't finish the current run. For highest possible throughput, use production_mode: open [remaining=17, remaining_items=14739][35m entity/node.attrs: node.id=receiver node.urn=urn:otel:receiver:traffic_generator node.type=receiver pipeline.id=main pipeline.group.id=default deployment.generation=0 core.id=2 numa.node.id=0 process.instance.id=AGPEELDI3534HER[2m2026-05-19T21:37:57.438Z[0m  [33mWARN [0m [1motap-df-core-nodes::traffic_generator.smooth_run_behind[0m: Data generator is falling behind and didn't finish the current run. For highest possible throughput, use production_mode: open [remaining=17, remaining_items=14739][35m entity/node.attrs: node.id=receiver node.urn=urn:otel:receiver:traffic_generator node.type=receiver pipeline.id=main pipeline.group.id=default deployment.generation=0 core.id=4 numa.node.id=0 process.instance.id=AGPEELDI3534HER[2m2026-05-19T21:37:57.552Z[0m  [33mWARN [0m [1motap-df-core-nodes::traffic_generator.smooth_run_behind[0m: Data generator is falling behind and didn't finish the current run. For highest possible throughput, use production_mode: open [remaining=18, remaining_items=15606][35m entity/node.attrs: node.id=receiver node.urn=urn:otel:receiver:traffic_generator node.type=receiver pipeline.id=main pipeline.group.id=default deployment.generation=0 core.id=5 numa.node.id=0 process.instance.id=AGPEELDI3534HER[2m2026-05-19T21:37:57.600Z[0m  [33mWARN [0m [1motap-df-core-nodes::traffic_generator.smooth_run_behind[0m: Data generator is falling behind and didn't finish the current run. For highest possible throughput, use production_mode: open [remaining=17, remaining_items=14739][35m entity/node.attrs: node.id=receiver node.urn=urn:otel:receiver:traffic_generator node.type=receiver pipeline.id=main pipeline.group.id=default deployment.generation=0 core.id=8 numa.node.id=0 process.instance.id=AGPEELDI3534HER[2m2026-05-19T21:37:57.768Z[0m  [33mWARN [0m [1motap-df-core-nodes::traffic_generator.smooth_run_behind[0m: Data generator is falling behind and didn't finish the current run. For highest possible throughput, use production_mode: open [remaining=16, remaining_items=13872][35m entity/node.attrs: node.id=receiver node.urn=urn:otel:receiver:traffic_generator node.type=receiver pipeline.id=main pipeline.group.id=default deployment.generation=0 core.id=3 numa.node.id=0 process.instance.id=AGPEELDI3534HER[2m2026-05-19T21:37:58.418Z[0m  [33mWARN [0m [1motap-df-core-nodes::traffic_generator.smooth_run_behind[0m: Data generator is falling behind and didn't finish the current run. For highest possible throughput, use production_mode: open [remaining=15, remaining_items=13005][35m entity/node.attrs: node.id=receiver node.urn=urn:otel:receiver:traffic_generator node.type=receiver pipeline.id=main pipeline.group.id=default deployment.generation=0 core.id=2 numa.node.id=0 process.instance.id=AGPEELDI3534HER[2m2026-05-19T21:37:58.437Z[0m  [33mWARN [0m [1motap-df-core-nodes::traffic_generator.smooth_run_behind[0m: Data generator is falling behind and didn't finish the current run. For highest possible throughput, use production_mode: open [remaining=15, remaining_items=13005][35m entity/node.attrs: node.id=receiver node.urn=urn:otel:receiver:traffic_generator node.type=receiver pipeline.id=main pipeline.group.id=default deployment.generation=0 core.id=4 numa.node.id=0 process.instance.id=AGPEELDI3534HER[2m2026-05-19T21:37:58.551Z[0m  [33mWARN [0m [1motap-df-core-nodes::traffic_generator.smooth_run_behind[0m: Data generator is falling behind and didn't finish the current run. For highest possible throughput, use production_mode: open [remaining=14, remaining_items=12138][35m entity/node.attrs: node.id=receiver node.urn=urn:otel:receiver:traffic_generator node.type=receiver pipeline.id=main pipeline.group.id=default deployment.generation=0 core.id=5 numa.node.id=0 process.instance.id=AGPEELDI3534HER[2m2026-05-19T21:37:58.600Z[0m  [33mWARN [0m [1motap-df-core-nodes::traffic_generator.smooth_run_behind[0m: Data generator is falling behind and didn't finish the current run. For highest possible throughput, use production_mode: open [remaining=14, remaining_items=12138][35m entity/node.attrs: node.id=receiver node.urn=urn:otel:receiver:traffic_generator node.type=receiver pipeline.id=main pipeline.group.id=default deployment.generation=0 core.id=8 numa.node.id=0 process.instance.id=AGPEELDI3534HER[2m2026-05-19T21:37:58.768Z[0m  [33mWARN [0m [1motap-df-core-nodes::traffic_generator.smooth_run_behind[0m: Data generator is falling behind and didn't finish the current run. For highest possible throughput, use production_mode: open [remaining=15, remaining_items=13005][35m entity/node.attrs: node.id=receiver node.urn=urn:otel:receiver:traffic_generator node.type=receiver pipeline.id=main pipeline.group.id=default deployment.generation=0 core.id=3 numa.node.id=0 process.instance.id=AGPEELDI3534HER[2m2026-05-19T21:37:59.418Z[0m  [33mWARN [0m [1motap-df-core-nodes::traffic_generator.smooth_run_behind[0m: Data generator is falling behind and didn't finish the current run. For highest possible throughput, use production_mode: open [remaining=16, remaining_items=13872][35m entity/node.attrs: node.id=receiver node.urn=urn:otel:receiver:traffic_generator node.type=receiver pipeline.id=main pipeline.group.id=default deployment.generation=0 core.id=2 numa.node.id=0 process.instance.id=AGPEELDI3534HER[2m2026-05-19T21:37:59.438Z[0m  [33mWARN [0m [1motap-df-core-nodes::traffic_generator.smooth_run_behind[0m: Data generator is falling behind and didn't finish the current run. For highest possible throughput, use production_mode: open [remaining=16, remaining_items=13872][35m entity/node.attrs: node.id=receiver node.urn=urn:otel:receiver:traffic_generator node.type=receiver pipeline.id=main pipeline.group.id=default deployment.generation=0 core.id=4 numa.node.id=0 process.instance.id=AGPEELDI3534HER[2m2026-05-19T21:37:59.481Z[0m  [33mWARN [0m [1motap-df-core-nodes::traffic_generator.smooth_run_behind[0m: Data generator is falling behind and didn't finish the current run. For highest possible throughput, use production_mode: open [remaining=7, remaining_items=6069][35m entity/node.attrs: node.id=receiver node.urn=urn:otel:receiver:traffic_generator node.type=receiver pipeline.id=main pipeline.group.id=default deployment.generation=0 core.id=9 numa.node.id=0 process.instance.id=AGPEELDI3534HERDV[2m2026-05-19T21:37:59.552Z[0m  [33mWARN [0m [1motap-df-core-nodes::traffic_generator.smooth_run_behind[0m: Data generator is falling behind and didn't finish the current run. For highest possible throughput, use production_mode: open [remaining=16, remaining_items=13872][35m entity/node.attrs: node.id=receiver node.urn=urn:otel:receiver:traffic_generator node.type=receiver pipeline.id=main pipeline.group.id=default deployment.generation=0 core.id=5 numa.node.id=0 process.instance.id=AGPEELDI3534HER[2m2026-05-19T21:37:59.600Z[0m  [33mWARN [0m [1motap-df-core-nodes::traffic_generator.smooth_run_behind[0m: Data generator is falling behind and didn't finish the current run. For highest possible throughput, use production_mode: open [remaining=17, remaining_items=14739][35m entity/node.attrs: node.id=receiver node.urn=urn:otel:receiver:traffic_generator node.type=receiver pipeline.id=main pipeline.group.id=default deployment.generation=0 core.id=8 numa.node.id=0 process.instance.id=AGPEELDI3534HER[2m2026-05-19T21:37:59.644Z[0m  [33mWARN [0m [1motap-df-core-nodes::traffic_generator.smooth_run_behind[0m: Data generator is falling behind and didn't finish the current run. For highest possible throughput, use production_mode: open [remaining=4, remaining_items=3468][35m entity/node.attrs: node.id=receiver node.urn=urn:otel:receiver:traffic_generator node.type=receiver pipeline.id=main pipeline.group.id=default deployment.generation=0 core.id=7 numa.node.id=0 process.instance.id=AGPEELDI3534HERDV[2m2026-05-19T21:37:59.684Z[0m  [33mWARN [0m [1motap-df-core-nodes::traffic_generator.smooth_run_behind[0m: Data generator is falling behind and didn't finish the current run. For highest possible throughput, use production_mode: open [remaining=12, remaining_items=10404][35m entity/node.attrs: node.id=receiver node.urn=urn:otel:receiver:traffic_generator node.type=receiver pipeline.id=main pipeline.group.id=default deployment.generation=0 core.id=10 numa.node.id=0 process.instance.id=AGPEELDI3534HE[2m2026-05-19T21:37:59.727Z[0m  [33mWARN [0m [1motap-df-core-nodes::traffic_generator.smooth_run_behind[0m: Data generator is falling behind and didn't finish the current run. For highest possible throughput, use production_mode: open [remaining=13, remaining_items=11271][35m entity/node.attrs: node.id=receiver node.urn=urn:otel:receiver:traffic_generator node.type=receiver pipeline.id=main pipeline.group.id=default deployment.generation=0 core.id=6 numa.node.id=0 process.instance.id=AGPEELDI3534HER[2m2026-05-19T21:37:59.768Z[0m  [33mWARN [0m [1motap-df-core-nodes::traffic_generator.smooth_run_behind[0m: Data generator is falling behind and didn't finish the current run. For highest possible throughput, use production_mode: open [remaining=17, remaining_items=14739][35m entity/node.attrs: node.id=receiver node.urn=urn:otel:receiver:traffic_generator node.type=receiver pipeline.id=main pipeline.group.id=default deployment.generation=0 core.id=3 numa.node.id=0 process.instance.id=AGPEELDI3534HER[2m2026-05-19T21:38:00.418Z[0m  [33mWARN [0m [1motap-df-core-nodes::traffic_generator.smooth_run_behind[0m: Data generator is falling behind and didn't finish the current run. For highest possible throughput, use production_mode: open [remaining=18, remaining_items=15606][35m entity/node.attrs: node.id=receiver node.urn=urn:otel:receiver:traffic_generator node.type=receiver pipeline.id=main pipeline.group.id=default deployment.generation=0 core.id=2 numa.node.id=0 process.instance.id=AGPEELDI3534HER[2m2026-05-19T21:38:00.437Z[0m  [33mWARN [0m [1motap-df-core-nodes::traffic_generator.smooth_run_behind[0m: Data generator is falling behind and didn't finish the current run. For highest possible throughput, use production_mode: open [remaining=18, remaining_items=15606][35m entity/node.attrs: node.id=receiver node.urn=urn:otel:receiver:traffic_generator node.type=receiver pipeline.id=main pipeline.group.id=default deployment.generation=0 core.id=4 numa.node.id=0 process.instance.id=AGPEELDI3534HER[2m2026-05-19T21:38:00.482Z[0m  [33mWARN [0m [1motap-df-core-nodes::traffic_generator.smooth_run_behind[0m: Data generator is falling behind and didn't finish the current run. For highest possible throughput, use production_mode: open [remaining=19, remaining_items=16473][35m entity/node.attrs: node.id=receiver node.urn=urn:otel:receiver:traffic_generator node.type=receiver pipeline.id=main pipeline.group.id=default deployment.generation=0 core.id=9 numa.node.id=0 process.instance.id=AGPEELDI3534HER[2m2026-05-19T21:38:00.552Z[0m  [33mWARN [0m [1motap-df-core-nodes::traffic_generator.smooth_run_behind[0m: Data generator is falling behind and didn't finish the current run. For highest possible throughput, use production_mode: open [remaining=19, remaining_items=16473][35m entity/node.attrs: node.id=receiver node.urn=urn:otel:receiver:traffic_generator node.type=receiver pipeline.id=main pipeline.group.id=default deployment.generation=0 core.id=5 numa.node.id=0 process.instance.id=AGPEELDI3534HER[2m2026-05-19T21:38:00.646Z[0m  [33mWARN [0m [1motap-df-core-nodes::traffic_generator.smooth_run_behind[0m: Data generator is falling behind and didn't finish the current run. For highest possible throughput, use production_mode: open [remaining=19, remaining_items=16473][35m entity/node.attrs: node.id=receiver node.urn=urn:otel:receiver:traffic_generator node.type=receiver pipeline.id=main pipeline.group.id=default deployment.generation=0 core.id=7 numa.node.id=0 process.instance.id=AGPEELDI3534HER[2m2026-05-19T21:38:00.729Z[0m  [33mWARN [0m [1motap-df-core-nodes::traffic_generator.smooth_run_behind[0m: Data generator is falling behind and didn't finish the current run. For highest possible throughput, use production_mode: open [remaining=19, remaining_items=16473][35m entity/node.attrs: node.id=receiver node.urn=urn:otel:receiver:traffic_generator node.type=receiver pipeline.id=main pipeline.group.id=default deployment.generation=0 core.id=6 numa.node.id=0 process.instance.id=AGPEELDI3534HER[2m2026-05-19T21:38:00.769Z[0m  [33mWARN [0m [1motap-df-core-nodes::traffic_generator.smooth_run_behind[0m: Data generator is falling behind and didn't finish the current run. For highest possible throughput, use production_mode: open [remaining=22, remaining_items=19074][35m entity/node.attrs: node.id=receiver node.urn=urn:otel:receiver:traffic_generator node.type=receiver pipeline.id=main pipeline.group.id=default deployment.generation=0 core.id=3 numa.node.id=0 process.instance.id=AGPEELDI3534HER[2m2026-05-19T21:38:00.997Z[0m  [33mWARN [0m [1motap-df-core-nodes::traffic_generator.smooth_run_behind[0m: Data generator is falling behind and didn't finish the current run. For highest possible throughput, use production_mode: open [remaining=30, remaining_items=26010][35m entity/node.attrs: node.id=receiver node.urn=urn:otel:receiver:traffic_generator node.type=receiver pipeline.id=main pipeline.group.id=default deployment.generation=0 core.id=11 numa.node.id=0 process.instance.id=AGPEELDI3534HE[2m2026-05-19T21:38:01.421Z[0m  [33mWARN [0m [1motap-df-core-nodes::traffic_generator.smooth_run_behind[0m: Data generator is falling behind and didn't finish the current run. For highest possible throughput, use production_mode: open [remaining=34, remaining_items=29478][35m entity/node.attrs: node.id=receiver node.urn=urn:otel:receiver:traffic_generator node.type=receiver pipeline.id=main pipeline.group.id=default deployment.generation=0 core.id=2 numa.node.id=0 process.instance.id=AGPEELDI3534HER[2m2026-05-19T21:38:01.440Z[0m  [33mWARN [0m [1motap-df-core-nodes::traffic_generator.smooth_run_behind[0m: Data generator is falling behind and didn't finish the current run. For highest possible throughput, use production_mode: open [remaining=34, remaining_items=29478][35m entity/node.attrs: node.id=receiver node.urn=urn:otel:receiver:traffic_generator node.type=receiver pipeline.id=main pipeline.group.id=default deployment.generation=0 core.id=4 numa.node.id=0 process.instance.id=AGPEELDI3534HER[2m2026-05-19T21:38:01.484Z[0m  [33mWARN [0m [1motap-df-core-nodes::traffic_generator.smooth_run_behind[0m: Data generator is falling behind and didn't finish the current run. For highest possible throughput, use production_mode: open [remaining=33, remaining_items=28611][35m entity/node.attrs: node.id=receiver node.urn=urn:otel:receiver:traffic_generator node.type=receiver pipeline.id=main pipeline.group.id=default deployment.generation=0 core.id=9 numa.node.id=0 process.instance.id=AGPEELDI3534HER[2m2026-05-19T21:38:01.553Z[0m  [33mWARN [0m [1motap-df-core-nodes::traffic_generator.smooth_run_behind[0m: Data generator is falling behind and didn't finish the current run. For highest possible throughput, use production_mode: open [remaining=33, remaining_items=28611][35m entity/node.attrs: node.id=receiver node.urn=urn:otel:receiver:traffic_generator node.type=receiver pipeline.id=main pipeline.group.id=default deployment.generation=0 core.id=5 numa.node.id=0 process.instance.id=AGPEELDI3534HER[2m2026-05-19T21:38:01.647Z[0m  [33mWARN [0m [1motap-df-core-nodes::traffic_generator.smooth_run_behind[0m: Data generator is falling behind and didn't finish the current run. For highest possible throughput, use production_mode: open [remaining=33, remaining_items=28611][35m entity/node.attrs: node.id=receiver node.urn=urn:otel:receiver:traffic_generator node.type=receiver pipeline.id=main pipeline.group.id=default deployment.generation=0 core.id=7 numa.node.id=0 process.instance.id=AGPEELDI3534HER[2m2026-05-19T21:38:01.995Z[0m  [33mWARN [0m [1motap-df-core-nodes::traffic_generator.smooth_run_behind[0m: Data generator is falling behind and didn't finish the current run. For highest possible throughput, use production_mode: open [remaining=16, remaining_items=13872][35m entity/node.attrs: node.id=receiver node.urn=urn:otel:receiver:traffic_generator node.type=receiver pipeline.id=main pipeline.group.id=default deployment.generation=0 core.id=11 numa.node.id=0 process.instance.id=AGPEELDI3534HE[2m2026-05-19T21:38:02.482Z[0m  [33mWARN [0m [1motap-df-core-nodes::traffic_generator.smooth_run_behind[0m: Data generator is falling behind and didn't finish the current run. For highest possible throughput, use production_mode: open [remaining=17, remaining_items=14739][35m entity/node.attrs: node.id=receiver node.urn=urn:otel:receiver:traffic_generator node.type=receiver pipeline.id=main pipeline.group.id=default deployment.generation=0 core.id=9 numa.node.id=0 process.instance.id=AGPEELDI3534HER[2m2026-05-19T21:38:02.552Z[0m  [33mWARN [0m [1motap-df-core-nodes::traffic_generator.smooth_run_behind[0m: Data generator is falling behind and didn't finish the current run. For highest possible throughput, use production_mode: open [remaining=17, remaining_items=14739][35m entity/node.attrs: node.id=receiver node.urn=urn:otel:receiver:traffic_generator node.type=receiver pipeline.id=main pipeline.group.id=default deployment.generation=0 core.id=5 numa.node.id=0 process.instance.id=AGPEELDI3534HER[2m2026-05-19T21:38:02.645Z[0m  [33mWARN [0m [1motap-df-core-nodes::traffic_generator.smooth_run_behind[0m: Data generator is falling behind and didn't finish the current run. For highest possible throughput, use production_mode: open [remaining=17, remaining_items=14739][35m entity/node.attrs: node.id=receiver node.urn=urn:otel:receiver:traffic_generator node.type=receiver pipeline.id=main pipeline.group.id=default deployment.generation=0 core.id=7 numa.node.id=0 process.instance.id=AGPEELDI3534HER[2m2026-05-19T21:38:02.995Z[0m  [33mWARN [0m [1motap-df-core-nodes::traffic_generator.smooth_run_behind[0m: Data generator is falling behind and didn't finish the current run. For highest possible throughput, use production_mode: open [remaining=17, remaining_items=14739][35m entity/node.attrs: node.id=receiver node.urn=urn:otel:receiver:traffic_generator node.type=receiver pipeline.id=main pipeline.group.id=default deployment.generation=0 core.id=11 numa.node.id=0 process.instance.id=AGPEELDI3534HE[2m2026-05-19T21:38:03.481Z[0m  [33mWARN [0m [1motap-df-core-nodes::traffic_generator.smooth_run_behind[0m: Data generator is falling behind and didn't finish the current run. For highest possible throughput, use production_mode: open [remaining=19, remaining_items=16473][35m entity/node.attrs: node.id=receiver node.urn=urn:otel:receiver:traffic_generator node.type=receiver pipeline.id=main pipeline.group.id=default deployment.generation=0 core.id=9 numa.node.id=0 process.instance.id=AGPEELDI3534HER[2m2026-05-19T21:38:03.553Z[0m  [33mWARN [0m [1motap-df-core-nodes::traffic_generator.smooth_run_behind[0m: Data generator is falling behind and didn't finish the current run. For highest possible throughput, use production_mode: open [remaining=21, remaining_items=18207][35m entity/node.attrs: node.id=receiver node.urn=urn:otel:receiver:traffic_generator node.type=receiver pipeline.id=main pipeline.group.id=default deployment.generation=0 core.id=5 numa.node.id=0 process.instance.id=AGPEELDI3534HER[2m2026-05-19T21:38:03.598Z[0m  [33mWARN [0m [1motap-df-core-nodes::traffic_generator.smooth_run_behind[0m: Data generator is falling behind and didn't finish the current run. For highest possible throughput, use production_mode: open [remaining=8, remaining_items=6936][35m entity/node.attrs: node.id=receiver node.urn=urn:otel:receiver:traffic_generator node.type=receiver pipeline.id=main pipeline.group.id=default deployment.generation=0 core.id=8 numa.node.id=0 process.instance.id=AGPEELDI3534HERDV[2m2026-05-19T21:38:03.683Z[0m  [33mWARN [0m [1motap-df-core-nodes::traffic_generator.smooth_run_behind[0m: Data generator is falling behind and didn't finish the current run. For highest possible throughput, use production_mode: open [remaining=3, remaining_items=2601][35m entity/node.attrs: node.id=receiver node.urn=urn:otel:receiver:traffic_generator node.type=receiver pipeline.id=main pipeline.group.id=default deployment.generation=0 core.id=10 numa.node.id=0 process.instance.id=AGPEELDI3534HERD[2m2026-05-19T21:38:04.417Z[0m  [33mWARN [0m [1motap-df-core-nodes::traffic_generator.smooth_run_behind[0m: Data generator is falling behind and didn't finish the current run. For highest possible throughput, use production_mode: open [remaining=7, remaining_items=6069][35m entity/node.attrs: node.id=receiver node.urn=urn:otel:receiver:traffic_generator node.type=receiver pipeline.id=main pipeline.group.id=default deployment.generation=0 core.id=2 numa.node.id=0 process.instance.id=AGPEELDI3534HERDV[2m2026-05-19T21:38:04.436Z[0m  [33mWARN [0m [1motap-df-core-nodes::traffic_generator.smooth_run_behind[0m: Data generator is falling behind and didn't finish the current run. For highest possible throughput, use production_mode: open [remaining=8, remaining_items=6936][35m entity/node.attrs: node.id=receiver node.urn=urn:otel:receiver:traffic_generator node.type=receiver pipeline.id=main pipeline.group.id=default deployment.generation=0 core.id=4 numa.node.id=0 process.instance.id=AGPEELDI3534HERDV[2m2026-05-19T21:38:04.485Z[0m  [33mWARN [0m [1motap-df-core-nodes::traffic_generator.smooth_run_behind[0m: Data generator is falling behind and didn't finish the current run. For highest possible throughput, use production_mode: open [remaining=39, remaining_items=33813][35m entity/node.attrs: node.id=receiver node.urn=urn:otel:receiver:traffic_generator node.type=receiver pipeline.id=main pipeline.group.id=default deployment.generation=0 core.id=9 numa.node.id=0 process.instance.id=AGPEELDI3534HER[2m2026-05-19T21:38:04.554Z[0m  [33mWARN [0m [1motap-df-core-nodes::traffic_generator.smooth_run_behind[0m: Data generator is falling behind and didn't finish the current run. For highest possible throughput, use production_mode: open [remaining=37, remaining_items=32079][35m entity/node.attrs: node.id=receiver node.urn=urn:otel:receiver:traffic_generator node.type=receiver pipeline.id=main pipeline.group.id=default deployment.generation=0 core.id=5 numa.node.id=0 process.instance.id=AGPEELDI3534HER[2m2026-05-19T21:38:04.602Z[0m  [33mWARN [0m [1motap-df-core-nodes::traffic_generator.smooth_run_behind[0m: Data generator is falling behind and didn't finish the current run. For highest possible throughput, use production_mode: open [remaining=35, remaining_items=30345][35m entity/node.attrs: node.id=receiver node.urn=urn:otel:receiver:traffic_generator node.type=receiver pipeline.id=main pipeline.group.id=default deployment.generation=0 core.id=8 numa.node.id=0 process.instance.id=AGPEELDI3534HER[2m2026-05-19T21:38:04.687Z[0m  [33mWARN [0m [1motap-df-core-nodes::traffic_generator.smooth_run_behind[0m: Data generator is falling behind and didn't finish the current run. For highest possible throughput, use production_mode: open [remaining=35, remaining_items=30345][35m entity/node.attrs: node.id=receiver node.urn=urn:otel:receiver:traffic_generator node.type=receiver pipeline.id=main pipeline.group.id=default deployment.generation=0 core.id=10 numa.node.id=0 process.instance.id=AGPEELDI3534HE[2m2026-05-19T21:38:04.729Z[0m  [33mWARN [0m [1motap-df-core-nodes::traffic_generator.smooth_run_behind[0m: Data generator is falling behind and didn't finish the current run. For highest possible throughput, use production_mode: open [remaining=26, remaining_items=22542][35m entity/node.attrs: node.id=receiver node.urn=urn:otel:receiver:traffic_generator node.type=receiver pipeline.id=main pipeline.group.id=default deployment.generation=0 core.id=6 numa.node.id=0 process.instance.id=AGPEELDI3534HER[2m2026-05-19T21:38:04.770Z[0m  [33mWARN [0m [1motap-df-core-nodes::traffic_generator.smooth_run_behind[0m: Data generator is falling behind and didn't finish the current run. For highest possible throughput, use production_mode: open [remaining=27, remaining_items=23409][35m entity/node.attrs: node.id=receiver node.urn=urn:otel:receiver:traffic_generator node.type=receiver pipeline.id=main pipeline.group.id=default deployment.generation=0 core.id=3 numa.node.id=0 process.instance.id=AGPEELDI3534HER[2m2026-05-19T21:38:05.438Z[0m  [33mWARN [0m [1motap-df-core-nodes::traffic_generator.smooth_run_behind[0m: Data generator is falling behind and didn't finish the current run. For highest possible throughput, use production_mode: open [remaining=17, remaining_items=14739][35m entity/node.attrs: node.id=receiver node.urn=urn:otel:receiver:traffic_generator node.type=receiver pipeline.id=main pipeline.group.id=default deployment.generation=0 core.id=4 numa.node.id=0 process.instance.id=AGPEELDI3534HER[2m2026-05-19T21:38:05.482Z[0m  [33mWARN [0m [1motap-df-core-nodes::traffic_generator.smooth_run_behind[0m: Data generator is falling behind and didn't finish the current run. For highest possible throughput, use production_mode: open [remaining=17, remaining_items=14739][35m entity/node.attrs: node.id=receiver node.urn=urn:otel:receiver:traffic_generator node.type=receiver pipeline.id=main pipeline.group.id=default deployment.generation=0 core.id=9 numa.node.id=0 process.instance.id=AGPEELDI3534HER[2m2026-05-19T21:38:05.599Z[0m  [33mWARN [0m [1motap-df-core-nodes::traffic_generator.smooth_run_behind[0m: Data generator is falling behind and didn't finish the current run. For highest possible throughput, use production_mode: open [remaining=17, remaining_items=14739][35m entity/node.attrs: node.id=receiver node.urn=urn:otel:receiver:traffic_generator node.type=receiver pipeline.id=main pipeline.group.id=default deployment.generation=0 core.id=8 numa.node.id=0 process.instance.id=AGPEELDI3534HER[2m2026-05-19T21:38:05.685Z[0m  [33mWARN [0m [1motap-df-core-nodes::traffic_generator.smooth_run_behind[0m: Data generator is falling behind and didn't finish the current run. For highest possible throughput, use production_mode: open [remaining=17, remaining_items=14739][35m entity/node.attrs: node.id=receiver node.urn=urn:otel:receiver:traffic_generator node.type=receiver pipeline.id=main pipeline.group.id=default deployment.generation=0 core.id=10 numa.node.id=0 process.instance.id=AGPEELDI3534HE[2m2026-05-19T21:38:05.728Z[0m  [33mWARN [0m [1motap-df-core-nodes::traffic_generator.smooth_run_behind[0m: Data generator is falling behind and didn't finish the current run. For highest possible throughput, use production_mode: open [remaining=17, remaining_items=14739][35m entity/node.attrs: node.id=receiver node.urn=urn:otel:receiver:traffic_generator node.type=receiver pipeline.id=main pipeline.group.id=default deployment.generation=0 core.id=6 numa.node.id=0 process.instance.id=AGPEELDI3534HER[2m2026-05-19T21:38:05.768Z[0m  [33mWARN [0m [1motap-df-core-nodes::traffic_generator.smooth_run_behind[0m: Data generator is falling behind and didn't finish the current run. For highest possible throughput, use production_mode: open [remaining=16, remaining_items=13872][35m entity/node.attrs: node.id=receiver node.urn=urn:otel:receiver:traffic_generator node.type=receiver pipeline.id=main pipeline.group.id=default deployment.generation=0 core.id=3 numa.node.id=0 process.instance.id=AGPEELDI3534HER[2m2026-05-19T21:38:06.437Z[0m  [33mWARN [0m [1motap-df-core-nodes::traffic_generator.smooth_run_behind[0m: Data generator is falling behind and didn't finish the current run. For highest possible throughput, use production_mode: open [remaining=16, remaining_items=13872][35m entity/node.attrs: node.id=receiver node.urn=urn:otel:receiver:traffic_generator node.type=receiver pipeline.id=main pipeline.group.id=default deployment.generation=0 core.id=4 numa.node.id=0 process.instance.id=AGPEELDI3534HER[2m2026-05-19T21:38:06.481Z[0m  [33mWARN [0m [1motap-df-core-nodes::traffic_generator.smooth_run_behind[0m: Data generator is falling behind and didn't finish the current run. For highest possible throughput, use production_mode: open [remaining=16, remaining_items=13872][35m entity/node.attrs: node.id=receiver node.urn=urn:otel:receiver:traffic_generator node.type=receiver pipeline.id=main pipeline.group.id=default deployment.generation=0 core.id=9 numa.node.id=0 process.instance.id=AGPEELDI3534HER[2m2026-05-19T21:38:06.599Z[0m  [33mWARN [0m [1motap-df-core-nodes::traffic_generator.smooth_run_behind[0m: Data generator is falling behind and didn't finish the current run. For highest possible throughput, use production_mode: open [remaining=16, remaining_items=13872][35m entity/node.attrs: node.id=receiver node.urn=urn:otel:receiver:traffic_generator node.type=receiver pipeline.id=main pipeline.group.id=default deployment.generation=0 core.id=8 numa.node.id=0 process.instance.id=AGPEELDI3534HER[2m2026-05-19T21:38:06.643Z[0m  [33mWARN [0m [1motap-df-core-nodes::traffic_generator.smooth_run_behind[0m: Data generator is falling behind and didn't finish the current run. For highest possible throughput, use production_mode: open [remaining=8, remaining_items=6936][35m entity/node.attrs: node.id=receiver node.urn=urn:otel:receiver:traffic_generator node.type=receiver pipeline.id=main pipeline.group.id=default deployment.generation=0 core.id=7 numa.node.id=0 process.instance.id=AGPEELDI3534HERDV[2m2026-05-19T21:38:06.729Z[0m  [33mWARN [0m [1motap-df-core-nodes::traffic_generator.smooth_run_behind[0m: Data generator is falling behind and didn't finish the current run. For highest possible throughput, use production_mode: open [remaining=17, remaining_items=14739][35m entity/node.attrs: node.id=receiver node.urn=urn:otel:receiver:traffic_generator node.type=receiver pipeline.id=main pipeline.group.id=default deployment.generation=0 core.id=6 numa.node.id=0 process.instance.id=AGPEELDI3534HER[2m2026-05-19T21:38:06.769Z[0m  [33mWARN [0m [1motap-df-core-nodes::traffic_generator.smooth_run_behind[0m: Data generator is falling behind and didn't finish the current run. For highest possible throughput, use production_mode: open [remaining=17, remaining_items=14739][35m entity/node.attrs: node.id=receiver node.urn=urn:otel:receiver:traffic_generator node.type=receiver pipeline.id=main pipeline.group.id=default deployment.generation=0 core.id=3 numa.node.id=0 process.instance.id=AGPEELDI3534HER[2m2026-05-19T21:38:06.995Z[0m  [33mWARN [0m [1motap-df-core-nodes::traffic_generator.smooth_run_behind[0m: Data generator is falling behind and didn't finish the current run. For highest possible throughput, use production_mode: open [remaining=9, remaining_items=7803][35m entity/node.attrs: node.id=receiver node.urn=urn:otel:receiver:traffic_generator node.type=receiver pipeline.id=main pipeline.group.id=default deployment.generation=0 core.id=11 numa.node.id=0 process.instance.id=AGPEELDI3534HERD[2m2026-05-19T21:38:07.437Z[0m  [33mWARN [0m [1motap-df-core-nodes::traffic_generator.smooth_run_behind[0m: Data generator is falling behind and didn't finish the current run. For highest possible throughput, use production_mode: open [remaining=17, remaining_items=14739][35m entity/node.attrs: node.id=receiver node.urn=urn:otel:receiver:traffic_generator node.type=receiver pipeline.id=main pipeline.group.id=default deployment.generation=0 core.id=4 numa.node.id=0 process.instance.id=AGPEELDI3534HER[2m2026-05-19T21:38:07.482Z[0m  [33mWARN [0m [1motap-df-core-nodes::traffic_generator.smooth_run_behind[0m: Data generator is falling behind and didn't finish the current run. For highest possible throughput, use production_mode: open [remaining=17, remaining_items=14739][35m entity/node.attrs: node.id=receiver node.urn=urn:otel:receiver:traffic_generator node.type=receiver pipeline.id=main pipeline.group.id=default deployment.generation=0 core.id=9 numa.node.id=0 process.instance.id=AGPEELDI3534HER[2m2026-05-19T21:38:07.600Z[0m  [33mWARN [0m [1motap-df-core-nodes::traffic_generator.smooth_run_behind[0m: Data generator is falling behind and didn't finish the current run. For highest possible throughput, use production_mode: open [remaining=17, remaining_items=14739][35m entity/node.attrs: node.id=receiver node.urn=urn:otel:receiver:traffic_generator node.type=receiver pipeline.id=main pipeline.group.id=default deployment.generation=0 core.id=8 numa.node.id=0 process.instance.id=AGPEELDI3534HER[2m2026-05-19T21:38:07.645Z[0m  [33mWARN [0m [1motap-df-core-nodes::traffic_generator.smooth_run_behind[0m: Data generator is falling behind and didn't finish the current run. For highest possible throughput, use production_mode: open [remaining=17, remaining_items=14739][35m entity/node.attrs: node.id=receiver node.urn=urn:otel:receiver:traffic_generator node.type=receiver pipeline.id=main pipeline.group.id=default deployment.generation=0 core.id=7 numa.node.id=0 process.instance.id=AGPEELDI3534HER[2m2026-05-19T21:38:07.769Z[0m  [33mWARN [0m [1motap-df-core-nodes::traffic_generator.smooth_run_behind[0m: Data generator is falling behind and didn't finish the current run. For highest possible throughput, use production_mode: open [remaining=16, remaining_items=13872][35m entity/node.attrs: node.id=receiver node.urn=urn:otel:receiver:traffic_generator node.type=receiver pipeline.id=main pipeline.group.id=default deployment.generation=0 core.id=3 numa.node.id=0 process.instance.id=AGPEELDI3534HER[2m2026-05-19T21:38:07.995Z[0m  [33mWARN [0m [1motap-df-core-nodes::traffic_generator.smooth_run_behind[0m: Data generator is falling behind and didn't finish the current run. For highest possible throughput, use production_mode: open [remaining=16, remaining_items=13872][35m entity/node.attrs: node.id=receiver node.urn=urn:otel:receiver:traffic_generator node.type=receiver pipeline.id=main pipeline.group.id=default deployment.generation=0 core.id=11 numa.node.id=0 process.instance.id=AGPEELDI3534HE[2m2026-05-19T21:38:08.438Z[0m  [33mWARN [0m [1motap-df-core-nodes::traffic_generator.smooth_run_behind[0m: Data generator is falling behind and didn't finish the current run. For highest possible throughput, use production_mode: open [remaining=17, remaining_items=14739][35m entity/node.attrs: node.id=receiver node.urn=urn:otel:receiver:traffic_generator node.type=receiver pipeline.id=main pipeline.group.id=default deployment.generation=0 core.id=4 numa.node.id=0 process.instance.id=AGPEELDI3534HER[2m2026-05-19T21:38:08.482Z[0m  [33mWARN [0m [1motap-df-core-nodes::traffic_generator.smooth_run_behind[0m: Data generator is falling behind and didn't finish the current run. For highest possible throughput, use production_mode: open [remaining=16, remaining_items=13872][35m entity/node.attrs: node.id=receiver node.urn=urn:otel:receiver:traffic_generator node.type=receiver pipeline.id=main pipeline.group.id=default deployment.generation=0 core.id=9 numa.node.id=0 process.instance.id=AGPEELDI3534HER[2m2026-05-19T21:38:08.550Z[0m  [33mWARN [0m [1motap-df-core-nodes::traffic_generator.smooth_run_behind[0m: Data generator is falling behind and didn't finish the current run. For highest possible throughput, use production_mode: open [remaining=5, remaining_items=4335][35m entity/node.attrs: node.id=receiver node.urn=urn:otel:receiver:traffic_generator node.type=receiver pipeline.id=main pipeline.group.id=default deployment.generation=0 core.id=5 numa.node.id=0 process.instance.id=AGPEELDI3534HERDV[2m2026-05-19T21:38:08.600Z[0m  [33mWARN [0m [1motap-df-core-nodes::traffic_generator.smooth_run_behind[0m: Data generator is falling behind and didn't finish the current run. For highest possible throughput, use production_mode: open [remaining=16, remaining_items=13872][35m entity/node.attrs: node.id=receiver node.urn=urn:otel:receiver:traffic_generator node.type=receiver pipeline.id=main pipeline.group.id=default deployment.generation=0 core.id=8 numa.node.id=0 process.instance.id=AGPEELDI3534HER[2m2026-05-19T21:38:08.768Z[0m  [33mWARN [0m [1motap-df-core-nodes::traffic_generator.smooth_run_behind[0m: Data generator is falling behind and didn't finish the current run. For highest possible throughput, use production_mode: open [remaining=16, remaining_items=13872][35m entity/node.attrs: node.id=receiver node.urn=urn:otel:receiver:traffic_generator node.type=receiver pipeline.id=main pipeline.group.id=default deployment.generation=0 core.id=3 numa.node.id=0 process.instance.id=AGPEELDI3534HER[2m2026-05-19T21:38:09.437Z[0m  [33mWARN [0m [1motap-df-core-nodes::traffic_generator.smooth_run_behind[0m: Data generator is falling behind and didn't finish the current run. For highest possible throughput, use production_mode: open [remaining=17, remaining_items=14739][35m entity/node.attrs: node.id=receiver node.urn=urn:otel:receiver:traffic_generator node.type=receiver pipeline.id=main pipeline.group.id=default deployment.generation=0 core.id=4 numa.node.id=0 process.instance.id=AGPEELDI3534HER[2m2026-05-19T21:38:09.482Z[0m  [33mWARN [0m [1motap-df-core-nodes::traffic_generator.smooth_run_behind[0m: Data generator is falling behind and didn't finish the current run. For highest possible throughput, use production_mode: open [remaining=17, remaining_items=14739][35m entity/node.attrs: node.id=receiver node.urn=urn:otel:receiver:traffic_generator node.type=receiver pipeline.id=main pipeline.group.id=default deployment.generation=0 core.id=9 numa.node.id=0 process.instance.id=AGPEELDI3534HER[2m2026-05-19T21:38:09.552Z[0m  [33mWARN [0m [1motap-df-core-nodes::traffic_generator.smooth_run_behind[0m: Data generator is falling behind and didn't finish the current run. For highest possible throughput, use production_mode: open [remaining=17, remaining_items=14739][35m entity/node.attrs: node.id=receiver node.urn=urn:otel:receiver:traffic_generator node.type=receiver pipeline.id=main pipeline.group.id=default deployment.generation=0 core.id=5 numa.node.id=0 process.instance.id=AGPEELDI3534HER[2m2026-05-19T21:38:09.599Z[0m  [33mWARN [0m [1motap-df-core-nodes::traffic_generator.smooth_run_behind[0m: Data generator is falling behind and didn't finish the current run. For highest possible throughput, use production_mode: open [remaining=17, remaining_items=14739][35m entity/node.attrs: node.id=receiver node.urn=urn:otel:receiver:traffic_generator node.type=receiver pipeline.id=main pipeline.group.id=default deployment.generation=0 core.id=8 numa.node.id=0 process.instance.id=AGPEELDI3534HER[2m2026-05-19T21:38:09.768Z[0m  [33mWARN [0m [1motap-df-core-nodes::traffic_generator.smooth_run_behind[0m: Data generator is falling behind and didn't finish the current run. For highest possible throughput, use production_mode: open [remaining=17, remaining_items=14739][35m entity/node.attrs: node.id=receiver node.urn=urn:otel:receiver:traffic_generator node.type=receiver pipeline.id=main pipeline.group.id=default deployment.generation=0 core.id=3 numa.node.id=0 process.instance.id=AGPEELDI3534HER[2m2026-05-19T21:38:10.417Z[0m  [33mWARN [0m [1motap-df-core-nodes::traffic_generator.smooth_run_behind[0m: Data generator is falling behind and didn't finish the current run. For highest possible throughput, use production_mode: open [remaining=6, remaining_items=5202][35m entity/node.attrs: node.id=receiver node.urn=urn:otel:receiver:traffic_generator node.type=receiver pipeline.id=main pipeline.group.id=default deployment.generation=0 core.id=2 numa.node.id=0 process.instance.id=AGPEELDI3534HERDV[2m2026-05-19T21:38:10.437Z[0m  [33mWARN [0m [1motap-df-core-nodes::traffic_generator.smooth_run_behind[0m: Data generator is falling behind and didn't finish the current run. For highest possible throughput, use production_mode: open [remaining=14, remaining_items=12138][35m entity/node.attrs: node.id=receiver node.urn=urn:otel:receiver:traffic_generator node.type=receiver pipeline.id=main pipeline.group.id=default deployment.generation=0 core.id=4 numa.node.id=0 process.instance.id=AGPEELDI3534HER[2m2026-05-19T21:38:10.481Z[0m  [33mWARN [0m [1motap-df-core-nodes::traffic_generator.smooth_run_behind[0m: Data generator is falling behind and didn't finish the current run. For highest possible throughput, use production_mode: open [remaining=15, remaining_items=13005][35m entity/node.attrs: node.id=receiver node.urn=urn:otel:receiver:traffic_generator node.type=receiver pipeline.id=main pipeline.group.id=default deployment.generation=0 core.id=9 numa.node.id=0 process.instance.id=AGPEELDI3534HER[2m2026-05-19T21:38:10.552Z[0m  [33mWARN [0m [1motap-df-core-nodes::traffic_generator.smooth_run_behind[0m: Data generator is falling behind and didn't finish the current run. For highest possible throughput, use production_mode: open [remaining=15, remaining_items=13005][35m entity/node.attrs: node.id=receiver node.urn=urn:otel:receiver:traffic_generator node.type=receiver pipeline.id=main pipeline.group.id=default deployment.generation=0 core.id=5 numa.node.id=0 process.instance.id=AGPEELDI3534HER[2m2026-05-19T21:38:10.599Z[0m  [33mWARN [0m [1motap-df-core-nodes::traffic_generator.smooth_run_behind[0m: Data generator is falling behind and didn't finish the current run. For highest possible throughput, use production_mode: open [remaining=15, remaining_items=13005][35m entity/node.attrs: node.id=receiver node.urn=urn:otel:receiver:traffic_generator node.type=receiver pipeline.id=main pipeline.group.id=default deployment.generation=0 core.id=8 numa.node.id=0 process.instance.id=AGPEELDI3534HER[2m2026-05-19T21:38:10.768Z[0m  [33mWARN [0m [1motap-df-core-nodes::traffic_generator.smooth_run_behind[0m: Data generator is falling behind and didn't finish the current run. For highest possible throughput, use production_mode: open [remaining=14, remaining_items=12138][35m entity/node.attrs: node.id=receiver node.urn=urn:otel:receiver:traffic_generator node.type=receiver pipeline.id=main pipeline.group.id=default deployment.generation=0 core.id=3 numa.node.id=0 process.instance.id=AGPEELDI3534HER[2m2026-05-19T21:38:11.418Z[0m  [33mWARN [0m [1motap-df-core-nodes::traffic_generator.smooth_run_behind[0m: Data generator is falling behind and didn't finish the current run. For highest possible throughput, use production_mode: open [remaining=14, remaining_items=12138][35m entity/node.attrs: node.id=receiver node.urn=urn:otel:receiver:traffic_generator node.type=receiver pipeline.id=main pipeline.group.id=default deployment.generation=0 core.id=2 numa.node.id=0 process.instance.id=AGPEELDI3534HER[2m2026-05-19T21:38:11.437Z[0m  [33mWARN [0m [1motap-df-core-nodes::traffic_generator.smooth_run_behind[0m: Data generator is falling behind and didn't finish the current run. For highest possible throughput, use production_mode: open [remaining=15, remaining_items=13005][35m entity/node.attrs: node.id=receiver node.urn=urn:otel:receiver:traffic_generator node.type=receiver pipeline.id=main pipeline.group.id=default deployment.generation=0 core.id=4 numa.node.id=0 process.instance.id=AGPEELDI3534HER[2m2026-05-19T21:38:11.481Z[0m  [33mWARN [0m [1motap-df-core-nodes::traffic_generator.smooth_run_behind[0m: Data generator is falling behind and didn't finish the current run. For highest possible throughput, use production_mode: open [remaining=15, remaining_items=13005][35m entity/node.attrs: node.id=receiver node.urn=urn:otel:receiver:traffic_generator node.type=receiver pipeline.id=main pipeline.group.id=default deployment.generation=0 core.id=9 numa.node.id=0 process.instance.id=AGPEELDI3534HER[2m2026-05-19T21:38:11.551Z[0m  [33mWARN [0m [1motap-df-core-nodes::traffic_generator.smooth_run_behind[0m: Data generator is falling behind and didn't finish the current run. For highest possible throughput, use production_mode: open [remaining=15, remaining_items=13005][35m entity/node.attrs: node.id=receiver node.urn=urn:otel:receiver:traffic_generator node.type=receiver pipeline.id=main pipeline.group.id=default deployment.generation=0 core.id=5 numa.node.id=0 process.instance.id=AGPEELDI3534HER[2m2026-05-19T21:38:11.600Z[0m  [33mWARN [0m [1motap-df-core-nodes::traffic_generator.smooth_run_behind[0m: Data generator is falling behind and didn't finish the current run. For highest possible throughput, use production_mode: open [remaining=15, remaining_items=13005][35m entity/node.attrs: node.id=receiver node.urn=urn:otel:receiver:traffic_generator node.type=receiver pipeline.id=main pipeline.group.id=default deployment.generation=0 core.id=8 numa.node.id=0 process.instance.id=AGPEELDI3534HER[2m2026-05-19T21:38:11.685Z[0m  [33mWARN [0m [1motap-df-core-nodes::traffic_generator.smooth_run_behind[0m: Data generator is falling behind and didn't finish the current run. For highest possible throughput, use production_mode: open [remaining=12, remaining_items=10404][35m entity/node.attrs: node.id=receiver node.urn=urn:otel:receiver:traffic_generator node.type=receiver pipeline.id=main pipeline.group.id=default deployment.generation=0 core.id=10 numa.node.id=0 process.instance.id=AGPEELDI3534HE[2m2026-05-19T21:38:11.768Z[0m  [33mWARN [0m [1motap-df-core-nodes::traffic_generator.smooth_run_behind[0m: Data generator is falling behind and didn't finish the current run. For highest possible throughput, use production_mode: open [remaining=16, remaining_items=13872][35m entity/node.attrs: node.id=receiver node.urn=urn:otel:receiver:traffic_generator node.type=receiver pipeline.id=main pipeline.group.id=default deployment.generation=0 core.id=3 numa.node.id=0 process.instance.id=AGPEELDI3534HER[2m2026-05-19T21:38:12.419Z[0m  [33mWARN [0m [1motap-df-core-nodes::traffic_generator.smooth_run_behind[0m: Data generator is falling behind and didn't finish the current run. For highest possible throughput, use production_mode: open [remaining=17, remaining_items=14739][35m entity/node.attrs: node.id=receiver node.urn=urn:otel:receiver:traffic_generator node.type=receiver pipeline.id=main pipeline.group.id=default deployment.generation=0 core.id=2 numa.node.id=0 process.instance.id=AGPEELDI3534HER[2m2026-05-19T21:38:12.438Z[0m  [33mWARN [0m [1motap-df-core-nodes::traffic_generator.smooth_run_behind[0m: Data generator is falling behind and didn't finish the current run. For highest possible throughput, use production_mode: open [remaining=16, remaining_items=13872][35m entity/node.attrs: node.id=receiver node.urn=urn:otel:receiver:traffic_generator node.type=receiver pipeline.id=main pipeline.group.id=default deployment.generation=0 core.id=4 numa.node.id=0 process.instance.id=AGPEELDI3534HER[2m2026-05-19T21:38:12.481Z[0m  [33mWARN [0m [1motap-df-core-nodes::traffic_generator.smooth_run_behind[0m: Data generator is falling behind and didn't finish the current run. For highest possible throughput, use production_mode: open [remaining=16, remaining_items=13872][35m entity/node.attrs: node.id=receiver node.urn=urn:otel:receiver:traffic_generator node.type=receiver pipeline.id=main pipeline.group.id=default deployment.generation=0 core.id=9 numa.node.id=0 process.instance.id=AGPEELDI3534HER[2m2026-05-19T21:38:12.600Z[0m  [33mWARN [0m [1motap-df-core-nodes::traffic_generator.smooth_run_behind[0m: Data generator is falling behind and didn't finish the current run. For highest possible throughput, use production_mode: open [remaining=16, remaining_items=13872][35m entity/node.attrs: node.id=receiver node.urn=urn:otel:receiver:traffic_generator node.type=receiver pipeline.id=main pipeline.group.id=default deployment.generation=0 core.id=8 numa.node.id=0 process.instance.id=AGPEELDI3534HER[2m2026-05-19T21:38:12.685Z[0m  [33mWARN [0m [1motap-df-core-nodes::traffic_generator.smooth_run_behind[0m: Data generator is falling behind and didn't finish the current run. For highest possible throughput, use production_mode: open [remaining=16, remaining_items=13872][35m entity/node.attrs: node.id=receiver node.urn=urn:otel:receiver:traffic_generator node.type=receiver pipeline.id=main pipeline.group.id=default deployment.generation=0 core.id=10 numa.node.id=0 process.instance.id=AGPEELDI3534HE[2m2026-05-19T21:38:12.728Z[0m  [33mWARN [0m [1motap-df-core-nodes::traffic_generator.smooth_run_behind[0m: Data generator is falling behind and didn't finish the current run. For highest possible throughput, use production_mode: open [remaining=11, remaining_items=9537][35m entity/node.attrs: node.id=receiver node.urn=urn:otel:receiver:traffic_generator node.type=receiver pipeline.id=main pipeline.group.id=default deployment.generation=0 core.id=6 numa.node.id=0 process.instance.id=AGPEELDI3534HERD[2m2026-05-19T21:38:12.768Z[0m  [33mWARN [0m [1motap-df-core-nodes::traffic_generator.smooth_run_behind[0m: Data generator is falling behind and didn't finish the current run. For highest possible throughput, use production_mode: open [remaining=16, remaining_items=13872][35m entity/node.attrs: node.id=receiver node.urn=urn:otel:receiver:traffic_generator node.type=receiver pipeline.id=main pipeline.group.id=default deployment.generation=0 core.id=3 numa.node.id=0 process.instance.id=AGPEELDI3534HER[2m2026-05-19T21:38:12.995Z[0m  [33mWARN [0m [1motap-df-core-nodes::traffic_generator.smooth_run_behind[0m: Data generator is falling behind and didn't finish the current run. For highest possible throughput, use production_mode: open [remaining=13, remaining_items=11271][35m entity/node.attrs: node.id=receiver node.urn=urn:otel:receiver:traffic_generator node.type=receiver pipeline.id=main pipeline.group.id=default deployment.generation=0 core.id=11 numa.node.id=0 process.instance.id=AGPEELDI3534HE[2m2026-05-19T21:38:13.442Z[0m  [33mWARN [0m [1motap-df-core-nodes::traffic_generator.smooth_run_behind[0m: Data generator is falling behind and didn't finish the current run. For highest possible throughput, use production_mode: open [remaining=51, remaining_items=44217][35m entity/node.attrs: node.id=receiver node.urn=urn:otel:receiver:traffic_generator node.type=receiver pipeline.id=main pipeline.group.id=default deployment.generation=0 core.id=4 numa.node.id=0 process.instance.id=AGPEELDI3534HER[2m2026-05-19T21:38:13.486Z[0m  [33mWARN [0m [1motap-df-core-nodes::traffic_generator.smooth_run_behind[0m: Data generator is falling behind and didn't finish the current run. For highest possible throughput, use production_mode: open [remaining=51, remaining_items=44217][35m entity/node.attrs: node.id=receiver node.urn=urn:otel:receiver:traffic_generator node.type=receiver pipeline.id=main pipeline.group.id=default deployment.generation=0 core.id=9 numa.node.id=0 process.instance.id=AGPEELDI3534HER[2m2026-05-19T21:38:13.604Z[0m  [33mWARN [0m [1motap-df-core-nodes::traffic_generator.smooth_run_behind[0m: Data generator is falling behind and didn't finish the current run. For highest possible throughput, use production_mode: open [remaining=51, remaining_items=44217][35m entity/node.attrs: node.id=receiver node.urn=urn:otel:receiver:traffic_generator node.type=receiver pipeline.id=main pipeline.group.id=default deployment.generation=0 core.id=8 numa.node.id=0 process.instance.id=AGPEELDI3534HER[2m2026-05-19T21:38:13.649Z[0m  [33mWARN [0m [1motap-df-core-nodes::traffic_generator.smooth_run_behind[0m: Data generator is falling behind and didn't finish the current run. For highest possible throughput, use production_mode: open [remaining=46, remaining_items=39882][35m entity/node.attrs: node.id=receiver node.urn=urn:otel:receiver:traffic_generator node.type=receiver pipeline.id=main pipeline.group.id=default deployment.generation=0 core.id=7 numa.node.id=0 process.instance.id=AGPEELDI3534HER[2m2026-05-19T21:38:13.689Z[0m  [33mWARN [0m [1motap-df-core-nodes::traffic_generator.smooth_run_behind[0m: Data generator is falling behind and didn't finish the current run. For highest possible throughput, use production_mode: open [remaining=51, remaining_items=44217][35m entity/node.attrs: node.id=receiver node.urn=urn:otel:receiver:traffic_generator node.type=receiver pipeline.id=main pipeline.group.id=default deployment.generation=0 core.id=10 numa.node.id=0 process.instance.id=AGPEELDI3534HE[2m2026-05-19T21:38:13.732Z[0m  [33mWARN [0m [1motap-df-core-nodes::traffic_generator.smooth_run_behind[0m: Data generator is falling behind and didn't finish the current run. For highest possible throughput, use production_mode: open [remaining=52, remaining_items=45084][35m entity/node.attrs: node.id=receiver node.urn=urn:otel:receiver:traffic_generator node.type=receiver pipeline.id=main pipeline.group.id=default deployment.generation=0 core.id=6 numa.node.id=0 process.instance.id=AGPEELDI3534HER[2m2026-05-19T21:38:14.437Z[0m  [33mWARN [0m [1motap-df-core-nodes::traffic_generator.smooth_run_behind[0m: Data generator is falling behind and didn't finish the current run. For highest possible throughput, use production_mode: open [remaining=16, remaining_items=13872][35m entity/node.attrs: node.id=receiver node.urn=urn:otel:receiver:traffic_generator node.type=receiver pipeline.id=main pipeline.group.id=default deployment.generation=0 core.id=4 numa.node.id=0 process.instance.id=AGPEELDI3534HER[2m2026-05-19T21:38:14.600Z[0m  [33mWARN [0m [1motap-df-core-nodes::traffic_generator.smooth_run_behind[0m: Data generator is falling behind and didn't finish the current run. For highest possible throughput, use production_mode: open [remaining=16, remaining_items=13872][35m entity/node.attrs: node.id=receiver node.urn=urn:otel:receiver:traffic_generator node.type=receiver pipeline.id=main pipeline.group.id=default deployment.generation=0 core.id=8 numa.node.id=0 process.instance.id=AGPEELDI3534HER[2m2026-05-19T21:38:14.645Z[0m  [33mWARN [0m [1motap-df-core-nodes::traffic_generator.smooth_run_behind[0m: Data generator is falling behind and didn't finish the current run. For highest possible throughput, use production_mode: open [remaining=16, remaining_items=13872][35m entity/node.attrs: node.id=receiver node.urn=urn:otel:receiver:traffic_generator node.type=receiver pipeline.id=main pipeline.group.id=default deployment.generation=0 core.id=7 numa.node.id=0 process.instance.id=AGPEELDI3534HER[2m2026-05-19T21:38:14.685Z[0m  [33mWARN [0m [1motap-df-core-nodes::traffic_generator.smooth_run_behind[0m: Data generator is falling behind and didn't finish the current run. For highest possible throughput, use production_mode: open [remaining=16, remaining_items=13872][35m entity/node.attrs: node.id=receiver node.urn=urn:otel:receiver:traffic_generator node.type=receiver pipeline.id=main pipeline.group.id=default deployment.generation=0 core.id=10 numa.node.id=0 process.instance.id=AGPEELDI3534HE[2m2026-05-19T21:38:14.728Z[0m  [33mWARN [0m [1motap-df-core-nodes::traffic_generator.smooth_run_behind[0m: Data generator is falling behind and didn't finish the current run. For highest possible throughput, use production_mode: open [remaining=15, remaining_items=13005][35m entity/node.attrs: node.id=receiver node.urn=urn:otel:receiver:traffic_generator node.type=receiver pipeline.id=main pipeline.group.id=default deployment.generation=0 core.id=6 numa.node.id=0 process.instance.id=AGPEELDI3534HER[2m2026-05-19T21:38:15.438Z[0m  [33mWARN [0m [1motap-df-core-nodes::traffic_generator.smooth_run_behind[0m: Data generator is falling behind and didn't finish the current run. For highest possible throughput, use production_mode: open [remaining=16, remaining_items=13872][35m entity/node.attrs: node.id=receiver node.urn=urn:otel:receiver:traffic_generator node.type=receiver pipeline.id=main pipeline.group.id=default deployment.generation=0 core.id=4 numa.node.id=0 process.instance.id=AGPEELDI3534HER[2m2026-05-19T21:38:15.551Z[0m  [33mWARN [0m [1motap-df-core-nodes::traffic_generator.smooth_run_behind[0m: Data generator is falling behind and didn't finish the current run. For highest possible throughput, use production_mode: open [remaining=14, remaining_items=12138][35m entity/node.attrs: node.id=receiver node.urn=urn:otel:receiver:traffic_generator node.type=receiver pipeline.id=main pipeline.group.id=default deployment.generation=0 core.id=5 numa.node.id=0 process.instance.id=AGPEELDI3534HER[2m2026-05-19T21:38:15.599Z[0m  [33mWARN [0m [1motap-df-core-nodes::traffic_generator.smooth_run_behind[0m: Data generator is falling behind and didn't finish the current run. For highest possible throughput, use production_mode: open [remaining=16, remaining_items=13872][35m entity/node.attrs: node.id=receiver node.urn=urn:otel:receiver:traffic_generator node.type=receiver pipeline.id=main pipeline.group.id=default deployment.generation=0 core.id=8 numa.node.id=0 process.instance.id=AGPEELDI3534HER[2m2026-05-19T21:38:15.645Z[0m  [33mWARN [0m [1motap-df-core-nodes::traffic_generator.smooth_run_behind[0m: Data generator is falling behind and didn't finish the current run. For highest possible throughput, use production_mode: open [remaining=17, remaining_items=14739][35m entity/node.attrs: node.id=receiver node.urn=urn:otel:receiver:traffic_generator node.type=receiver pipeline.id=main pipeline.group.id=default deployment.generation=0 core.id=7 numa.node.id=0 process.instance.id=AGPEELDI3534HER[2m2026-05-19T21:38:15.686Z[0m  [33mWARN [0m [1motap-df-core-nodes::traffic_generator.smooth_run_behind[0m: Data generator is falling behind and didn't finish the current run. For highest possible throughput, use production_mode: open [remaining=17, remaining_items=14739][35m entity/node.attrs: node.id=receiver node.urn=urn:otel:receiver:traffic_generator node.type=receiver pipeline.id=main pipeline.group.id=default deployment.generation=0 core.id=10 numa.node.id=0 process.instance.id=AGPEELDI3534HE[2m2026-05-19T21:38:15.728Z[0m  [33mWARN [0m [1motap-df-core-nodes::traffic_generator.smooth_run_behind[0m: Data generator is falling behind and didn't finish the current run. For highest possible throughput, use production_mode: open [remaining=17, remaining_items=14739][35m entity/node.attrs: node.id=receiver node.urn=urn:otel:receiver:traffic_generator node.type=receiver pipeline.id=main pipeline.group.id=default deployment.generation=0 core.id=6 numa.node.id=0 process.instance.id=AGPEELDI3534HER[2m2026-05-19T21:38:16.418Z[0m  [33mWARN [0m [1motap-df-core-nodes::traffic_generator.smooth_run_behind[0m: Data generator is falling behind and didn't finish the current run. For highest possible throughput, use production_mode: open [remaining=15, remaining_items=13005][35m entity/node.attrs: node.id=receiver node.urn=urn:otel:receiver:traffic_generator node.type=receiver pipeline.id=main pipeline.group.id=default deployment.generation=0 core.id=2 numa.node.id=0 process.instance.id=AGPEELDI3534HER[2m2026-05-19T21:38:16.438Z[0m  [33mWARN [0m [1motap-df-core-nodes::traffic_generator.smooth_run_behind[0m: Data generator is falling behind and didn't finish the current run. For highest possible throughput, use production_mode: open [remaining=15, remaining_items=13005][35m entity/node.attrs: node.id=receiver node.urn=urn:otel:receiver:traffic_generator node.type=receiver pipeline.id=main pipeline.group.id=default deployment.generation=0 core.id=4 numa.node.id=0 process.instance.id=AGPEELDI3534HER[2m2026-05-19T21:38:16.552Z[0m  [33mWARN [0m [1motap-df-core-nodes::traffic_generator.smooth_run_behind[0m: Data generator is falling behind and didn't finish the current run. For highest possible throughput, use production_mode: open [remaining=15, remaining_items=13005][35m entity/node.attrs: node.id=receiver node.urn=urn:otel:receiver:traffic_generator node.type=receiver pipeline.id=main pipeline.group.id=default deployment.generation=0 core.id=5 numa.node.id=0 process.instance.id=AGPEELDI3534HER[2m2026-05-19T21:38:16.599Z[0m  [33mWARN [0m [1motap-df-core-nodes::traffic_generator.smooth_run_behind[0m: Data generator is falling behind and didn't finish the current run. For highest possible throughput, use production_mode: open [remaining=15, remaining_items=13005][35m entity/node.attrs: node.id=receiver node.urn=urn:otel:receiver:traffic_generator node.type=receiver pipeline.id=main pipeline.group.id=default deployment.generation=0 core.id=8 numa.node.id=0 process.instance.id=AGPEELDI3534HER[2m2026-05-19T21:38:16.645Z[0m  [33mWARN [0m [1motap-df-core-nodes::traffic_generator.smooth_run_behind[0m: Data generator is falling behind and didn't finish the current run. For highest possible throughput, use production_mode: open [remaining=15, remaining_items=13005][35m entity/node.attrs: node.id=receiver node.urn=urn:otel:receiver:traffic_generator node.type=receiver pipeline.id=main pipeline.group.id=default deployment.generation=0 core.id=7 numa.node.id=0 process.instance.id=AGPEELDI3534HER[2m2026-05-19T21:38:16.685Z[0m  [33mWARN [0m [1motap-df-core-nodes::traffic_generator.smooth_run_behind[0m: Data generator is falling behind and didn't finish the current run. For highest possible throughput, use production_mode: open [remaining=15, remaining_items=13005][35m entity/node.attrs: node.id=receiver node.urn=urn:otel:receiver:traffic_generator node.type=receiver pipeline.id=main pipeline.group.id=default deployment.generation=0 core.id=10 numa.node.id=0 process.instance.id=AGPEELDI3534HE[2m2026-05-19T21:38:16.728Z[0m  [33mWARN [0m [1motap-df-core-nodes::traffic_generator.smooth_run_behind[0m: Data generator is falling behind and didn't finish the current run. For highest possible throughput, use production_mode: open [remaining=15, remaining_items=13005][35m entity/node.attrs: node.id=receiver node.urn=urn:otel:receiver:traffic_generator node.type=receiver pipeline.id=main pipeline.group.id=default deployment.generation=0 core.id=6 numa.node.id=0 process.instance.id=AGPEELDI3534HER[2m2026-05-19T21:38:16.768Z[0m  [33mWARN [0m [1motap-df-core-nodes::traffic_generator.smooth_run_behind[0m: Data generator is falling behind and didn't finish the current run. For highest possible throughput, use production_mode: open [remaining=14, remaining_items=12138][35m entity/node.attrs: node.id=receiver node.urn=urn:otel:receiver:traffic_generator node.type=receiver pipeline.id=main pipeline.group.id=default deployment.generation=0 core.id=3 numa.node.id=0 process.instance.id=AGPEELDI3534HER[2m2026-05-19T21:38:17.418Z[0m  [33mWARN [0m [1motap-df-core-nodes::traffic_generator.smooth_run_behind[0m: Data generator is falling behind and didn't finish the current run. For highest possible throughput, use production_mode: open [remaining=14, remaining_items=12138][35m entity/node.attrs: node.id=receiver node.urn=urn:otel:receiver:traffic_generator node.type=receiver pipeline.id=main pipeline.group.id=default deployment.generation=0 core.id=2 numa.node.id=0 process.instance.id=AGPEELDI3534HER[2m2026-05-19T21:38:17.438Z[0m  [33mWARN [0m [1motap-df-core-nodes::traffic_generator.smooth_run_behind[0m: Data generator is falling behind and didn't finish the current run. For highest possible throughput, use production_mode: open [remaining=15, remaining_items=13005][35m entity/node.attrs: node.id=receiver node.urn=urn:otel:receiver:traffic_generator node.type=receiver pipeline.id=main pipeline.group.id=default deployment.generation=0 core.id=4 numa.node.id=0 process.instance.id=AGPEELDI3534HER[2m2026-05-19T21:38:17.481Z[0m  [33mWARN [0m [1motap-df-core-nodes::traffic_generator.smooth_run_behind[0m: Data generator is falling behind and didn't finish the current run. For highest possible throughput, use production_mode: open [remaining=13, remaining_items=11271][35m entity/node.attrs: node.id=receiver node.urn=urn:otel:receiver:traffic_generator node.type=receiver pipeline.id=main pipeline.group.id=default deployment.generation=0 core.id=9 numa.node.id=0 process.instance.id=AGPEELDI3534HER[2m2026-05-19T21:38:17.552Z[0m  [33mWARN [0m [1motap-df-core-nodes::traffic_generator.smooth_run_behind[0m: Data generator is falling behind and didn't finish the current run. For highest possible throughput, use production_mode: open [remaining=15, remaining_items=13005][35m entity/node.attrs: node.id=receiver node.urn=urn:otel:receiver:traffic_generator node.type=receiver pipeline.id=main pipeline.group.id=default deployment.generation=0 core.id=5 numa.node.id=0 process.instance.id=AGPEELDI3534HER[2m2026-05-19T21:38:17.600Z[0m  [33mWARN [0m [1motap-df-core-nodes::traffic_generator.smooth_run_behind[0m: Data generator is falling behind and didn't finish the current run. For highest possible throughput, use production_mode: open [remaining=15, remaining_items=13005][35m entity/node.attrs: node.id=receiver node.urn=urn:otel:receiver:traffic_generator node.type=receiver pipeline.id=main pipeline.group.id=default deployment.generation=0 core.id=8 numa.node.id=0 process.instance.id=AGPEELDI3534HER[2m2026-05-19T21:38:17.768Z[0m  [33mWARN [0m [1motap-df-core-nodes::traffic_generator.smooth_run_behind[0m: Data generator is falling behind and didn't finish the current run. For highest possible throughput, use production_mode: open [remaining=15, remaining_items=13005][35m entity/node.attrs: node.id=receiver node.urn=urn:otel:receiver:traffic_generator node.type=receiver pipeline.id=main pipeline.group.id=default deployment.generation=0 core.id=3 numa.node.id=0 process.instance.id=AGPEELDI3534HER[2m2026-05-19T21:38:17.994Z[0m  [33mWARN [0m [1motap-df-core-nodes::traffic_generator.smooth_run_behind[0m: Data generator is falling behind and didn't finish the current run. For highest possible throughput, use production_mode: open [remaining=8, remaining_items=6936][35m entity/node.attrs: node.id=receiver node.urn=urn:otel:receiver:traffic_generator node.type=receiver pipeline.id=main pipeline.group.id=default deployment.generation=0 core.id=11 numa.node.id=0 process.instance.id=AGPEELDI3534HERD[2m2026-05-19T21:38:18.418Z[0m  [33mWARN [0m [1motap-df-core-nodes::traffic_generator.smooth_run_behind[0m: Data generator is falling behind and didn't finish the current run. For highest possible throughput, use production_mode: open [remaining=18, remaining_items=15606][35m entity/node.attrs: node.id=receiver node.urn=urn:otel:receiver:traffic_generator node.type=receiver pipeline.id=main pipeline.group.id=default deployment.generation=0 core.id=2 numa.node.id=0 process.instance.id=AGPEELDI3534HER[2m2026-05-19T21:38:18.438Z[0m  [33mWARN [0m [1motap-df-core-nodes::traffic_generator.smooth_run_behind[0m: Data generator is falling behind and didn't finish the current run. For highest possible throughput, use production_mode: open [remaining=18, remaining_items=15606][35m entity/node.attrs: node.id=receiver node.urn=urn:otel:receiver:traffic_generator node.type=receiver pipeline.id=main pipeline.group.id=default deployment.generation=0 core.id=4 numa.node.id=0 process.instance.id=AGPEELDI3534HER[2m2026-05-19T21:38:18.482Z[0m  [33mWARN [0m [1motap-df-core-nodes::traffic_generator.smooth_run_behind[0m: Data generator is falling behind and didn't finish the current run. For highest possible throughput, use production_mode: open [remaining=17, remaining_items=14739][35m entity/node.attrs: node.id=receiver node.urn=urn:otel:receiver:traffic_generator node.type=receiver pipeline.id=main pipeline.group.id=default deployment.generation=0 core.id=9 numa.node.id=0 process.instance.id=AGPEELDI3534HER[2m2026-05-19T21:38:18.600Z[0m  [33mWARN [0m [1motap-df-core-nodes::traffic_generator.smooth_run_behind[0m: Data generator is falling behind and didn't finish the current run. For highest possible throughput, use production_mode: open [remaining=22, remaining_items=19074][35m entity/node.attrs: node.id=receiver node.urn=urn:otel:receiver:traffic_generator node.type=receiver pipeline.id=main pipeline.group.id=default deployment.generation=0 core.id=8 numa.node.id=0 process.instance.id=AGPEELDI3534HER[2m2026-05-19T21:38:18.770Z[0m  [33mWARN [0m [1motap-df-core-nodes::traffic_generator.smooth_run_behind[0m: Data generator is falling behind and didn't finish the current run. For highest possible throughput, use production_mode: open [remaining=29, remaining_items=25143][35m entity/node.attrs: node.id=receiver node.urn=urn:otel:receiver:traffic_generator node.type=receiver pipeline.id=main pipeline.group.id=default deployment.generation=0 core.id=3 numa.node.id=0 process.instance.id=AGPEELDI3534HER[2m2026-05-19T21:38:18.997Z[0m  [33mWARN [0m [1motap-df-core-nodes::traffic_generator.smooth_run_behind[0m: Data generator is falling behind and didn't finish the current run. For highest possible throughput, use production_mode: open [remaining=35, remaining_items=30345][35m entity/node.attrs: node.id=receiver node.urn=urn:otel:receiver:traffic_generator node.type=receiver pipeline.id=main pipeline.group.id=default deployment.generation=0 core.id=11 numa.node.id=0 process.instance.id=AGPEELDI3534HE[2m2026-05-19T21:38:19.422Z[0m  [33mWARN [0m [1motap-df-core-nodes::traffic_generator.smooth_run_behind[0m: Data generator is falling behind and didn't finish the current run. For highest possible throughput, use production_mode: open [remaining=53, remaining_items=45951][35m entity/node.attrs: node.id=receiver node.urn=urn:otel:receiver:traffic_generator node.type=receiver pipeline.id=main pipeline.group.id=default deployment.generation=0 core.id=2 numa.node.id=0 process.instance.id=AGPEELDI3534HER[2m2026-05-19T21:38:19.486Z[0m  [33mWARN [0m [1motap-df-core-nodes::traffic_generator.smooth_run_behind[0m: Data generator is falling behind and didn't finish the current run. For highest possible throughput, use production_mode: open [remaining=57, remaining_items=49419][35m entity/node.attrs: node.id=receiver node.urn=urn:otel:receiver:traffic_generator node.type=receiver pipeline.id=main pipeline.group.id=default deployment.generation=0 core.id=9 numa.node.id=0 process.instance.id=AGPEELDI3534HER[2m2026-05-19T21:38:19.604Z[0m  [33mWARN [0m [1motap-df-core-nodes::traffic_generator.smooth_run_behind[0m: Data generator is falling behind and didn't finish the current run. For highest possible throughput, use production_mode: open [remaining=52, remaining_items=45084][35m entity/node.attrs: node.id=receiver node.urn=urn:otel:receiver:traffic_generator node.type=receiver pipeline.id=main pipeline.group.id=default deployment.generation=0 core.id=8 numa.node.id=0 process.instance.id=AGPEELDI3534HER[2m2026-05-19T21:38:19.644Z[0m  [33mWARN [0m [1motap-df-core-nodes::traffic_generator.smooth_run_behind[0m: Data generator is falling behind and didn't finish the current run. For highest possible throughput, use production_mode: open [remaining=4, remaining_items=3468][35m entity/node.attrs: node.id=receiver node.urn=urn:otel:receiver:traffic_generator node.type=receiver pipeline.id=main pipeline.group.id=default deployment.generation=0 core.id=7 numa.node.id=0 process.instance.id=AGPEELDI3534HERDV[2m2026-05-19T21:38:19.684Z[0m  [33mWARN [0m [1motap-df-core-nodes::traffic_generator.smooth_run_behind[0m: Data generator is falling behind and didn't finish the current run. For highest possible throughput, use production_mode: open [remaining=4, remaining_items=3468][35m entity/node.attrs: node.id=receiver node.urn=urn:otel:receiver:traffic_generator node.type=receiver pipeline.id=main pipeline.group.id=default deployment.generation=0 core.id=10 numa.node.id=0 process.instance.id=AGPEELDI3534HERD[2m2026-05-19T21:38:19.727Z[0m  [33mWARN [0m [1motap-df-core-nodes::traffic_generator.smooth_run_behind[0m: Data generator is falling behind and didn't finish the current run. For highest possible throughput, use production_mode: open [remaining=4, remaining_items=3468][35m entity/node.attrs: node.id=receiver node.urn=urn:otel:receiver:traffic_generator node.type=receiver pipeline.id=main pipeline.group.id=default deployment.generation=0 core.id=6 numa.node.id=0 process.instance.id=AGPEELDI3534HERDV[2m2026-05-19T21:38:20.481Z[0m  [33mWARN [0m [1motap-df-core-nodes::traffic_generator.smooth_run_behind[0m: Data generator is falling behind and didn't finish the current run. For highest possible throughput, use production_mode: open [remaining=17, remaining_items=14739][35m entity/node.attrs: node.id=receiver node.urn=urn:otel:receiver:traffic_generator node.type=receiver pipeline.id=main pipeline.group.id=default deployment.generation=0 core.id=9 numa.node.id=0 process.instance.id=AGPEELDI3534HER[2m2026-05-19T21:38:20.550Z[0m  [33mWARN [0m [1motap-df-core-nodes::traffic_generator.smooth_run_behind[0m: Data generator is falling behind and didn't finish the current run. For highest possible throughput, use production_mode: open [remaining=6, remaining_items=5202][35m entity/node.attrs: node.id=receiver node.urn=urn:otel:receiver:traffic_generator node.type=receiver pipeline.id=main pipeline.group.id=default deployment.generation=0 core.id=5 numa.node.id=0 process.instance.id=AGPEELDI3534HERDV[2m2026-05-19T21:38:20.600Z[0m  [33mWARN [0m [1motap-df-core-nodes::traffic_generator.smooth_run_behind[0m: Data generator is falling behind and didn't finish the current run. For highest possible throughput, use production_mode: open [remaining=18, remaining_items=15606][35m entity/node.attrs: node.id=receiver node.urn=urn:otel:receiver:traffic_generator node.type=receiver pipeline.id=main pipeline.group.id=default deployment.generation=0 core.id=8 numa.node.id=0 process.instance.id=AGPEELDI3534HER[2m2026-05-19T21:38:20.685Z[0m  [33mWARN [0m [1motap-df-core-nodes::traffic_generator.smooth_run_behind[0m: Data generator is falling behind and didn't finish the current run. For highest possible throughput, use production_mode: open [remaining=18, remaining_items=15606][35m entity/node.attrs: node.id=receiver node.urn=urn:otel:receiver:traffic_generator node.type=receiver pipeline.id=main pipeline.group.id=default deployment.generation=0 core.id=10 numa.node.id=0 process.instance.id=AGPEELDI3534HE[2m2026-05-19T21:38:20.728Z[0m  [33mWARN [0m [1motap-df-core-nodes::traffic_generator.smooth_run_behind[0m: Data generator is falling behind and didn't finish the current run. For highest possible throughput, use production_mode: open [remaining=18, remaining_items=15606][35m entity/node.attrs: node.id=receiver node.urn=urn:otel:receiver:traffic_generator node.type=receiver pipeline.id=main pipeline.group.id=default deployment.generation=0 core.id=6 numa.node.id=0 process.instance.id=AGPEELDI3534HER[2m2026-05-19T21:38:21.437Z[0m  [33mWARN [0m [1motap-df-core-nodes::traffic_generator.smooth_run_behind[0m: Data generator is falling behind and didn't finish the current run. For highest possible throughput, use production_mode: open [remaining=9, remaining_items=7803][35m entity/node.attrs: node.id=receiver node.urn=urn:otel:receiver:traffic_generator node.type=receiver pipeline.id=main pipeline.group.id=default deployment.generation=0 core.id=4 numa.node.id=0 process.instance.id=AGPEELDI3534HERDV[2m2026-05-19T21:38:21.482Z[0m  [33mWARN [0m [1motap-df-core-nodes::traffic_generator.smooth_run_behind[0m: Data generator is falling behind and didn't finish the current run. For highest possible throughput, use production_mode: open [remaining=18, remaining_items=15606][35m entity/node.attrs: node.id=receiver node.urn=urn:otel:receiver:traffic_generator node.type=receiver pipeline.id=main pipeline.group.id=default deployment.generation=0 core.id=9 numa.node.id=0 process.instance.id=AGPEELDI3534HER[2m2026-05-19T21:38:21.552Z[0m  [33mWARN [0m [1motap-df-core-nodes::traffic_generator.smooth_run_behind[0m: Data generator is falling behind and didn't finish the current run. For highest possible throughput, use production_mode: open [remaining=18, remaining_items=15606][35m entity/node.attrs: node.id=receiver node.urn=urn:otel:receiver:traffic_generator node.type=receiver pipeline.id=main pipeline.group.id=default deployment.generation=0 core.id=5 numa.node.id=0 process.instance.id=AGPEELDI3534HER[2m2026-05-19T21:38:21.600Z[0m  [33mWARN [0m [1motap-df-core-nodes::traffic_generator.smooth_run_behind[0m: Data generator is falling behind and didn't finish the current run. For highest possible throughput, use production_mode: open [remaining=19, remaining_items=16473][35m entity/node.attrs: node.id=receiver node.urn=urn:otel:receiver:traffic_generator node.type=receiver pipeline.id=main pipeline.group.id=default deployment.generation=0 core.id=8 numa.node.id=0 process.instance.id=AGPEELDI3534HER[2m2026-05-19T21:38:21.728Z[0m  [33mWARN [0m [1motap-df-core-nodes::traffic_generator.smooth_run_behind[0m: Data generator is falling behind and didn't finish the current run. For highest possible throughput, use production_mode: open [remaining=17, remaining_items=14739][35m entity/node.attrs: node.id=receiver node.urn=urn:otel:receiver:traffic_generator node.type=receiver pipeline.id=main pipeline.group.id=default deployment.generation=0 core.id=6 numa.node.id=0 process.instance.id=AGPEELDI3534HER[2m2026-05-19T21:38:21.767Z[0m  [33mWARN [0m [1motap-df-core-nodes::traffic_generator.smooth_run_behind[0m: Data generator is falling behind and didn't finish the current run. For highest possible throughput, use production_mode: open [remaining=9, remaining_items=7803][35m entity/node.attrs: node.id=receiver node.urn=urn:otel:receiver:traffic_generator node.type=receiver pipeline.id=main pipeline.group.id=default deployment.generation=0 core.id=3 numa.node.id=0 process.instance.id=AGPEELDI3534HERDV[2m2026-05-19T21:38:21.994Z[0m  [33mWARN [0m [1motap-df-core-nodes::traffic_generator.smooth_run_behind[0m: Data generator is falling behind and didn't finish the current run. For highest possible throughput, use production_mode: open [remaining=9, remaining_items=7803][35m entity/node.attrs: node.id=receiver node.urn=urn:otel:receiver:traffic_generator node.type=receiver pipeline.id=main pipeline.group.id=default deployment.generation=0 core.id=11 numa.node.id=0 process.instance.id=AGPEELDI3534HERD[2m2026-05-19T21:38:22.417Z[0m  [33mWARN [0m [1motap-df-core-nodes::traffic_generator.smooth_run_behind[0m: Data generator is falling behind and didn't finish the current run. For highest possible throughput, use production_mode: open [remaining=7, remaining_items=6069][35m entity/node.attrs: node.id=receiver node.urn=urn:otel:receiver:traffic_generator node.type=receiver pipeline.id=main pipeline.group.id=default deployment.generation=0 core.id=2 numa.node.id=0 process.instance.id=AGPEELDI3534HERDV[2m2026-05-19T21:38:22.438Z[0m  [33mWARN [0m [1motap-df-core-nodes::traffic_generator.smooth_run_behind[0m: Data generator is falling behind and didn't finish the current run. For highest possible throughput, use production_mode: open [remaining=16, remaining_items=13872][35m entity/node.attrs: node.id=receiver node.urn=urn:otel:receiver:traffic_generator node.type=receiver pipeline.id=main pipeline.group.id=default deployment.generation=0 core.id=4 numa.node.id=0 process.instance.id=AGPEELDI3534HER[2m2026-05-19T21:38:22.481Z[0m  [33mWARN [0m [1motap-df-core-nodes::traffic_generator.smooth_run_behind[0m: Data generator is falling behind and didn't finish the current run. For highest possible throughput, use production_mode: open [remaining=16, remaining_items=13872][35m entity/node.attrs: node.id=receiver node.urn=urn:otel:receiver:traffic_generator node.type=receiver pipeline.id=main pipeline.group.id=default deployment.generation=0 core.id=9 numa.node.id=0 process.instance.id=AGPEELDI3534HER[2m2026-05-19T21:38:22.552Z[0m  [33mWARN [0m [1motap-df-core-nodes::traffic_generator.smooth_run_behind[0m: Data generator is falling behind and didn't finish the current run. For highest possible throughput, use production_mode: open [remaining=16, remaining_items=13872][35m entity/node.attrs: node.id=receiver node.urn=urn:otel:receiver:traffic_generator node.type=receiver pipeline.id=main pipeline.group.id=default deployment.generation=0 core.id=5 numa.node.id=0 process.instance.id=AGPEELDI3534HER[2m2026-05-19T21:38:22.728Z[0m  [33mWARN [0m [1motap-df-core-nodes::traffic_generator.smooth_run_behind[0m: Data generator is falling behind and didn't finish the current run. For highest possible throughput, use production_mode: open [remaining=16, remaining_items=13872][35m entity/node.attrs: node.id=receiver node.urn=urn:otel:receiver:traffic_generator node.type=receiver pipeline.id=main pipeline.group.id=default deployment.generation=0 core.id=6 numa.node.id=0 process.instance.id=AGPEELDI3534HER[2m2026-05-19T21:38:22.769Z[0m  [33mWARN [0m [1motap-df-core-nodes::traffic_generator.smooth_run_behind[0m: Data generator is falling behind and didn't finish the current run. For highest possible throughput, use production_mode: open [remaining=16, remaining_items=13872][35m entity/node.attrs: node.id=receiver node.urn=urn:otel:receiver:traffic_generator node.type=receiver pipeline.id=main pipeline.group.id=default deployment.generation=0 core.id=3 numa.node.id=0 process.instance.id=AGPEELDI3534HER[2m2026-05-19T21:38:23.419Z[0m  [33mWARN [0m [1motap-df-core-nodes::traffic_generator.smooth_run_behind[0m: Data generator is falling behind and didn't finish the current run. For highest possible throughput, use production_mode: open [remaining=17, remaining_items=14739][35m entity/node.attrs: node.id=receiver node.urn=urn:otel:receiver:traffic_generator node.type=receiver pipeline.id=main pipeline.group.id=default deployment.generation=0 core.id=2 numa.node.id=0 process.instance.id=AGPEELDI3534HER[2m2026-05-19T21:38:23.438Z[0m  [33mWARN [0m [1motap-df-core-nodes::traffic_generator.smooth_run_behind[0m: Data generator is falling behind and didn't finish the current run. For highest possible throughput, use production_mode: open [remaining=16, remaining_items=13872][35m entity/node.attrs: node.id=receiver node.urn=urn:otel:receiver:traffic_generator node.type=receiver pipeline.id=main pipeline.group.id=default deployment.generation=0 core.id=4 numa.node.id=0 process.instance.id=AGPEELDI3534HER[2m2026-05-19T21:38:23.482Z[0m  [33mWARN [0m [1motap-df-core-nodes::traffic_generator.smooth_run_behind[0m: Data generator is falling behind and didn't finish the current run. For highest possible throughput, use production_mode: open [remaining=17, remaining_items=14739][35m entity/node.attrs: node.id=receiver node.urn=urn:otel:receiver:traffic_generator node.type=receiver pipeline.id=main pipeline.group.id=default deployment.generation=0 core.id=9 numa.node.id=0 process.instance.id=AGPEELDI3534HER[2m2026-05-19T21:38:23.728Z[0m  [33mWARN [0m [1motap-df-core-nodes::traffic_generator.smooth_run_behind[0m: Data generator is falling behind and didn't finish the current run. For highest possible throughput, use production_mode: open [remaining=16, remaining_items=13872][35m entity/node.attrs: node.id=receiver node.urn=urn:otel:receiver:traffic_generator node.type=receiver pipeline.id=main pipeline.group.id=default deployment.generation=0 core.id=6 numa.node.id=0 process.instance.id=AGPEELDI3534HER[2m2026-05-19T21:38:23.768Z[0m  [33mWARN [0m [1motap-df-core-nodes::traffic_generator.smooth_run_behind[0m: Data generator is falling behind and didn't finish the current run. For highest possible throughput, use production_mode: open [remaining=16, remaining_items=13872][35m entity/node.attrs: node.id=receiver node.urn=urn:otel:receiver:traffic_generator node.type=receiver pipeline.id=main pipeline.group.id=default deployment.generation=0 core.id=3 numa.node.id=0 process.instance.id=AGPEELDI3534HER[2m2026-05-19T21:38:24.437Z[0m  [33mWARN [0m [1motap-df-core-nodes::traffic_generator.smooth_run_behind[0m: Data generator is falling behind and didn't finish the current run. For highest possible throughput, use production_mode: open [remaining=16, remaining_items=13872][35m entity/node.attrs: node.id=receiver node.urn=urn:otel:receiver:traffic_generator node.type=receiver pipeline.id=main pipeline.group.id=default deployment.generation=0 core.id=4 numa.node.id=0 process.instance.id=AGPEELDI3534HER[2m2026-05-19T21:38:24.728Z[0m  [33mWARN [0m [1motap-df-core-nodes::traffic_generator.smooth_run_behind[0m: Data generator is falling behind and didn't finish the current run. For highest possible throughput, use production_mode: open [remaining=15, remaining_items=13005][35m entity/node.attrs: node.id=receiver node.urn=urn:otel:receiver:traffic_generator node.type=receiver pipeline.id=main pipeline.group.id=default deployment.generation=0 core.id=6 numa.node.id=0 process.instance.id=AGPEELDI3534HER[2m2026-05-19T21:38:24.768Z[0m  [33mWARN [0m [1motap-df-core-nodes::traffic_generator.smooth_run_behind[0m: Data generator is falling behind and didn't finish the current run. For highest possible throughput, use production_mode: open [remaining=15, remaining_items=13005][35m entity/node.attrs: node.id=receiver node.urn=urn:otel:receiver:traffic_generator node.type=receiver pipeline.id=main pipeline.group.id=default deployment.generation=0 core.id=3 numa.node.id=0 process.instance.id=AGPEELDI3534HER[2m2026-05-19T21:38:28.220Z[0m  [32mINFO [0m [1motap-df-admin::shutdown.requested[0m: [wait=true, timeout_secs=5][35m[0m
[2m2026-05-19T21:38:28.220Z[0m  [32mINFO [0m [1motap-df-admin::shutdown.blocking_wait[0m: [timeout_secs=5][35m[0m
[2m2026-05-19T21:38:28.220Z[0m  [32mINFO [0m [1motap-df-state::state.observed_event[0m: global shutdown [pipeline_group_id=default, pipeline_id=main, core_id=2, event_type=ShutdownRequested][35m[0m
[2m2026-05-19T21:38:28.220Z[0m  [32mINFO [0m [1motap-df-state::state.observed_event[0m: global shutdown [pipeline_group_id=default, pipeline_id=main, core_id=3, event_type=ShutdownRequested][35m[0m
[2m2026-05-19T21:38:28.220Z[0m  [32mINFO [0m [1motap-df-state::state.observed_event[0m: global shutdown [pipeline_group_id=default, pipeline_id=main, core_id=4, event_type=ShutdownRequested][35m[0m
[2m2026-05-19T21:38:28.220Z[0m  [32mINFO [0m [1motap-df-state::state.observed_event[0m: global shutdown [pipeline_group_id=default, pipeline_id=main, core_id=6, event_type=ShutdownRequested][35m[0m
[2m2026-05-19T21:38:28.220Z[0m  [32mINFO [0m [1motap-df-state::state.observed_event[0m: global shutdown [pipeline_group_id=default, pipeline_id=main, core_id=5, event_type=ShutdownRequested][35m[0m
[2m2026-05-19T21:38:28.220Z[0m  [32mINFO [0m [1motap-df-state::state.observed_event[0m: global shutdown [pipeline_group_id=default, pipeline_id=main, core_id=8, event_type=ShutdownRequested][35m[0m
[2m2026-05-19T21:38:28.220Z[0m  [32mINFO [0m [1motap-df-state::state.observed_event[0m: global shutdown [pipeline_group_id=default, pipeline_id=main, core_id=11, event_type=ShutdownRequested][35m[0m
[2m2026-05-19T21:38:28.220Z[0m  [32mINFO [0m [1motap-df-state::state.observed_event[0m: global shutdown [pipeline_group_id=default, pipeline_id=main, core_id=10, event_type=ShutdownRequested][35m[0m
[2m2026-05-19T21:38:28.220Z[0m  [32mINFO [0m [1motap-df-state::state.observed_event[0m: global shutdown [pipeline_group_id=default, pipeline_id=main, core_id=7, event_type=ShutdownRequested][35m[0m
[2m2026-05-19T21:38:28.220Z[0m  [32mINFO [0m [1motap-df-core-nodes::traffic_generator.drain_ingress[0m[35m entity/node.attrs: node.id=receiver node.urn=urn:otel:receiver:traffic_generator node.type=receiver pipeline.id=main pipeline.group.id=default deployment.generation=0 core.id=2 numa.node.id=0 process.instance.id=AGPEELDI3534HERDVHJPT7SX4E host.id=1faa7bd8d4b4 container.id=[0m
[2m2026-05-19T21:38:28.220Z[0m  [32mINFO [0m [1motap-df-core-nodes::traffic_generator.drain_ingress[0m[35m entity/node.attrs: node.id=receiver node.urn=urn:otel:receiver:traffic_generator node.type=receiver pipeline.id=main pipeline.group.id=default deployment.generation=0 core.id=3 numa.node.id=0 process.instance.id=AGPEELDI3534HERDVHJPT7SX4E host.id=1faa7bd8d4b4 container.id=[0m
[2m2026-05-19T21:38:28.220Z[0m  [32mINFO [0m [1motap-df-core-nodes::traffic_generator.drain_ingress[0m[35m entity/node.attrs: node.id=receiver node.urn=urn:otel:receiver:traffic_generator node.type=receiver pipeline.id=main pipeline.group.id=default deployment.generation=0 core.id=4 numa.node.id=0 process.instance.id=AGPEELDI3534HERDVHJPT7SX4E host.id=1faa7bd8d4b4 container.id=[0m
[2m2026-05-19T21:38:28.220Z[0m  [32mINFO [0m [1motap-df-core-nodes::traffic_generator.drain_ingress[0m[35m entity/node.attrs: node.id=receiver node.urn=urn:otel:receiver:traffic_generator node.type=receiver pipeline.id=main pipeline.group.id=default deployment.generation=0 core.id=6 numa.node.id=0 process.instance.id=AGPEELDI3534HERDVHJPT7SX4E host.id=1faa7bd8d4b4 container.id=[0m
[2m2026-05-19T21:38:28.220Z[0m  [32mINFO [0m [1motap-df-core-nodes::traffic_generator.drain_ingress[0m[35m entity/node.attrs: node.id=receiver node.urn=urn:otel:receiver:traffic_generator node.type=receiver pipeline.id=main pipeline.group.id=default deployment.generation=0 core.id=5 numa.node.id=0 process.instance.id=AGPEELDI3534HERDVHJPT7SX4E host.id=1faa7bd8d4b4 container.id=[0m
[2m2026-05-19T21:38:28.220Z[0m  [32mINFO [0m [1motap-df-core-nodes::traffic_generator.drain_ingress[0m[35m entity/node.attrs: node.id=receiver node.urn=urn:otel:receiver:traffic_generator node.type=receiver pipeline.id=main pipeline.group.id=default deployment.generation=0 core.id=11 numa.node.id=0 process.instance.id=AGPEELDI3534HERDVHJPT7SX4E host.id=1faa7bd8d4b4 container.id=[0m
[2m2026-05-19T21:38:28.220Z[0m  [32mINFO [0m [1motap-df-core-nodes::traffic_generator.drain_ingress[0m[35m entity/node.attrs: node.id=receiver node.urn=urn:otel:receiver:traffic_generator node.type=receiver pipeline.id=main pipeline.group.id=default deployment.generation=0 core.id=8 numa.node.id=0 process.instance.id=AGPEELDI3534HERDVHJPT7SX4E host.id=1faa7bd8d4b4 container.id=[0m
[2m2026-05-19T21:38:28.220Z[0m  [32mINFO [0m [1motap-df-core-nodes::traffic_generator.drain_ingress[0m[35m entity/node.attrs: node.id=receiver node.urn=urn:otel:receiver:traffic_generator node.type=receiver pipeline.id=main pipeline.group.id=default deployment.generation=0 core.id=7 numa.node.id=0 process.instance.id=AGPEELDI3534HERDVHJPT7SX4E host.id=1faa7bd8d4b4 container.id=[0m
[2m2026-05-19T21:38:28.220Z[0m  [32mINFO [0m [1motap-df-core-nodes::traffic_generator.drain_ingress[0m[35m entity/node.attrs: node.id=receiver node.urn=urn:otel:receiver:traffic_generator node.type=receiver pipeline.id=main pipeline.group.id=default deployment.generation=0 core.id=10 numa.node.id=0 process.instance.id=AGPEELDI3534HERDVHJPT7SX4E host.id=1faa7bd8d4b4 container.id=[0m
[2m2026-05-19T21:38:28.220Z[0m  [32mINFO [0m [1motap-df-state::state.observed_event[0m: global shutdown [pipeline_group_id=default, pipeline_id=main, core_id=9, event_type=ShutdownRequested][35m[0m
[2m2026-05-19T21:38:28.220Z[0m  [32mINFO [0m [1motap-df-core-nodes::traffic_generator.drain_ingress[0m[35m entity/node.attrs: node.id=receiver node.urn=urn:otel:receiver:traffic_generator node.type=receiver pipeline.id=main pipeline.group.id=default deployment.generation=0 core.id=9 numa.node.id=0 process.instance.id=AGPEELDI3534HERDVHJPT7SX4E host.id=1faa7bd8d4b4 container.id=[0m
[2m2026-05-19T21:38:28.954Z[0m  [32mINFO [0m [1motap-df-contrib-nodes::stef.exporter.grpc.shutdown[0m[35m entity/node.attrs: node.id=exporter node.urn=urn:otel:exporter:stef node.type=exporter pipeline.id=main pipeline.group.id=default deployment.generation=0 core.id=3 numa.node.id=0 process.instance.id=AGPEELDI3534HERDVHJPT7SX4E host.id=1faa7bd8d4b4 container.id=[0m
[2m2026-05-19T21:38:29.078Z[0m  [32mINFO [0m [1motap-df-contrib-nodes::stef.exporter.grpc.shutdown[0m[35m entity/node.attrs: node.id=exporter node.urn=urn:otel:exporter:stef node.type=exporter pipeline.id=main pipeline.group.id=default deployment.generation=0 core.id=8 numa.node.id=0 process.instance.id=AGPEELDI3534HERDVHJPT7SX4E host.id=1faa7bd8d4b4 container.id=[0m
[2m2026-05-19T21:38:29.303Z[0m  [32mINFO [0m [1motap-df-contrib-nodes::stef.exporter.grpc.shutdown[0m[35m entity/node.attrs: node.id=exporter node.urn=urn:otel:exporter:stef node.type=exporter pipeline.id=main pipeline.group.id=default deployment.generation=0 core.id=4 numa.node.id=0 process.instance.id=AGPEELDI3534HERDVHJPT7SX4E host.id=1faa7bd8d4b4 container.id=[0m
[2m2026-05-19T21:38:29.499Z[0m  [32mINFO [0m [1motap-df-contrib-nodes::stef.exporter.grpc.shutdown[0m[35m entity/node.attrs: node.id=exporter node.urn=urn:otel:exporter:stef node.type=exporter pipeline.id=main pipeline.group.id=default deployment.generation=0 core.id=9 numa.node.id=0 process.instance.id=AGPEELDI3534HERDVHJPT7SX4E host.id=1faa7bd8d4b4 container.id=[0m
[2m2026-05-19T21:38:29.575Z[0m  [32mINFO [0m [1motap-df-contrib-nodes::stef.exporter.grpc.shutdown[0m[35m entity/node.attrs: node.id=exporter node.urn=urn:otel:exporter:stef node.type=exporter pipeline.id=main pipeline.group.id=default deployment.generation=0 core.id=2 numa.node.id=0 process.instance.id=AGPEELDI3534HERDVHJPT7SX4E host.id=1faa7bd8d4b4 container.id=[0m
[2m2026-05-19T21:38:29.676Z[0m  [32mINFO [0m [1motap-df-contrib-nodes::stef.exporter.grpc.shutdown[0m[35m entity/node.attrs: node.id=exporter node.urn=urn:otel:exporter:stef node.type=exporter pipeline.id=main pipeline.group.id=default deployment.generation=0 core.id=7 numa.node.id=0 process.instance.id=AGPEELDI3534HERDVHJPT7SX4E host.id=1faa7bd8d4b4 container.id=[0m
[2m2026-05-19T21:38:29.746Z[0m  [32mINFO [0m [1motap-df-contrib-nodes::stef.exporter.grpc.shutdown[0m[35m entity/node.attrs: node.id=exporter node.urn=urn:otel:exporter:stef node.type=exporter pipeline.id=main pipeline.group.id=default deployment.generation=0 core.id=11 numa.node.id=0 process.instance.id=AGPEELDI3534HERDVHJPT7SX4E host.id=1faa7bd8d4b4 container.id=[0m
[2m2026-05-19T21:38:29.814Z[0m  [32mINFO [0m [1motap-df-contrib-nodes::stef.exporter.grpc.shutdown[0m[35m entity/node.attrs: node.id=exporter node.urn=urn:otel:exporter:stef node.type=exporter pipeline.id=main pipeline.group.id=default deployment.generation=0 core.id=6 numa.node.id=0 process.instance.id=AGPEELDI3534HERDVHJPT7SX4E host.id=1faa7bd8d4b4 container.id=[0m
[2m2026-05-19T21:38:29.884Z[0m  [32mINFO [0m [1motap-df-contrib-nodes::stef.exporter.grpc.shutdown[0m[35m entity/node.attrs: node.id=exporter node.urn=urn:otel:exporter:stef node.type=exporter pipeline.id=main pipeline.group.id=default deployment.generation=0 core.id=10 numa.node.id=0 process.instance.id=AGPEELDI3534HERDVHJPT7SX4E host.id=1faa7bd8d4b4 container.id=[0m
[2m2026-05-19T21:38:29.954Z[0m  [32mINFO [0m [1motap-df-contrib-nodes::stef.exporter.grpc.shutdown[0m[35m entity/node.attrs: node.id=exporter node.urn=urn:otel:exporter:stef node.type=exporter pipeline.id=main pipeline.group.id=default deployment.generation=0 core.id=5 numa.node.id=0 process.instance.id=AGPEELDI3534HERDVHJPT7SX4E host.id=1faa7bd8d4b4 container.id=[0m
[2m2026-05-19T21:38:30.038Z[0m  [32mINFO [0m [1motap-df-admin::shutdown.completed[0m: [elapsed_ms=1817][35m[0m
[2m2026-05-19T21:38:30.040Z[0m  [32mINFO [0m [1motap-df-admin::shutdown.requested[0m: [wait=true, timeout_secs=5][35m[0m
[2m2026-05-19T21:38:30.040Z[0m  [32mINFO [0m [1motap-df-admin::shutdown.blocking_wait[0m: [timeout_secs=5][35m[0m
[2m2026-05-19T21:38:30.040Z[0m  [32mINFO [0m [1motap-df-admin::shutdown.completed[0m: [elapsed_ms=0][35m[0m

================================================================================
Component: df-engine
Container ID: 889e9cd1226f500ffb7d8861071a44d2d7420d8c33cbefada799db0a4ef422c1
================================================================================
System Information:
  Available CPU cores: 32
  Available memory: 113.40 GB / 117.92 GB
  Build mode: release
  Memory allocator: jemalloc

Available Component URNs:
  Receivers: urn:otel:receiver:host_metrics, urn:otel:receiver:internal_telemetry, urn:otel:receiver:otap, urn:otel:receiver:otlp, urn:otel:receiver:stef, urn:otel:receiver:syslog_cef, urn:otel:receiver:topic, urn:otel:receiver:traffic_generator
  Processors: urn:otel:processor:attribute, urn:otel:processor:batch, urn:otel:processor:content_router, urn:otel:processor:debug, urn:otel:processor:delay, urn:otel:processor:durable_buffer, urn:otel:processor:fanout, urn:otel:processor:filter, urn:otel:processor:log_sampling, urn:otel:processor:retry, urn:otel:processor:temporal_reaggregation, urn:otel:processor:transform, urn:otel:processor:type_router
  Exporters: urn:otel:exporter:console, urn:otel:exporter:error, urn:otel:exporter:noop, urn:otel:exporter:otap, urn:otel:exporter:otlp_grpc, urn:otel:exporter:otlp_http, urn:otel:exporter:parquet, urn:otel:exporter:perf, urn:otel:exporter:stef, urn:otel:exporter:topic

Example configuration files can be found in the configs/ directory.
[2m2026-05-19T21:37:45.926Z[0m  [32mINFO [0m [1motap-df-controller::pipeline.core_allocation[0m: [pipeline_group_id=default, pipeline_id=main, num_cores=1, core_allocation=0]
[2m2026-05-19T21:37:45.928Z[0m  [32mINFO [0m [1motap-df-contrib-nodes::stef.exporter.grpc.start[0m: [grpc_endpoint=http://backend-service:1235, stef_compression=Zstd][35m entity/node.attrs: node.id=exporter node.urn=urn:otel:exporter:stef node.type=exporter pipeline.id=main pipeline.group.id=default deployment.generation=0 core.id=0 numa.node.id=0 process.instance.id=AGPEELDDYV3KHM5BJREAI6ZLNA host.id=889e9cd1226f container.id=[0m
[2m2026-05-19T21:37:45.928Z[0m  [32mINFO [0m [1motap-df-contrib-nodes::stef.receiver.grpc.start[0m: Starting STEF gRPC receiver [endpoint=0.0.0.0:4320][35m entity/node.attrs: node.id=receiver node.urn=urn:otel:receiver:stef node.type=receiver pipeline.id=main pipeline.group.id=default deployment.generation=0 core.id=0 numa.node.id=0 process.instance.id=AGPEELDDYV3KHM5BJREAI6ZLNA host.id=889e9cd1226f container.id=[0m
[2m2026-05-19T21:37:45.929Z[0m  [32mINFO [0m [1motap-df-admin::endpoint.start[0m: Admin HTTP server listening [bind_address=0.0.0.0:8080][35m[0m
[2m2026-05-19T21:38:30.042Z[0m  [32mINFO [0m [1motap-df-admin::shutdown.requested[0m: [wait=true, timeout_secs=5][35m[0m
[2m2026-05-19T21:38:30.042Z[0m  [32mINFO [0m [1motap-df-admin::shutdown.blocking_wait[0m: [timeout_secs=5][35m[0m
[2m2026-05-19T21:38:30.042Z[0m  [32mINFO [0m [1motap-df-state::state.observed_event[0m: global shutdown [pipeline_group_id=default, pipeline_id=main, core_id=0, event_type=ShutdownRequested][35m[0m
[2m2026-05-19T21:38:30.042Z[0m  [32mINFO [0m [1motap-df-contrib-nodes::stef.receiver.drain_ingress[0m[35m entity/node.attrs: node.id=receiver node.urn=urn:otel:receiver:stef node.type=receiver pipeline.id=main pipeline.group.id=default deployment.generation=0 core.id=0 numa.node.id=0 process.instance.id=AGPEELDDYV3KHM5BJREAI6ZLNA host.id=889e9cd1226f container.id=[0m
[2m2026-05-19T21:38:30.133Z[0m  [32mINFO [0m [1motap-df-contrib-nodes::stef.exporter.grpc.shutdown[0m[35m entity/node.attrs: node.id=exporter node.urn=urn:otel:exporter:stef node.type=exporter pipeline.id=main pipeline.group.id=default deployment.generation=0 core.id=0 numa.node.id=0 process.instance.id=AGPEELDDYV3KHM5BJREAI6ZLNA host.id=889e9cd1226f container.id=[0m
[2m2026-05-19T21:38:30.144Z[0m  [32mINFO [0m [1motap-df-admin::shutdown.completed[0m: [elapsed_ms=101][35m[0m

================================================================================
Component: backend-service
Container ID: 81724a0f21f1cfc8fc1c4142385e7a04dc371fc443e15cf863d76e72321e22b0
================================================================================
System Information:
  Available CPU cores: 32
  Available memory: 113.40 GB / 117.92 GB
  Build mode: release
  Memory allocator: jemalloc

Available Component URNs:
  Receivers: urn:otel:receiver:host_metrics, urn:otel:receiver:internal_telemetry, urn:otel:receiver:otap, urn:otel:receiver:otlp, urn:otel:receiver:stef, urn:otel:receiver:syslog_cef, urn:otel:receiver:topic, urn:otel:receiver:traffic_generator
  Processors: urn:otel:processor:attribute, urn:otel:processor:batch, urn:otel:processor:content_router, urn:otel:processor:debug, urn:otel:processor:delay, urn:otel:processor:durable_buffer, urn:otel:processor:fanout, urn:otel:processor:filter, urn:otel:processor:log_sampling, urn:otel:processor:retry, urn:otel:processor:temporal_reaggregation, urn:otel:processor:transform, urn:otel:processor:type_router
  Exporters: urn:otel:exporter:console, urn:otel:exporter:error, urn:otel:exporter:noop, urn:otel:exporter:otap, urn:otel:exporter:otlp_grpc, urn:otel:exporter:otlp_http, urn:otel:exporter:parquet, urn:otel:exporter:perf, urn:otel:exporter:stef, urn:otel:exporter:topic

Example configuration files can be found in the configs/ directory.
[2m2026-05-19T21:37:44.635Z[0m  [32mINFO [0m [1motap-df-controller::pipeline.core_allocation[0m: [pipeline_group_id=default, pipeline_id=main, num_cores=1, core_allocation=1]
[2m2026-05-19T21:37:44.638Z[0m  [32mINFO [0m [1motap-df-core-nodes::perf_exporter.start[0m: Starting Perf Exporter [frequency_ms=500][35m entity/node.attrs: node.id=perf node.urn=urn:otel:exporter:perf node.type=exporter pipeline.id=main pipeline.group.id=default deployment.generation=0 core.id=1 numa.node.id=0 process.instance.id=AGPEELC6XN2WFODHLPFP7M2QBQ host.id=81724a0f21f1 container.id=[0m
[2m2026-05-19T21:37:44.638Z[0m  [32mINFO [0m [1motap-df-contrib-nodes::stef.receiver.grpc.start[0m: Starting STEF gRPC receiver [endpoint=0.0.0.0:1235][35m entity/node.attrs: node.id=receiver node.urn=urn:otel:receiver:stef node.type=receiver pipeline.id=main pipeline.group.id=default deployment.generation=0 core.id=1 numa.node.id=0 process.instance.id=AGPEELC6XN2WFODHLPFP7M2QBQ host.id=81724a0f21f1 container.id=[0m
[2m2026-05-19T21:37:44.639Z[0m  [32mINFO [0m [1motap-df-admin::endpoint.start[0m: Admin HTTP server listening [bind_address=0.0.0.0:8080][35m[0m

================================================================================
END OF CONTAINER LOGS
================================================================================

# DF Engine 1000k - DFE STEF Baseline w/ Zstd (Metrics)

## Table: metadata_filtered
  
**Description**: Information about the test suite and report.
  
| Attribute        | Value                                                 |
|:-----------------|:------------------------------------------------------|
| test.suite.start | 2026-05-19T21:32:02.688855+00:00                      |
| test.suite       | DFE STEF Baseline w/ Zstd (Metrics)                   |
| test.step        | Run Report                                            |
| test.start       | 2026-05-19T21:37:44.352550+00:00                      |
| test.name        | 1000k                                                 |
| report.type      | sql_report                                            |
| report.time      | 2026-05-19T21:39:06.017499+00:00                      |
| report.name      | DF Engine 1000k - DFE STEF Baseline w/ Zstd (Metrics) |
| code.sha         | 6eafd2676d480c0c3d2671aafbb0fb44f5b2a587              |
| code.dirty       | True                                                  |
| code.branch      | stef-benchmarks                                       |


## Table: send_receive_rates_by_core
  
**Description**: Core Specific increase and average rate of various send / receive metrics
  
| component_name   | metric_name      |   core_id |   total_increase |   average_rate |
|:-----------------|:-----------------|----------:|-----------------:|---------------:|
| backend-service  | metrics          |         1 |      1.38781e+07 |       712325   |
| load-generator   | metrics_produced |        10 |      1.25715e+06 |        65973.6 |
| load-generator   | metrics_produced |        11 |      1.41928e+06 |        74906   |
| load-generator   | metrics_produced |         2 |      1.31524e+06 |        68651.4 |
| load-generator   | metrics_produced |         3 |      1.3135e+06  |        72261.2 |
| load-generator   | metrics_produced |         4 |      1.31437e+06 |        68513.6 |
| load-generator   | metrics_produced |         5 |      1.31177e+06 |        68819.9 |
| load-generator   | metrics_produced |         6 |      1.25628e+06 |        70972.9 |
| load-generator   | metrics_produced |         7 |      1.26322e+06 |        66288.9 |
| load-generator   | metrics_produced |         8 |      1.3135e+06  |        68446.6 |
| load-generator   | metrics_produced |         9 |      1.32131e+06 |        69343.6 |


## Table: aggregate_send_receive_rates
  
**Description**: Cumulative increase and average rate of various send / receive metrics
  
| component_name   | metric_name      |   total_increase |   average_rate |
|:-----------------|:-----------------|-----------------:|---------------:|
| backend-service  | metrics          |      1.38781e+07 |         712325 |
| load-generator   | metrics_produced |      1.30856e+07 |         694178 |


## Table: component_resource_metrics
  
**Description**: CPU and Memory metrics for the components in the Test Suite during the test.
  
| component_name   | metric_name            |   min_value |   avg_value |   max_value |
|:-----------------|:-----------------------|------------:|------------:|------------:|
| load-generator   | container.memory.usage | 7.28977e+08 | 7.29998e+08 | 7.37034e+08 |
| load-generator   | container.cpu.usage    | 0.560931    | 0.705319    | 0.736616    |
| df-engine        | container.cpu.usage    | 0.909146    | 0.926311    | 0.939606    |
| df-engine        | container.memory.usage | 8.56355e+08 | 1.49304e+09 | 2.12835e+09 |
| backend-service  | container.cpu.usage    | 0.49663     | 0.548763    | 0.719442    |
| backend-service  | container.memory.usage | 8.08419e+08 | 1.4384e+09  | 2.07973e+09 |


## Table: metric_loss
  
**Description**: Lost metrics (failed or sent but not received) total and as a percentage
  
|   metrics_lost |   metrics_lost_pct |
|---------------:|-------------------:|
|        -792438 |         -0.0605579 |


## Table: metric_throughput_rates
  
**Description**: Metric throughput rates (metrics/sec) calculated from total counts and observation window duration
  
| metric_name      |   total_increase |   metrics_per_second |
|:-----------------|-----------------:|---------------------:|
| metrics          |      1.38781e+07 |               708826 |
| metrics_produced |      1.30856e+07 |               678876 |


## Table: gh_actions_benchmark
  
**Description**: The final metrics used with gh_actions_benchmark.
  
| name                          | unit        |            value | extra                                                           |
|:------------------------------|:------------|-----------------:|:----------------------------------------------------------------|
| dropped_metrics_percentage    | %           |     -6.05579     | DFE STEF Baseline w/ Zstd (Metrics)/1000k - Dropped Metrics %   |
| cpu_percentage_normalized_avg | %           |     92.6311      | DFE STEF Baseline w/ Zstd (Metrics)/1000k - CPU % (Normalized)  |
| cpu_percentage_normalized_max | %           |     93.9606      | DFE STEF Baseline w/ Zstd (Metrics)/1000k - CPU % (Normalized)  |
| ram_mib_avg                   | MiB         |   1423.87        | DFE STEF Baseline w/ Zstd (Metrics)/1000k - RAM (MiB)           |
| ram_mib_max                   | MiB         |   2029.75        | DFE STEF Baseline w/ Zstd (Metrics)/1000k - RAM (MiB)           |
| metrics_produced_rate         | metrics/sec | 678876           | DFE STEF Baseline w/ Zstd (Metrics)/1000k - Metric Throughput   |
| metrics_received_rate         | metrics/sec | 708826           | DFE STEF Baseline w/ Zstd (Metrics)/1000k - Metric Throughput   |
| test_duration                 | seconds     |     20.0008      | DFE STEF Baseline w/ Zstd (Metrics)/1000k - Test Duration       |
| network_tx_bytes_rate_avg     | bytes/sec   |      1.55553e+06 | DFE STEF Baseline w/ Zstd (Metrics)/1000k - Network Utilization |
| network_rx_bytes_rate_avg     | bytes/sec   | 494531           | DFE STEF Baseline w/ Zstd (Metrics)/1000k - Network Utilization |



  Captured run env: .data/dfe_metrics_stef_zstd_baseline/20260519_213201/run_env.json
  Environment:      INTEL(R) XEON(R) PLATINUM 8581C CPU @ 2.30GHz / x86_64 / 16 cores / 118 GiB / Debian GNU/Linux 12

Publishing results...
  Updated /home/jakedern/repos/otel-arrow/tools/comparison_dashboard/.site/data/suite/dfe_metrics_stef_zstd_baseline/suite.yaml
  Updated /home/jakedern/repos/otel-arrow/tools/comparison_dashboard/.site/data/suite/dfe_metrics_stef_zstd_baseline/run_env.json
  1000k: metrics.json from sql_report-df_engine_1000k_dfe_stef_baseline_w_zstd_metrics-20260519_213906.json
  1000k: 5 files published
  100k: metrics.json from sql_report-df_engine_100k_dfe_stef_baseline_w_zstd_metrics-20260519_213323.json
  100k: 5 files published
  400k: metrics.json from sql_report-df_engine_400k_dfe_stef_baseline_w_zstd_metrics-20260519_213446.json
  400k: 5 files published
  600k: metrics.json from sql_report-df_engine_600k_dfe_stef_baseline_w_zstd_metrics-20260519_213610.json
  600k: 5 files published
  800k: metrics.json from sql_report-df_engine_800k_dfe_stef_baseline_w_zstd_metrics-20260519_213736.json
  800k: 5 files published
  Published to /home/jakedern/repos/otel-arrow/tools/comparison_dashboard/.site/data/suite/dfe_metrics_stef_zstd_baseline
