Resolved 1 suite(s):
  - /home/jakedern/repos/otel-arrow/tools/comparison_dashboard/suites/otc/otc-metrics-stef-none-baseline.yaml
Publishing to: /home/jakedern/repos/otel-arrow/tools/comparison_dashboard/.site/data


############################################################
# [1/1] otc-metrics-stef-none-baseline
############################################################

Suite:    OTC STEF Baseline (Metrics)
Slug:     otc_metrics_stef_none_baseline
Binary:   otc
File:     /home/jakedern/repos/otel-arrow/tools/comparison_dashboard/suites/otc/otc-metrics-stef-none-baseline.yaml
Template: ../pipeline_perf_test/test_suites/comparison_dashboard/templates/orchestrator/otc-single-core-multi-rate.yaml
Staging:  .data/otc_metrics_stef_none_baseline/20260519_230617

Rendering orchestrator config...
  Generated .data/otc_metrics_stef_none_baseline/20260519_230617/orchestrator.yaml

============================================================
Running: /home/jakedern/repos/otel-arrow/.venv/bin/python ../pipeline_perf_test/orchestrator/run_orchestrator.py --config .data/otc_metrics_stef_none_baseline/20260519_230617/orchestrator.yaml --tests 100k,400k,600k,700k
Log:     .data/otc_metrics_stef_none_baseline/20260519_230617/orchestrator.log
============================================================

[2026-05-19 23:06:18] INFO | ctx.type=- ctx.name=- | Starting Test: 100k
[2026-05-19 23:06:18] INFO | ctx.type=ScenarioContext ctx.name=100k | Running 11 test steps...
[2026-05-19 23:06:18] INFO | ctx.type=FrameworkElementHookContext ctx.name=RenderTemplateHook (pre_run) | Rendered template saved to .data/otc_metrics_stef_none_baseline/20260519_230617/tests/100k/backend-config.rendered.yaml
[2026-05-19 23:06:18] INFO | ctx.type=StepContext ctx.name=Deploy Backend Engine | Executing main step action...
[2026-05-19 23:06:19] INFO | ctx.type=FrameworkElementHookContext ctx.name=ReadyCheckHttpHook (post_run) | Ready check passed on attempt 2
[2026-05-19 23:06:19] INFO | ctx.type=FrameworkElementHookContext ctx.name=RenderTemplateHook (pre_run) | Rendered template saved to .data/otc_metrics_stef_none_baseline/20260519_230617/tests/100k/otelcol-config.rendered.yaml
[2026-05-19 23:06:19] INFO | ctx.type=StepContext ctx.name=Deploy Go Collector | Executing main step action...
[2026-05-19 23:06:21] INFO | ctx.type=FrameworkElementHookContext ctx.name=ReadyCheckHttpHook (post_run) | Ready check passed on attempt 2
[2026-05-19 23:06:21] INFO | ctx.type=FrameworkElementHookContext ctx.name=RenderTemplateHook (pre_run) | Rendered template saved to .data/otc_metrics_stef_none_baseline/20260519_230617/tests/100k/loadgen-config.rendered.yaml
[2026-05-19 23:06:21] INFO | ctx.type=StepContext ctx.name=Deploy Load Generator | Executing main step action...
[2026-05-19 23:06:22] INFO | ctx.type=FrameworkElementHookContext ctx.name=ReadyCheckHttpHook (post_run) | Ready check passed on attempt 2
[2026-05-19 23:06:22] INFO | ctx.type=StepContext ctx.name=Monitor All | Executing main step action...
[2026-05-19 23:06:22] INFO | ctx.type=StepContext ctx.name=Wait for data | Executing main step action...
[2026-05-19 23:06:27] INFO | ctx.type=StepContext ctx.name=Observe Load | Executing main step action...
[2026-05-19 23:06:47] INFO | ctx.type=StepContext ctx.name=Stop Load Generator | Executing main step action...
[2026-05-19 23:06:47] INFO | ctx.type=StepContext ctx.name=Stop Backend | Executing main step action...
[2026-05-19 23:06:47] INFO | ctx.type=StepContext ctx.name=Stop Monitoring All | Executing main step action...
[2026-05-19 23:06:52] INFO | ctx.type=StepContext ctx.name=Destroy All | Executing main step action...
[2026-05-19 23:07:13] INFO | ctx.type=StepContext ctx.name=Run Report | Executing main step action...

================================================================================
DOCKER CONTAINER LOGS
================================================================================

================================================================================
Component: load-generator
Container ID: 002a584ccffec6521837a8c0512caece5a1814f0ae958c2b58dd6f2abfeb2fd5
================================================================================
System Information:
  Available CPU cores: 32
  Available memory: 112.84 GB / 117.92 GB
  Build mode: release
  Memory allocator: jemalloc

Available Component URNs:
  Receivers: urn:otel:receiver:host_metrics, urn:otel:receiver:internal_telemetry, urn:otel:receiver:otap, urn:otel:receiver:otlp, urn:otel:receiver:stef, urn:otel:receiver:syslog_cef, urn:otel:receiver:topic, urn:otel:receiver:traffic_generator
  Processors: urn:otel:processor:attribute, urn:otel:processor:batch, urn:otel:processor:content_router, urn:otel:processor:debug, urn:otel:processor:delay, urn:otel:processor:durable_buffer, urn:otel:processor:fanout, urn:otel:processor:filter, urn:otel:processor:log_sampling, urn:otel:processor:retry, urn:otel:processor:temporal_reaggregation, urn:otel:processor:transform, urn:otel:processor:type_router
  Exporters: urn:otel:exporter:console, urn:otel:exporter:error, urn:otel:exporter:noop, urn:otel:exporter:otap, urn:otel:exporter:otlp_grpc, urn:otel:exporter:otlp_http, urn:otel:exporter:parquet, urn:otel:exporter:perf, urn:otel:exporter:stef, urn:otel:exporter:topic

Example configuration files can be found in the configs/ directory.
[2m2026-05-19T23:06:21.409Z[0m  [32mINFO [0m [1motap-df-controller::pipeline.core_allocation[0m: [pipeline_group_id=default, pipeline_id=main, num_cores=1, core_allocation=2]
[2m2026-05-19T23:06:21.412Z[0m  [32mINFO [0m [1motap-df-contrib-nodes::stef.exporter.grpc.start[0m: [grpc_endpoint=http://go-collector:4320, stef_compression=None][35m entity/node.attrs: node.id=exporter node.urn=urn:otel:exporter:stef node.type=exporter pipeline.id=main pipeline.group.id=default deployment.generation=0 core.id=2 numa.node.id=0 process.instance.id=AGPEE7L7MFZADCYMT4L6GMSOEI host.id=002a584ccffe container.id=[0m
[2m2026-05-19T23:06:21.412Z[0m  [32mINFO [0m [1motap-df-admin::endpoint.start[0m: Admin HTTP server listening [bind_address=0.0.0.0:8080][35m[0m
[2m2026-05-19T23:06:47.396Z[0m  [32mINFO [0m [1motap-df-admin::shutdown.requested[0m: [wait=true, timeout_secs=5][35m[0m
[2m2026-05-19T23:06:47.396Z[0m  [32mINFO [0m [1motap-df-admin::shutdown.blocking_wait[0m: [timeout_secs=5][35m[0m
[2m2026-05-19T23:06:47.396Z[0m  [32mINFO [0m [1motap-df-state::state.observed_event[0m: global shutdown [pipeline_group_id=default, pipeline_id=main, core_id=2, event_type=ShutdownRequested][35m[0m
[2m2026-05-19T23:06:47.396Z[0m  [32mINFO [0m [1motap-df-core-nodes::traffic_generator.drain_ingress[0m[35m entity/node.attrs: node.id=receiver node.urn=urn:otel:receiver:traffic_generator node.type=receiver pipeline.id=main pipeline.group.id=default deployment.generation=0 core.id=2 numa.node.id=0 process.instance.id=AGPEE7L7MFZADCYMT4L6GMSOEI host.id=002a584ccffe container.id=[0m
[2m2026-05-19T23:06:47.753Z[0m  [32mINFO [0m [1motap-df-contrib-nodes::stef.exporter.grpc.shutdown[0m[35m entity/node.attrs: node.id=exporter node.urn=urn:otel:exporter:stef node.type=exporter pipeline.id=main pipeline.group.id=default deployment.generation=0 core.id=2 numa.node.id=0 process.instance.id=AGPEE7L7MFZADCYMT4L6GMSOEI host.id=002a584ccffe container.id=[0m
[2m2026-05-19T23:06:47.801Z[0m  [32mINFO [0m [1motap-df-admin::shutdown.completed[0m: [elapsed_ms=405][35m[0m
[2m2026-05-19T23:06:47.803Z[0m  [32mINFO [0m [1motap-df-admin::shutdown.requested[0m: [wait=true, timeout_secs=5][35m[0m
[2m2026-05-19T23:06:47.803Z[0m  [32mINFO [0m [1motap-df-admin::shutdown.blocking_wait[0m: [timeout_secs=5][35m[0m
[2m2026-05-19T23:06:47.803Z[0m  [32mINFO [0m [1motap-df-admin::shutdown.completed[0m: [elapsed_ms=0][35m[0m

================================================================================
Component: go-collector
Container ID: 7d7f9e6a09676674298d567e6cfb3564195a46fbd6d8dd7ca8b9934fb79e9231
================================================================================
2026-05-19T23:06:20.170Z	info	otelconftelemetry/tracer.go:47	Internal trace telemetry disabled	{"resource": {"service.instance.id": "17f6b48a-aa04-4b95-a8ff-f4270af94cac", "service.name": "otelcol-contrib", "service.version": "0.152.0"}}
2026-05-19T23:06:20.171Z	info	service@v0.152.0/service.go:241	Starting otelcol-contrib...	{"resource": {"service.instance.id": "17f6b48a-aa04-4b95-a8ff-f4270af94cac", "service.name": "otelcol-contrib", "service.version": "0.152.0"}, "Version": "0.152.0", "NumCPU": 32}
2026-05-19T23:06:20.171Z	info	extensions/extensions.go:41	Starting extensions...	{"resource": {"service.instance.id": "17f6b48a-aa04-4b95-a8ff-f4270af94cac", "service.name": "otelcol-contrib", "service.version": "0.152.0"}}
2026-05-19T23:06:20.172Z	info	stefreceiver@v0.152.0/stef.go:50	Starting GRPC server	{"resource": {"service.instance.id": "17f6b48a-aa04-4b95-a8ff-f4270af94cac", "service.name": "otelcol-contrib", "service.version": "0.152.0"}, "otelcol.component.id": "stef", "otelcol.component.kind": "receiver", "otelcol.signal": "metrics", "endpoint": "0.0.0.0:4320"}
2026-05-19T23:06:20.172Z	info	service@v0.152.0/service.go:264	Everything is ready. Begin running and processing data.	{"resource": {"service.instance.id": "17f6b48a-aa04-4b95-a8ff-f4270af94cac", "service.name": "otelcol-contrib", "service.version": "0.152.0"}}
2026-05-19T23:06:47.753Z	error	stefreceiver@v0.152.0/stef.go:152	Cannot read from STEF/gRPC connection	{"resource": {"service.instance.id": "17f6b48a-aa04-4b95-a8ff-f4270af94cac", "service.name": "otelcol-contrib", "service.version": "0.152.0"}, "otelcol.component.id": "stef", "otelcol.component.kind": "receiver", "otelcol.signal": "metrics", "error": "EOF"}
github.com/open-telemetry/opentelemetry-collector-contrib/receiver/stefreceiver.(*stefReceiver).onStream
	github.com/open-telemetry/opentelemetry-collector-contrib/receiver/stefreceiver@v0.152.0/stef.go:152
github.com/splunk/stef/go/grpc.(*StreamServer).Stream
	github.com/splunk/stef/go/grpc@v0.1.1/server.go:235
github.com/splunk/stef/go/grpc/stef_proto._STEFDestination_Stream_Handler
	github.com/splunk/stef/go/grpc@v0.1.1/stef_proto/destination_grpc.pb.go:116
go.opentelemetry.io/collector/config/configgrpc.(*ServerConfig).getGrpcServerOptions.enhanceStreamWithClientInformation.func8
	go.opentelemetry.io/collector/config/configgrpc@v0.152.0/configgrpc.go:675
google.golang.org/grpc.(*Server).processStreamingRPC
	google.golang.org/grpc@v1.81.0/server.go:1723
google.golang.org/grpc.(*Server).handleStream
	google.golang.org/grpc@v1.81.0/server.go:1860
google.golang.org/grpc.(*Server).serveStreams.func2.1
	google.golang.org/grpc@v1.81.0/server.go:1065

================================================================================
Component: backend-service
Container ID: c17ea42fb7cbd8baf2bf2ee45c9fad32ac637c50dfa8f4271ece76ad176c5033
================================================================================
System Information:
  Available CPU cores: 32
  Available memory: 112.95 GB / 117.92 GB
  Build mode: release
  Memory allocator: jemalloc

Available Component URNs:
  Receivers: urn:otel:receiver:host_metrics, urn:otel:receiver:internal_telemetry, urn:otel:receiver:otap, urn:otel:receiver:otlp, urn:otel:receiver:stef, urn:otel:receiver:syslog_cef, urn:otel:receiver:topic, urn:otel:receiver:traffic_generator
  Processors: urn:otel:processor:attribute, urn:otel:processor:batch, urn:otel:processor:content_router, urn:otel:processor:debug, urn:otel:processor:delay, urn:otel:processor:durable_buffer, urn:otel:processor:fanout, urn:otel:processor:filter, urn:otel:processor:log_sampling, urn:otel:processor:retry, urn:otel:processor:temporal_reaggregation, urn:otel:processor:transform, urn:otel:processor:type_router
  Exporters: urn:otel:exporter:console, urn:otel:exporter:error, urn:otel:exporter:noop, urn:otel:exporter:otap, urn:otel:exporter:otlp_grpc, urn:otel:exporter:otlp_http, urn:otel:exporter:parquet, urn:otel:exporter:perf, urn:otel:exporter:stef, urn:otel:exporter:topic

Example configuration files can be found in the configs/ directory.
[2m2026-05-19T23:06:18.842Z[0m  [32mINFO [0m [1motap-df-controller::pipeline.core_allocation[0m: [pipeline_group_id=default, pipeline_id=main, num_cores=1, core_allocation=1]
[2m2026-05-19T23:06:18.844Z[0m  [32mINFO [0m [1motap-df-core-nodes::perf_exporter.start[0m: Starting Perf Exporter [frequency_ms=500][35m entity/node.attrs: node.id=perf node.urn=urn:otel:exporter:perf node.type=exporter pipeline.id=main pipeline.group.id=default deployment.generation=0 core.id=1 numa.node.id=0 process.instance.id=AGPEE7LVLF5TBCQSGHNXX6GIVI host.id=c17ea42fb7cb container.id=[0m
[2m2026-05-19T23:06:18.844Z[0m  [32mINFO [0m [1motap-df-contrib-nodes::stef.receiver.grpc.start[0m: Starting STEF gRPC receiver [endpoint=0.0.0.0:1235][35m entity/node.attrs: node.id=receiver node.urn=urn:otel:receiver:stef node.type=receiver pipeline.id=main pipeline.group.id=default deployment.generation=0 core.id=1 numa.node.id=0 process.instance.id=AGPEE7LVLF5TBCQSGHNXX6GIVI host.id=c17ea42fb7cb container.id=[0m
[2m2026-05-19T23:06:18.844Z[0m  [32mINFO [0m [1motap-df-admin::endpoint.start[0m: Admin HTTP server listening [bind_address=0.0.0.0:8080][35m[0m

================================================================================
END OF CONTAINER LOGS
================================================================================
[2026-05-19 23:07:14] INFO | ctx.type=- ctx.name=- | Starting Test: 400k
[2026-05-19 23:07:14] INFO | ctx.type=ScenarioContext ctx.name=400k | Running 11 test steps...
[2026-05-19 23:07:14] INFO | ctx.type=FrameworkElementHookContext ctx.name=RenderTemplateHook (pre_run) | Rendered template saved to .data/otc_metrics_stef_none_baseline/20260519_230617/tests/400k/backend-config.rendered.yaml
[2026-05-19 23:07:14] INFO | ctx.type=StepContext ctx.name=Deploy Backend Engine | Executing main step action...
[2026-05-19 23:07:15] INFO | ctx.type=FrameworkElementHookContext ctx.name=ReadyCheckHttpHook (post_run) | Ready check passed on attempt 2
[2026-05-19 23:07:15] INFO | ctx.type=FrameworkElementHookContext ctx.name=RenderTemplateHook (pre_run) | Rendered template saved to .data/otc_metrics_stef_none_baseline/20260519_230617/tests/400k/otelcol-config.rendered.yaml
[2026-05-19 23:07:15] INFO | ctx.type=StepContext ctx.name=Deploy Go Collector | Executing main step action...
[2026-05-19 23:07:17] INFO | ctx.type=FrameworkElementHookContext ctx.name=ReadyCheckHttpHook (post_run) | Ready check passed on attempt 2
[2026-05-19 23:07:17] INFO | ctx.type=FrameworkElementHookContext ctx.name=RenderTemplateHook (pre_run) | Rendered template saved to .data/otc_metrics_stef_none_baseline/20260519_230617/tests/400k/loadgen-config.rendered.yaml
[2026-05-19 23:07:17] INFO | ctx.type=StepContext ctx.name=Deploy Load Generator | Executing main step action...
[2026-05-19 23:07:18] INFO | ctx.type=FrameworkElementHookContext ctx.name=ReadyCheckHttpHook (post_run) | Ready check passed on attempt 2
[2026-05-19 23:07:18] INFO | ctx.type=StepContext ctx.name=Monitor All | Executing main step action...
[2026-05-19 23:07:18] INFO | ctx.type=StepContext ctx.name=Wait for data | Executing main step action...
[2026-05-19 23:07:23] INFO | ctx.type=StepContext ctx.name=Observe Load | Executing main step action...
[2026-05-19 23:07:44] INFO | ctx.type=StepContext ctx.name=Stop Load Generator | Executing main step action...
[2026-05-19 23:07:44] INFO | ctx.type=StepContext ctx.name=Stop Backend | Executing main step action...
[2026-05-19 23:07:44] INFO | ctx.type=StepContext ctx.name=Stop Monitoring All | Executing main step action...
[2026-05-19 23:07:49] INFO | ctx.type=StepContext ctx.name=Destroy All | Executing main step action...
[2026-05-19 23:08:10] INFO | ctx.type=StepContext ctx.name=Run Report | Executing main step action...

# OTel Collector 100k - OTC STEF Baseline (Metrics)

## Table: metadata_filtered
  
**Description**: Information about the test suite and report.
  
| Attribute        | Value                                             |
|:-----------------|:--------------------------------------------------|
| test.suite.start | 2026-05-19T23:06:18.508797+00:00                  |
| test.suite       | OTC STEF Baseline (Metrics)                       |
| test.step        | Run Report                                        |
| test.start       | 2026-05-19T23:06:18.509603+00:00                  |
| test.name        | 100k                                              |
| report.type      | sql_report                                        |
| report.time      | 2026-05-19T23:07:13.806299+00:00                  |
| report.name      | OTel Collector 100k - OTC STEF Baseline (Metrics) |
| code.sha         | 6eafd2676d480c0c3d2671aafbb0fb44f5b2a587          |
| code.dirty       | True                                              |
| code.branch      | stef-benchmarks                                   |


## Table: send_receive_rates_by_core
  
**Description**: Core Specific increase and average rate of various send / receive metrics
  
| component_name   | metric_name      |   core_id |   total_increase |   average_rate |
|:-----------------|:-----------------|----------:|-----------------:|---------------:|
| backend-service  | metrics          |         1 |      1.62042e+06 |        84341.8 |
| load-generator   | metrics_produced |         2 |      1.6473e+06  |        90063.1 |


## Table: aggregate_send_receive_rates
  
**Description**: Cumulative increase and average rate of various send / receive metrics
  
| component_name   | metric_name      |   total_increase |   average_rate |
|:-----------------|:-----------------|-----------------:|---------------:|
| load-generator   | metrics_produced |      1.6473e+06  |        90063.1 |
| backend-service  | metrics          |      1.62042e+06 |        84341.8 |


## Table: component_resource_metrics
  
**Description**: CPU and Memory metrics for the components in the Test Suite during the test.
  
| component_name   | metric_name            |   min_value |   avg_value |   max_value |
|:-----------------|:-----------------------|------------:|------------:|------------:|
| load-generator   | container.memory.usage | 1.1889e+08  | 1.19338e+08 | 1.20726e+08 |
| load-generator   | container.cpu.usage    | 0.0773039   | 0.0795211   | 0.0811989   |
| go-collector     | container.cpu.usage    | 0.0971574   | 0.112213    | 0.168392    |
| go-collector     | container.memory.usage | 2.35839e+08 | 5.6149e+08  | 8.32659e+08 |
| backend-service  | container.cpu.usage    | 0.0395593   | 0.0451447   | 0.047232    |
| backend-service  | container.memory.usage | 4.70794e+07 | 4.83811e+07 | 4.92544e+07 |


## Table: metric_loss
  
**Description**: Lost metrics (failed or sent but not received) total and as a percentage
  
|   metrics_lost |   metrics_lost_pct |
|---------------:|-------------------:|
|          26877 |          0.0163158 |


## Table: metric_throughput_rates
  
**Description**: Metric throughput rates (metrics/sec) calculated from total counts and observation window duration
  
| metric_name      |   total_increase |   metrics_per_second |
|:-----------------|-----------------:|---------------------:|
| metrics_produced |      1.6473e+06  |              85676.6 |
| metrics          |      1.62042e+06 |              84278.8 |


## Table: gh_actions_benchmark
  
**Description**: The final metrics used with gh_actions_benchmark.
  
| name                          | unit        |            value | extra                                                  |
|:------------------------------|:------------|-----------------:|:-------------------------------------------------------|
| dropped_metrics_percentage    | %           |      1.63158     | OTC STEF Baseline (Metrics)/100k - Dropped Metrics %   |
| cpu_percentage_normalized_avg | %           |     11.2213      | OTC STEF Baseline (Metrics)/100k - CPU % (Normalized)  |
| cpu_percentage_normalized_max | %           |     16.8392      | OTC STEF Baseline (Metrics)/100k - CPU % (Normalized)  |
| ram_mib_avg                   | MiB         |    535.479       | OTC STEF Baseline (Metrics)/100k - RAM (MiB)           |
| ram_mib_max                   | MiB         |    794.086       | OTC STEF Baseline (Metrics)/100k - RAM (MiB)           |
| metrics_produced_rate         | metrics/sec |  85676.6         | OTC STEF Baseline (Metrics)/100k - Metric Throughput   |
| metrics_received_rate         | metrics/sec |  84278.8         | OTC STEF Baseline (Metrics)/100k - Metric Throughput   |
| test_duration                 | seconds     |     20.0006      | OTC STEF Baseline (Metrics)/100k - Test Duration       |
| network_tx_bytes_rate_avg     | bytes/sec   | 792625           | OTC STEF Baseline (Metrics)/100k - Network Utilization |
| network_rx_bytes_rate_avg     | bytes/sec   |      1.44787e+06 | OTC STEF Baseline (Metrics)/100k - Network Utilization |




================================================================================
DOCKER CONTAINER LOGS
================================================================================

================================================================================
Component: load-generator
Container ID: d8458baa23c7616a7dfe6212c2f9a3f4ea8180234f69f4e3b4b2e62ced967fbe
================================================================================
System Information:
  Available CPU cores: 32
  Available memory: 112.80 GB / 117.92 GB
  Build mode: release
  Memory allocator: jemalloc

Available Component URNs:
  Receivers: urn:otel:receiver:host_metrics, urn:otel:receiver:internal_telemetry, urn:otel:receiver:otap, urn:otel:receiver:otlp, urn:otel:receiver:stef, urn:otel:receiver:syslog_cef, urn:otel:receiver:topic, urn:otel:receiver:traffic_generator
  Processors: urn:otel:processor:attribute, urn:otel:processor:batch, urn:otel:processor:content_router, urn:otel:processor:debug, urn:otel:processor:delay, urn:otel:processor:durable_buffer, urn:otel:processor:fanout, urn:otel:processor:filter, urn:otel:processor:log_sampling, urn:otel:processor:retry, urn:otel:processor:temporal_reaggregation, urn:otel:processor:transform, urn:otel:processor:type_router
  Exporters: urn:otel:exporter:console, urn:otel:exporter:error, urn:otel:exporter:noop, urn:otel:exporter:otap, urn:otel:exporter:otlp_grpc, urn:otel:exporter:otlp_http, urn:otel:exporter:parquet, urn:otel:exporter:perf, urn:otel:exporter:stef, urn:otel:exporter:topic

Example configuration files can be found in the configs/ directory.
[2m2026-05-19T23:07:17.383Z[0m  [32mINFO [0m [1motap-df-controller::pipeline.core_allocation[0m: [pipeline_group_id=default, pipeline_id=main, num_cores=4, core_allocation=2-5]
[2m2026-05-19T23:07:17.387Z[0m  [32mINFO [0m [1motap-df-contrib-nodes::stef.exporter.grpc.start[0m: [grpc_endpoint=http://go-collector:4320, stef_compression=None][35m entity/node.attrs: node.id=exporter node.urn=urn:otel:exporter:stef node.type=exporter pipeline.id=main pipeline.group.id=default deployment.generation=0 core.id=2 numa.node.id=0 process.instance.id=AGPEE7S2AZ6NDMCKN3WNRX57CA host.id=d8458baa23c7 container.id=[0m
[2m2026-05-19T23:07:17.387Z[0m  [32mINFO [0m [1motap-df-contrib-nodes::stef.exporter.grpc.start[0m: [grpc_endpoint=http://go-collector:4320, stef_compression=None][35m entity/node.attrs: node.id=exporter node.urn=urn:otel:exporter:stef node.type=exporter pipeline.id=main pipeline.group.id=default deployment.generation=0 core.id=3 numa.node.id=0 process.instance.id=AGPEE7S2AZ6NDMCKN3WNRX57CA host.id=d8458baa23c7 container.id=[0m
[2m2026-05-19T23:07:17.388Z[0m  [32mINFO [0m [1motap-df-contrib-nodes::stef.exporter.grpc.start[0m: [grpc_endpoint=http://go-collector:4320, stef_compression=None][35m entity/node.attrs: node.id=exporter node.urn=urn:otel:exporter:stef node.type=exporter pipeline.id=main pipeline.group.id=default deployment.generation=0 core.id=4 numa.node.id=0 process.instance.id=AGPEE7S2AZ6NDMCKN3WNRX57CA host.id=d8458baa23c7 container.id=[0m
[2m2026-05-19T23:07:17.388Z[0m  [32mINFO [0m [1motap-df-contrib-nodes::stef.exporter.grpc.start[0m: [grpc_endpoint=http://go-collector:4320, stef_compression=None][35m entity/node.attrs: node.id=exporter node.urn=urn:otel:exporter:stef node.type=exporter pipeline.id=main pipeline.group.id=default deployment.generation=0 core.id=5 numa.node.id=0 process.instance.id=AGPEE7S2AZ6NDMCKN3WNRX57CA host.id=d8458baa23c7 container.id=[0m
[2m2026-05-19T23:07:17.388Z[0m  [32mINFO [0m [1motap-df-admin::endpoint.start[0m: Admin HTTP server listening [bind_address=0.0.0.0:8080][35m[0m
[2m2026-05-19T23:07:43.362Z[0m  [32mINFO [0m [1motap-df-admin::shutdown.requested[0m: [wait=true, timeout_secs=5][35m[0m
[2m2026-05-19T23:07:43.362Z[0m  [32mINFO [0m [1motap-df-admin::shutdown.blocking_wait[0m: [timeout_secs=5][35m[0m
[2m2026-05-19T23:07:43.362Z[0m  [32mINFO [0m [1motap-df-state::state.observed_event[0m: global shutdown [pipeline_group_id=default, pipeline_id=main, core_id=2, event_type=ShutdownRequested][35m[0m
[2m2026-05-19T23:07:43.362Z[0m  [32mINFO [0m [1motap-df-state::state.observed_event[0m: global shutdown [pipeline_group_id=default, pipeline_id=main, core_id=3, event_type=ShutdownRequested][35m[0m
[2m2026-05-19T23:07:43.362Z[0m  [32mINFO [0m [1motap-df-state::state.observed_event[0m: global shutdown [pipeline_group_id=default, pipeline_id=main, core_id=5, event_type=ShutdownRequested][35m[0m
[2m2026-05-19T23:07:43.362Z[0m  [32mINFO [0m [1motap-df-core-nodes::traffic_generator.drain_ingress[0m[35m entity/node.attrs: node.id=receiver node.urn=urn:otel:receiver:traffic_generator node.type=receiver pipeline.id=main pipeline.group.id=default deployment.generation=0 core.id=3 numa.node.id=0 process.instance.id=AGPEE7S2AZ6NDMCKN3WNRX57CA host.id=d8458baa23c7 container.id=[0m
[2m2026-05-19T23:07:43.362Z[0m  [32mINFO [0m [1motap-df-core-nodes::traffic_generator.drain_ingress[0m[35m entity/node.attrs: node.id=receiver node.urn=urn:otel:receiver:traffic_generator node.type=receiver pipeline.id=main pipeline.group.id=default deployment.generation=0 core.id=2 numa.node.id=0 process.instance.id=AGPEE7S2AZ6NDMCKN3WNRX57CA host.id=d8458baa23c7 container.id=[0m
[2m2026-05-19T23:07:43.362Z[0m  [32mINFO [0m [1motap-df-core-nodes::traffic_generator.drain_ingress[0m[35m entity/node.attrs: node.id=receiver node.urn=urn:otel:receiver:traffic_generator node.type=receiver pipeline.id=main pipeline.group.id=default deployment.generation=0 core.id=5 numa.node.id=0 process.instance.id=AGPEE7S2AZ6NDMCKN3WNRX57CA host.id=d8458baa23c7 container.id=[0m
[2m2026-05-19T23:07:43.362Z[0m  [32mINFO [0m [1motap-df-state::state.observed_event[0m: global shutdown [pipeline_group_id=default, pipeline_id=main, core_id=4, event_type=ShutdownRequested][35m[0m
[2m2026-05-19T23:07:43.362Z[0m  [32mINFO [0m [1motap-df-core-nodes::traffic_generator.drain_ingress[0m[35m entity/node.attrs: node.id=receiver node.urn=urn:otel:receiver:traffic_generator node.type=receiver pipeline.id=main pipeline.group.id=default deployment.generation=0 core.id=4 numa.node.id=0 process.instance.id=AGPEE7S2AZ6NDMCKN3WNRX57CA host.id=d8458baa23c7 container.id=[0m
[2m2026-05-19T23:07:43.746Z[0m  [32mINFO [0m [1motap-df-contrib-nodes::stef.exporter.grpc.shutdown[0m[35m entity/node.attrs: node.id=exporter node.urn=urn:otel:exporter:stef node.type=exporter pipeline.id=main pipeline.group.id=default deployment.generation=0 core.id=3 numa.node.id=0 process.instance.id=AGPEE7S2AZ6NDMCKN3WNRX57CA host.id=d8458baa23c7 container.id=[0m
[2m2026-05-19T23:07:43.881Z[0m  [32mINFO [0m [1motap-df-contrib-nodes::stef.exporter.grpc.shutdown[0m[35m entity/node.attrs: node.id=exporter node.urn=urn:otel:exporter:stef node.type=exporter pipeline.id=main pipeline.group.id=default deployment.generation=0 core.id=2 numa.node.id=0 process.instance.id=AGPEE7S2AZ6NDMCKN3WNRX57CA host.id=d8458baa23c7 container.id=[0m
[2m2026-05-19T23:07:44.230Z[0m  [32mINFO [0m [1motap-df-contrib-nodes::stef.exporter.grpc.shutdown[0m[35m entity/node.attrs: node.id=exporter node.urn=urn:otel:exporter:stef node.type=exporter pipeline.id=main pipeline.group.id=default deployment.generation=0 core.id=4 numa.node.id=0 process.instance.id=AGPEE7S2AZ6NDMCKN3WNRX57CA host.id=d8458baa23c7 container.id=[0m
[2m2026-05-19T23:07:44.362Z[0m  [32mINFO [0m [1motap-df-contrib-nodes::stef.exporter.grpc.shutdown[0m[35m entity/node.attrs: node.id=exporter node.urn=urn:otel:exporter:stef node.type=exporter pipeline.id=main pipeline.group.id=default deployment.generation=0 core.id=5 numa.node.id=0 process.instance.id=AGPEE7S2AZ6NDMCKN3WNRX57CA host.id=d8458baa23c7 container.id=[0m
[2m2026-05-19T23:07:44.372Z[0m  [32mINFO [0m [1motap-df-admin::shutdown.completed[0m: [elapsed_ms=1010][35m[0m
[2m2026-05-19T23:07:44.374Z[0m  [32mINFO [0m [1motap-df-admin::shutdown.requested[0m: [wait=true, timeout_secs=5][35m[0m
[2m2026-05-19T23:07:44.374Z[0m  [32mINFO [0m [1motap-df-admin::shutdown.blocking_wait[0m: [timeout_secs=5][35m[0m
[2m2026-05-19T23:07:44.374Z[0m  [32mINFO [0m [1motap-df-admin::shutdown.completed[0m: [elapsed_ms=0][35m[0m

================================================================================
Component: go-collector
Container ID: 4ffc319e5fcf6ded5889946b2f19ce588a733ad824d26e7c385cb5e2f978767a
================================================================================
2026-05-19T23:07:16.137Z	info	otelconftelemetry/tracer.go:47	Internal trace telemetry disabled	{"resource": {"service.instance.id": "95842bc4-d2a8-40e8-bb3b-10bedf9205b5", "service.name": "otelcol-contrib", "service.version": "0.152.0"}}
2026-05-19T23:07:16.138Z	info	service@v0.152.0/service.go:241	Starting otelcol-contrib...	{"resource": {"service.instance.id": "95842bc4-d2a8-40e8-bb3b-10bedf9205b5", "service.name": "otelcol-contrib", "service.version": "0.152.0"}, "Version": "0.152.0", "NumCPU": 32}
2026-05-19T23:07:16.138Z	info	extensions/extensions.go:41	Starting extensions...	{"resource": {"service.instance.id": "95842bc4-d2a8-40e8-bb3b-10bedf9205b5", "service.name": "otelcol-contrib", "service.version": "0.152.0"}}
2026-05-19T23:07:16.139Z	info	stefreceiver@v0.152.0/stef.go:50	Starting GRPC server	{"resource": {"service.instance.id": "95842bc4-d2a8-40e8-bb3b-10bedf9205b5", "service.name": "otelcol-contrib", "service.version": "0.152.0"}, "otelcol.component.id": "stef", "otelcol.component.kind": "receiver", "otelcol.signal": "metrics", "endpoint": "0.0.0.0:4320"}
2026-05-19T23:07:16.139Z	info	service@v0.152.0/service.go:264	Everything is ready. Begin running and processing data.	{"resource": {"service.instance.id": "95842bc4-d2a8-40e8-bb3b-10bedf9205b5", "service.name": "otelcol-contrib", "service.version": "0.152.0"}}
2026-05-19T23:07:43.746Z	error	stefreceiver@v0.152.0/stef.go:152	Cannot read from STEF/gRPC connection	{"resource": {"service.instance.id": "95842bc4-d2a8-40e8-bb3b-10bedf9205b5", "service.name": "otelcol-contrib", "service.version": "0.152.0"}, "otelcol.component.id": "stef", "otelcol.component.kind": "receiver", "otelcol.signal": "metrics", "error": "EOF"}
github.com/open-telemetry/opentelemetry-collector-contrib/receiver/stefreceiver.(*stefReceiver).onStream
	github.com/open-telemetry/opentelemetry-collector-contrib/receiver/stefreceiver@v0.152.0/stef.go:152
github.com/splunk/stef/go/grpc.(*StreamServer).Stream
	github.com/splunk/stef/go/grpc@v0.1.1/server.go:235
github.com/splunk/stef/go/grpc/stef_proto._STEFDestination_Stream_Handler
	github.com/splunk/stef/go/grpc@v0.1.1/stef_proto/destination_grpc.pb.go:116
go.opentelemetry.io/collector/config/configgrpc.(*ServerConfig).getGrpcServerOptions.enhanceStreamWithClientInformation.func8
	go.opentelemetry.io/collector/config/configgrpc@v0.152.0/configgrpc.go:675
google.golang.org/grpc.(*Server).processStreamingRPC
	google.golang.org/grpc@v1.81.0/server.go:1723
google.golang.org/grpc.(*Server).handleStream
	google.golang.org/grpc@v1.81.0/server.go:1860
google.golang.org/grpc.(*Server).serveStreams.func2.1
	google.golang.org/grpc@v1.81.0/server.go:1065
2026-05-19T23:07:43.881Z	error	stefreceiver@v0.152.0/stef.go:152	Cannot read from STEF/gRPC connection	{"resource": {"service.instance.id": "95842bc4-d2a8-40e8-bb3b-10bedf9205b5", "service.name": "otelcol-contrib", "service.version": "0.152.0"}, "otelcol.component.id": "stef", "otelcol.component.kind": "receiver", "otelcol.signal": "metrics", "error": "EOF"}
github.com/open-telemetry/opentelemetry-collector-contrib/receiver/stefreceiver.(*stefReceiver).onStream
	github.com/open-telemetry/opentelemetry-collector-contrib/receiver/stefreceiver@v0.152.0/stef.go:152
github.com/splunk/stef/go/grpc.(*StreamServer).Stream
	github.com/splunk/stef/go/grpc@v0.1.1/server.go:235
github.com/splunk/stef/go/grpc/stef_proto._STEFDestination_Stream_Handler
	github.com/splunk/stef/go/grpc@v0.1.1/stef_proto/destination_grpc.pb.go:116
go.opentelemetry.io/collector/config/configgrpc.(*ServerConfig).getGrpcServerOptions.enhanceStreamWithClientInformation.func8
	go.opentelemetry.io/collector/config/configgrpc@v0.152.0/configgrpc.go:675
google.golang.org/grpc.(*Server).processStreamingRPC
	google.golang.org/grpc@v1.81.0/server.go:1723
google.golang.org/grpc.(*Server).handleStream
	google.golang.org/grpc@v1.81.0/server.go:1860
google.golang.org/grpc.(*Server).serveStreams.func2.1
	google.golang.org/grpc@v1.81.0/server.go:1065
2026-05-19T23:07:44.230Z	error	stefreceiver@v0.152.0/stef.go:152	Cannot read from STEF/gRPC connection	{"resource": {"service.instance.id": "95842bc4-d2a8-40e8-bb3b-10bedf9205b5", "service.name": "otelcol-contrib", "service.version": "0.152.0"}, "otelcol.component.id": "stef", "otelcol.component.kind": "receiver", "otelcol.signal": "metrics", "error": "EOF"}
github.com/open-telemetry/opentelemetry-collector-contrib/receiver/stefreceiver.(*stefReceiver).onStream
	github.com/open-telemetry/opentelemetry-collector-contrib/receiver/stefreceiver@v0.152.0/stef.go:152
github.com/splunk/stef/go/grpc.(*StreamServer).Stream
	github.com/splunk/stef/go/grpc@v0.1.1/server.go:235
github.com/splunk/stef/go/grpc/stef_proto._STEFDestination_Stream_Handler
	github.com/splunk/stef/go/grpc@v0.1.1/stef_proto/destination_grpc.pb.go:116
go.opentelemetry.io/collector/config/configgrpc.(*ServerConfig).getGrpcServerOptions.enhanceStreamWithClientInformation.func8
	go.opentelemetry.io/collector/config/configgrpc@v0.152.0/configgrpc.go:675
google.golang.org/grpc.(*Server).processStreamingRPC
	google.golang.org/grpc@v1.81.0/server.go:1723
google.golang.org/grpc.(*Server).handleStream
	google.golang.org/grpc@v1.81.0/server.go:1860
google.golang.org/grpc.(*Server).serveStreams.func2.1
	google.golang.org/grpc@v1.81.0/server.go:1065
2026-05-19T23:07:44.362Z	error	stefreceiver@v0.152.0/stef.go:152	Cannot read from STEF/gRPC connection	{"resource": {"service.instance.id": "95842bc4-d2a8-40e8-bb3b-10bedf9205b5", "service.name": "otelcol-contrib", "service.version": "0.152.0"}, "otelcol.component.id": "stef", "otelcol.component.kind": "receiver", "otelcol.signal": "metrics", "error": "EOF"}
github.com/open-telemetry/opentelemetry-collector-contrib/receiver/stefreceiver.(*stefReceiver).onStream
	github.com/open-telemetry/opentelemetry-collector-contrib/receiver/stefreceiver@v0.152.0/stef.go:152
github.com/splunk/stef/go/grpc.(*StreamServer).Stream
	github.com/splunk/stef/go/grpc@v0.1.1/server.go:235
github.com/splunk/stef/go/grpc/stef_proto._STEFDestination_Stream_Handler
	github.com/splunk/stef/go/grpc@v0.1.1/stef_proto/destination_grpc.pb.go:116
go.opentelemetry.io/collector/config/configgrpc.(*ServerConfig).getGrpcServerOptions.enhanceStreamWithClientInformation.func8
	go.opentelemetry.io/collector/config/configgrpc@v0.152.0/configgrpc.go:675
google.golang.org/grpc.(*Server).processStreamingRPC
	google.golang.org/grpc@v1.81.0/server.go:1723
google.golang.org/grpc.(*Server).handleStream
	google.golang.org/grpc@v1.81.0/server.go:1860
google.golang.org/grpc.(*Server).serveStreams.func2.1
	google.golang.org/grpc@v1.81.0/server.go:1065

================================================================================
Component: backend-service
Container ID: fe310a1f126ae1b80e965b8bf65787a8a3fbcbe1304b16b6aa92599e5915c7c6
================================================================================
System Information:
  Available CPU cores: 32
  Available memory: 112.86 GB / 117.92 GB
  Build mode: release
  Memory allocator: jemalloc

Available Component URNs:
  Receivers: urn:otel:receiver:host_metrics, urn:otel:receiver:internal_telemetry, urn:otel:receiver:otap, urn:otel:receiver:otlp, urn:otel:receiver:stef, urn:otel:receiver:syslog_cef, urn:otel:receiver:topic, urn:otel:receiver:traffic_generator
  Processors: urn:otel:processor:attribute, urn:otel:processor:batch, urn:otel:processor:content_router, urn:otel:processor:debug, urn:otel:processor:delay, urn:otel:processor:durable_buffer, urn:otel:processor:fanout, urn:otel:processor:filter, urn:otel:processor:log_sampling, urn:otel:processor:retry, urn:otel:processor:temporal_reaggregation, urn:otel:processor:transform, urn:otel:processor:type_router
  Exporters: urn:otel:exporter:console, urn:otel:exporter:error, urn:otel:exporter:noop, urn:otel:exporter:otap, urn:otel:exporter:otlp_grpc, urn:otel:exporter:otlp_http, urn:otel:exporter:parquet, urn:otel:exporter:perf, urn:otel:exporter:stef, urn:otel:exporter:topic

Example configuration files can be found in the configs/ directory.
[2m2026-05-19T23:07:14.846Z[0m  [32mINFO [0m [1motap-df-controller::pipeline.core_allocation[0m: [pipeline_group_id=default, pipeline_id=main, num_cores=1, core_allocation=1]
[2m2026-05-19T23:07:14.849Z[0m  [32mINFO [0m [1motap-df-admin::endpoint.start[0m: Admin HTTP server listening [bind_address=0.0.0.0:8080][35m[0m
[2m2026-05-19T23:07:14.849Z[0m  [32mINFO [0m [1motap-df-core-nodes::perf_exporter.start[0m: Starting Perf Exporter [frequency_ms=500][35m entity/node.attrs: node.id=perf node.urn=urn:otel:exporter:perf node.type=exporter pipeline.id=main pipeline.group.id=default deployment.generation=0 core.id=1 numa.node.id=0 process.instance.id=AGPEE7SQDV5RDEQ3GHD4HU3ORY host.id=fe310a1f126a container.id=[0m
[2m2026-05-19T23:07:14.849Z[0m  [32mINFO [0m [1motap-df-contrib-nodes::stef.receiver.grpc.start[0m: Starting STEF gRPC receiver [endpoint=0.0.0.0:1235][35m entity/node.attrs: node.id=receiver node.urn=urn:otel:receiver:stef node.type=receiver pipeline.id=main pipeline.group.id=default deployment.generation=0 core.id=1 numa.node.id=0 process.instance.id=AGPEE7SQDV5RDEQ3GHD4HU3ORY host.id=fe310a1f126a container.id=[0m

================================================================================
END OF CONTAINER LOGS
================================================================================
[2026-05-19 23:08:11] INFO | ctx.type=- ctx.name=- | Starting Test: 600k
[2026-05-19 23:08:11] INFO | ctx.type=ScenarioContext ctx.name=600k | Running 11 test steps...
[2026-05-19 23:08:11] INFO | ctx.type=FrameworkElementHookContext ctx.name=RenderTemplateHook (pre_run) | Rendered template saved to .data/otc_metrics_stef_none_baseline/20260519_230617/tests/600k/backend-config.rendered.yaml
[2026-05-19 23:08:11] INFO | ctx.type=StepContext ctx.name=Deploy Backend Engine | Executing main step action...
[2026-05-19 23:08:13] INFO | ctx.type=FrameworkElementHookContext ctx.name=ReadyCheckHttpHook (post_run) | Ready check passed on attempt 2
[2026-05-19 23:08:13] INFO | ctx.type=FrameworkElementHookContext ctx.name=RenderTemplateHook (pre_run) | Rendered template saved to .data/otc_metrics_stef_none_baseline/20260519_230617/tests/600k/otelcol-config.rendered.yaml
[2026-05-19 23:08:13] INFO | ctx.type=StepContext ctx.name=Deploy Go Collector | Executing main step action...
[2026-05-19 23:08:14] INFO | ctx.type=FrameworkElementHookContext ctx.name=ReadyCheckHttpHook (post_run) | Ready check passed on attempt 2
[2026-05-19 23:08:14] INFO | ctx.type=FrameworkElementHookContext ctx.name=RenderTemplateHook (pre_run) | Rendered template saved to .data/otc_metrics_stef_none_baseline/20260519_230617/tests/600k/loadgen-config.rendered.yaml
[2026-05-19 23:08:14] INFO | ctx.type=StepContext ctx.name=Deploy Load Generator | Executing main step action...
[2026-05-19 23:08:15] INFO | ctx.type=FrameworkElementHookContext ctx.name=ReadyCheckHttpHook (post_run) | Ready check passed on attempt 2
[2026-05-19 23:08:15] INFO | ctx.type=StepContext ctx.name=Monitor All | Executing main step action...
[2026-05-19 23:08:15] INFO | ctx.type=StepContext ctx.name=Wait for data | Executing main step action...
[2026-05-19 23:08:20] INFO | ctx.type=StepContext ctx.name=Observe Load | Executing main step action...
[2026-05-19 23:08:41] INFO | ctx.type=StepContext ctx.name=Stop Load Generator | Executing main step action...
[2026-05-19 23:08:41] INFO | ctx.type=StepContext ctx.name=Stop Backend | Executing main step action...
[2026-05-19 23:08:41] INFO | ctx.type=StepContext ctx.name=Stop Monitoring All | Executing main step action...
[2026-05-19 23:08:45] INFO | ctx.type=StepContext ctx.name=Destroy All | Executing main step action...
[2026-05-19 23:09:07] INFO | ctx.type=StepContext ctx.name=Run Report | Executing main step action...

# OTel Collector 400k - OTC STEF Baseline (Metrics)

## Table: metadata_filtered
  
**Description**: Information about the test suite and report.
  
| Attribute        | Value                                             |
|:-----------------|:--------------------------------------------------|
| test.suite.start | 2026-05-19T23:06:18.508797+00:00                  |
| test.suite       | OTC STEF Baseline (Metrics)                       |
| test.step        | Run Report                                        |
| test.start       | 2026-05-19T23:07:14.535456+00:00                  |
| test.name        | 400k                                              |
| report.type      | sql_report                                        |
| report.time      | 2026-05-19T23:08:10.215539+00:00                  |
| report.name      | OTel Collector 400k - OTC STEF Baseline (Metrics) |
| code.sha         | 6eafd2676d480c0c3d2671aafbb0fb44f5b2a587          |
| code.dirty       | True                                              |
| code.branch      | stef-benchmarks                                   |


## Table: send_receive_rates_by_core
  
**Description**: Core Specific increase and average rate of various send / receive metrics
  
| component_name   | metric_name      |   core_id |   total_increase |   average_rate |
|:-----------------|:-----------------|----------:|-----------------:|---------------:|
| backend-service  | metrics          |         1 |      6.39759e+06 |       327359   |
| load-generator   | metrics_produced |         2 |      1.58488e+06 |        81336.4 |
| load-generator   | metrics_produced |         3 |      1.61869e+06 |        83015.2 |
| load-generator   | metrics_produced |         4 |      1.5606e+06  |        80129.5 |
| load-generator   | metrics_produced |         5 |      1.59528e+06 |        81852.8 |


## Table: aggregate_send_receive_rates
  
**Description**: Cumulative increase and average rate of various send / receive metrics
  
| component_name   | metric_name      |   total_increase |   average_rate |
|:-----------------|:-----------------|-----------------:|---------------:|
| load-generator   | metrics_produced |      6.35944e+06 |         326334 |
| backend-service  | metrics          |      6.39759e+06 |         327359 |


## Table: component_resource_metrics
  
**Description**: CPU and Memory metrics for the components in the Test Suite during the test.
  
| component_name   | metric_name            |   min_value |   avg_value |   max_value |
|:-----------------|:-----------------------|------------:|------------:|------------:|
| load-generator   | container.cpu.usage    | 0.215581    | 0.29411     | 0.330106    |
| load-generator   | container.memory.usage | 3.34033e+08 | 3.3518e+08  | 3.40345e+08 |
| go-collector     | container.memory.usage | 7.28224e+08 | 1.98093e+09 | 3.3034e+09  |
| go-collector     | container.cpu.usage    | 0.371719    | 0.581985    | 0.992983    |
| backend-service  | container.memory.usage | 5.99163e+07 | 6.07617e+07 | 6.23002e+07 |
| backend-service  | container.cpu.usage    | 0.162199    | 0.173817    | 0.178479    |


## Table: metric_loss
  
**Description**: Lost metrics (failed or sent but not received) total and as a percentage
  
|   metrics_lost |   metrics_lost_pct |
|---------------:|-------------------:|
|         -38148 |        -0.00599864 |


## Table: metric_throughput_rates
  
**Description**: Metric throughput rates (metrics/sec) calculated from total counts and observation window duration
  
| metric_name      |   total_increase |   metrics_per_second |
|:-----------------|-----------------:|---------------------:|
| metrics_produced |      6.35944e+06 |               325124 |
| metrics          |      6.39759e+06 |               327075 |


## Table: gh_actions_benchmark
  
**Description**: The final metrics used with gh_actions_benchmark.
  
| name                          | unit        |            value | extra                                                  |
|:------------------------------|:------------|-----------------:|:-------------------------------------------------------|
| dropped_metrics_percentage    | %           |     -0.599864    | OTC STEF Baseline (Metrics)/400k - Dropped Metrics %   |
| cpu_percentage_normalized_avg | %           |     58.1985      | OTC STEF Baseline (Metrics)/400k - CPU % (Normalized)  |
| cpu_percentage_normalized_max | %           |     99.2983      | OTC STEF Baseline (Metrics)/400k - CPU % (Normalized)  |
| ram_mib_avg                   | MiB         |   1889.17        | OTC STEF Baseline (Metrics)/400k - RAM (MiB)           |
| ram_mib_max                   | MiB         |   3150.37        | OTC STEF Baseline (Metrics)/400k - RAM (MiB)           |
| metrics_produced_rate         | metrics/sec | 325124           | OTC STEF Baseline (Metrics)/400k - Metric Throughput   |
| metrics_received_rate         | metrics/sec | 327075           | OTC STEF Baseline (Metrics)/400k - Metric Throughput   |
| test_duration                 | seconds     |     20.0007      | OTC STEF Baseline (Metrics)/400k - Test Duration       |
| network_tx_bytes_rate_avg     | bytes/sec   |      2.94389e+06 | OTC STEF Baseline (Metrics)/400k - Network Utilization |
| network_rx_bytes_rate_avg     | bytes/sec   |      5.40468e+06 | OTC STEF Baseline (Metrics)/400k - Network Utilization |




================================================================================
DOCKER CONTAINER LOGS
================================================================================

================================================================================
Component: load-generator
Container ID: 307f77e74b613c97b74d014ff5b99416f5689cdb058b837c219508cbe3980f7a
================================================================================
System Information:
  Available CPU cores: 32
  Available memory: 112.74 GB / 117.92 GB
  Build mode: release
  Memory allocator: jemalloc

Available Component URNs:
  Receivers: urn:otel:receiver:host_metrics, urn:otel:receiver:internal_telemetry, urn:otel:receiver:otap, urn:otel:receiver:otlp, urn:otel:receiver:stef, urn:otel:receiver:syslog_cef, urn:otel:receiver:topic, urn:otel:receiver:traffic_generator
  Processors: urn:otel:processor:attribute, urn:otel:processor:batch, urn:otel:processor:content_router, urn:otel:processor:debug, urn:otel:processor:delay, urn:otel:processor:durable_buffer, urn:otel:processor:fanout, urn:otel:processor:filter, urn:otel:processor:log_sampling, urn:otel:processor:retry, urn:otel:processor:temporal_reaggregation, urn:otel:processor:transform, urn:otel:processor:type_router
  Exporters: urn:otel:exporter:console, urn:otel:exporter:error, urn:otel:exporter:noop, urn:otel:exporter:otap, urn:otel:exporter:otlp_grpc, urn:otel:exporter:otlp_http, urn:otel:exporter:parquet, urn:otel:exporter:perf, urn:otel:exporter:stef, urn:otel:exporter:topic

Example configuration files can be found in the configs/ directory.
[2m2026-05-19T23:08:14.778Z[0m  [32mINFO [0m [1motap-df-controller::pipeline.core_allocation[0m: [pipeline_group_id=default, pipeline_id=main, num_cores=6, core_allocation=2-7]
[2m2026-05-19T23:08:14.784Z[0m  [32mINFO [0m [1motap-df-contrib-nodes::stef.exporter.grpc.start[0m: [grpc_endpoint=http://go-collector:4320, stef_compression=None][35m entity/node.attrs: node.id=exporter node.urn=urn:otel:exporter:stef node.type=exporter pipeline.id=main pipeline.group.id=default deployment.generation=0 core.id=3 numa.node.id=0 process.instance.id=AGPEE7Z2HF5NBA7W3QXDOF3K6A host.id=307f77e74b61 container.id=[0m
[2m2026-05-19T23:08:14.784Z[0m  [32mINFO [0m [1motap-df-contrib-nodes::stef.exporter.grpc.start[0m: [grpc_endpoint=http://go-collector:4320, stef_compression=None][35m entity/node.attrs: node.id=exporter node.urn=urn:otel:exporter:stef node.type=exporter pipeline.id=main pipeline.group.id=default deployment.generation=0 core.id=4 numa.node.id=0 process.instance.id=AGPEE7Z2HF5NBA7W3QXDOF3K6A host.id=307f77e74b61 container.id=[0m
[2m2026-05-19T23:08:14.784Z[0m  [32mINFO [0m [1motap-df-contrib-nodes::stef.exporter.grpc.start[0m: [grpc_endpoint=http://go-collector:4320, stef_compression=None][35m entity/node.attrs: node.id=exporter node.urn=urn:otel:exporter:stef node.type=exporter pipeline.id=main pipeline.group.id=default deployment.generation=0 core.id=2 numa.node.id=0 process.instance.id=AGPEE7Z2HF5NBA7W3QXDOF3K6A host.id=307f77e74b61 container.id=[0m
[2m2026-05-19T23:08:14.784Z[0m  [32mINFO [0m [1motap-df-contrib-nodes::stef.exporter.grpc.start[0m: [grpc_endpoint=http://go-collector:4320, stef_compression=None][35m entity/node.attrs: node.id=exporter node.urn=urn:otel:exporter:stef node.type=exporter pipeline.id=main pipeline.group.id=default deployment.generation=0 core.id=7 numa.node.id=0 process.instance.id=AGPEE7Z2HF5NBA7W3QXDOF3K6A host.id=307f77e74b61 container.id=[0m
[2m2026-05-19T23:08:14.784Z[0m  [32mINFO [0m [1motap-df-contrib-nodes::stef.exporter.grpc.start[0m: [grpc_endpoint=http://go-collector:4320, stef_compression=None][35m entity/node.attrs: node.id=exporter node.urn=urn:otel:exporter:stef node.type=exporter pipeline.id=main pipeline.group.id=default deployment.generation=0 core.id=5 numa.node.id=0 process.instance.id=AGPEE7Z2HF5NBA7W3QXDOF3K6A host.id=307f77e74b61 container.id=[0m
[2m2026-05-19T23:08:14.785Z[0m  [32mINFO [0m [1motap-df-admin::endpoint.start[0m: Admin HTTP server listening [bind_address=0.0.0.0:8080][35m[0m
[2m2026-05-19T23:08:14.785Z[0m  [32mINFO [0m [1motap-df-contrib-nodes::stef.exporter.grpc.start[0m: [grpc_endpoint=http://go-collector:4320, stef_compression=None][35m entity/node.attrs: node.id=exporter node.urn=urn:otel:exporter:stef node.type=exporter pipeline.id=main pipeline.group.id=default deployment.generation=0 core.id=6 numa.node.id=0 process.instance.id=AGPEE7Z2HF5NBA7W3QXDOF3K6A host.id=307f77e74b61 container.id=[0m
[2m2026-05-19T23:08:40.757Z[0m  [32mINFO [0m [1motap-df-admin::shutdown.requested[0m: [wait=true, timeout_secs=5][35m[0m
[2m2026-05-19T23:08:40.757Z[0m  [32mINFO [0m [1motap-df-admin::shutdown.blocking_wait[0m: [timeout_secs=5][35m[0m
[2m2026-05-19T23:08:40.757Z[0m  [32mINFO [0m [1motap-df-state::state.observed_event[0m: global shutdown [pipeline_group_id=default, pipeline_id=main, core_id=2, event_type=ShutdownRequested][35m[0m
[2m2026-05-19T23:08:40.757Z[0m  [32mINFO [0m [1motap-df-state::state.observed_event[0m: global shutdown [pipeline_group_id=default, pipeline_id=main, core_id=3, event_type=ShutdownRequested][35m[0m
[2m2026-05-19T23:08:40.757Z[0m  [32mINFO [0m [1motap-df-state::state.observed_event[0m: global shutdown [pipeline_group_id=default, pipeline_id=main, core_id=4, event_type=ShutdownRequested][35m[0m
[2m2026-05-19T23:08:40.757Z[0m  [32mINFO [0m [1motap-df-state::state.observed_event[0m: global shutdown [pipeline_group_id=default, pipeline_id=main, core_id=5, event_type=ShutdownRequested][35m[0m
[2m2026-05-19T23:08:40.757Z[0m  [32mINFO [0m [1motap-df-state::state.observed_event[0m: global shutdown [pipeline_group_id=default, pipeline_id=main, core_id=6, event_type=ShutdownRequested][35m[0m
[2m2026-05-19T23:08:40.757Z[0m  [32mINFO [0m [1motap-df-state::state.observed_event[0m: global shutdown [pipeline_group_id=default, pipeline_id=main, core_id=7, event_type=ShutdownRequested][35m[0m
[2m2026-05-19T23:08:40.757Z[0m  [32mINFO [0m [1motap-df-core-nodes::traffic_generator.drain_ingress[0m[35m entity/node.attrs: node.id=receiver node.urn=urn:otel:receiver:traffic_generator node.type=receiver pipeline.id=main pipeline.group.id=default deployment.generation=0 core.id=2 numa.node.id=0 process.instance.id=AGPEE7Z2HF5NBA7W3QXDOF3K6A host.id=307f77e74b61 container.id=[0m
[2m2026-05-19T23:08:40.757Z[0m  [32mINFO [0m [1motap-df-core-nodes::traffic_generator.drain_ingress[0m[35m entity/node.attrs: node.id=receiver node.urn=urn:otel:receiver:traffic_generator node.type=receiver pipeline.id=main pipeline.group.id=default deployment.generation=0 core.id=4 numa.node.id=0 process.instance.id=AGPEE7Z2HF5NBA7W3QXDOF3K6A host.id=307f77e74b61 container.id=[0m
[2m2026-05-19T23:08:40.757Z[0m  [32mINFO [0m [1motap-df-core-nodes::traffic_generator.drain_ingress[0m[35m entity/node.attrs: node.id=receiver node.urn=urn:otel:receiver:traffic_generator node.type=receiver pipeline.id=main pipeline.group.id=default deployment.generation=0 core.id=3 numa.node.id=0 process.instance.id=AGPEE7Z2HF5NBA7W3QXDOF3K6A host.id=307f77e74b61 container.id=[0m
[2m2026-05-19T23:08:40.757Z[0m  [32mINFO [0m [1motap-df-core-nodes::traffic_generator.drain_ingress[0m[35m entity/node.attrs: node.id=receiver node.urn=urn:otel:receiver:traffic_generator node.type=receiver pipeline.id=main pipeline.group.id=default deployment.generation=0 core.id=5 numa.node.id=0 process.instance.id=AGPEE7Z2HF5NBA7W3QXDOF3K6A host.id=307f77e74b61 container.id=[0m
[2m2026-05-19T23:08:40.757Z[0m  [32mINFO [0m [1motap-df-core-nodes::traffic_generator.drain_ingress[0m[35m entity/node.attrs: node.id=receiver node.urn=urn:otel:receiver:traffic_generator node.type=receiver pipeline.id=main pipeline.group.id=default deployment.generation=0 core.id=7 numa.node.id=0 process.instance.id=AGPEE7Z2HF5NBA7W3QXDOF3K6A host.id=307f77e74b61 container.id=[0m
[2m2026-05-19T23:08:40.757Z[0m  [32mINFO [0m [1motap-df-core-nodes::traffic_generator.drain_ingress[0m[35m entity/node.attrs: node.id=receiver node.urn=urn:otel:receiver:traffic_generator node.type=receiver pipeline.id=main pipeline.group.id=default deployment.generation=0 core.id=6 numa.node.id=0 process.instance.id=AGPEE7Z2HF5NBA7W3QXDOF3K6A host.id=307f77e74b61 container.id=[0m
[2m2026-05-19T23:08:41.595Z[0m  [32mINFO [0m [1motap-df-contrib-nodes::stef.exporter.grpc.shutdown[0m[35m entity/node.attrs: node.id=exporter node.urn=urn:otel:exporter:stef node.type=exporter pipeline.id=main pipeline.group.id=default deployment.generation=0 core.id=2 numa.node.id=0 process.instance.id=AGPEE7Z2HF5NBA7W3QXDOF3K6A host.id=307f77e74b61 container.id=[0m
[2m2026-05-19T23:08:41.744Z[0m  [32mINFO [0m [1motap-df-contrib-nodes::stef.exporter.grpc.shutdown[0m[35m entity/node.attrs: node.id=exporter node.urn=urn:otel:exporter:stef node.type=exporter pipeline.id=main pipeline.group.id=default deployment.generation=0 core.id=4 numa.node.id=0 process.instance.id=AGPEE7Z2HF5NBA7W3QXDOF3K6A host.id=307f77e74b61 container.id=[0m
[2m2026-05-19T23:08:41.747Z[0m  [32mINFO [0m [1motap-df-contrib-nodes::stef.exporter.grpc.shutdown[0m[35m entity/node.attrs: node.id=exporter node.urn=urn:otel:exporter:stef node.type=exporter pipeline.id=main pipeline.group.id=default deployment.generation=0 core.id=7 numa.node.id=0 process.instance.id=AGPEE7Z2HF5NBA7W3QXDOF3K6A host.id=307f77e74b61 container.id=[0m
[2m2026-05-19T23:08:41.748Z[0m  [32mINFO [0m [1motap-df-contrib-nodes::stef.exporter.grpc.shutdown[0m[35m entity/node.attrs: node.id=exporter node.urn=urn:otel:exporter:stef node.type=exporter pipeline.id=main pipeline.group.id=default deployment.generation=0 core.id=3 numa.node.id=0 process.instance.id=AGPEE7Z2HF5NBA7W3QXDOF3K6A host.id=307f77e74b61 container.id=[0m
[2m2026-05-19T23:08:41.753Z[0m  [32mINFO [0m [1motap-df-contrib-nodes::stef.exporter.grpc.shutdown[0m[35m entity/node.attrs: node.id=exporter node.urn=urn:otel:exporter:stef node.type=exporter pipeline.id=main pipeline.group.id=default deployment.generation=0 core.id=5 numa.node.id=0 process.instance.id=AGPEE7Z2HF5NBA7W3QXDOF3K6A host.id=307f77e74b61 container.id=[0m
[2m2026-05-19T23:08:41.756Z[0m  [32mINFO [0m [1motap-df-contrib-nodes::stef.exporter.grpc.shutdown[0m[35m entity/node.attrs: node.id=exporter node.urn=urn:otel:exporter:stef node.type=exporter pipeline.id=main pipeline.group.id=default deployment.generation=0 core.id=6 numa.node.id=0 process.instance.id=AGPEE7Z2HF5NBA7W3QXDOF3K6A host.id=307f77e74b61 container.id=[0m
[2m2026-05-19T23:08:41.768Z[0m  [32mINFO [0m [1motap-df-admin::shutdown.completed[0m: [elapsed_ms=1011][35m[0m
[2m2026-05-19T23:08:41.770Z[0m  [32mINFO [0m [1motap-df-admin::shutdown.requested[0m: [wait=true, timeout_secs=5][35m[0m
[2m2026-05-19T23:08:41.770Z[0m  [32mINFO [0m [1motap-df-admin::shutdown.blocking_wait[0m: [timeout_secs=5][35m[0m
[2m2026-05-19T23:08:41.770Z[0m  [32mINFO [0m [1motap-df-admin::shutdown.completed[0m: [elapsed_ms=0][35m[0m

================================================================================
Component: go-collector
Container ID: b6267629e071d2e7b49a7c7dfc3e832dfcfe90c13f9559d5d2b0b858b45815d2
================================================================================
2026-05-19T23:08:13.503Z	info	otelconftelemetry/tracer.go:47	Internal trace telemetry disabled	{"resource": {"service.instance.id": "1ef3efc2-47fc-4750-bd49-c17828966d96", "service.name": "otelcol-contrib", "service.version": "0.152.0"}}
2026-05-19T23:08:13.505Z	info	service@v0.152.0/service.go:241	Starting otelcol-contrib...	{"resource": {"service.instance.id": "1ef3efc2-47fc-4750-bd49-c17828966d96", "service.name": "otelcol-contrib", "service.version": "0.152.0"}, "Version": "0.152.0", "NumCPU": 32}
2026-05-19T23:08:13.505Z	info	extensions/extensions.go:41	Starting extensions...	{"resource": {"service.instance.id": "1ef3efc2-47fc-4750-bd49-c17828966d96", "service.name": "otelcol-contrib", "service.version": "0.152.0"}}
2026-05-19T23:08:13.505Z	info	stefreceiver@v0.152.0/stef.go:50	Starting GRPC server	{"resource": {"service.instance.id": "1ef3efc2-47fc-4750-bd49-c17828966d96", "service.name": "otelcol-contrib", "service.version": "0.152.0"}, "otelcol.component.id": "stef", "otelcol.component.kind": "receiver", "otelcol.signal": "metrics", "endpoint": "0.0.0.0:4320"}
2026-05-19T23:08:13.505Z	info	service@v0.152.0/service.go:264	Everything is ready. Begin running and processing data.	{"resource": {"service.instance.id": "1ef3efc2-47fc-4750-bd49-c17828966d96", "service.name": "otelcol-contrib", "service.version": "0.152.0"}}
2026-05-19T23:08:41.596Z	error	stefreceiver@v0.152.0/stef.go:152	Cannot read from STEF/gRPC connection	{"resource": {"service.instance.id": "1ef3efc2-47fc-4750-bd49-c17828966d96", "service.name": "otelcol-contrib", "service.version": "0.152.0"}, "otelcol.component.id": "stef", "otelcol.component.kind": "receiver", "otelcol.signal": "metrics", "error": "EOF"}
github.com/open-telemetry/opentelemetry-collector-contrib/receiver/stefreceiver.(*stefReceiver).onStream
	github.com/open-telemetry/opentelemetry-collector-contrib/receiver/stefreceiver@v0.152.0/stef.go:152
github.com/splunk/stef/go/grpc.(*StreamServer).Stream
	github.com/splunk/stef/go/grpc@v0.1.1/server.go:235
github.com/splunk/stef/go/grpc/stef_proto._STEFDestination_Stream_Handler
	github.com/splunk/stef/go/grpc@v0.1.1/stef_proto/destination_grpc.pb.go:116
go.opentelemetry.io/collector/config/configgrpc.(*ServerConfig).getGrpcServerOptions.enhanceStreamWithClientInformation.func8
	go.opentelemetry.io/collector/config/configgrpc@v0.152.0/configgrpc.go:675
google.golang.org/grpc.(*Server).processStreamingRPC
	google.golang.org/grpc@v1.81.0/server.go:1723
google.golang.org/grpc.(*Server).handleStream
	google.golang.org/grpc@v1.81.0/server.go:1860
google.golang.org/grpc.(*Server).serveStreams.func2.1
	google.golang.org/grpc@v1.81.0/server.go:1065
2026-05-19T23:08:41.745Z	error	stefreceiver@v0.152.0/stef.go:152	Cannot read from STEF/gRPC connection	{"resource": {"service.instance.id": "1ef3efc2-47fc-4750-bd49-c17828966d96", "service.name": "otelcol-contrib", "service.version": "0.152.0"}, "otelcol.component.id": "stef", "otelcol.component.kind": "receiver", "otelcol.signal": "metrics", "error": "EOF"}
github.com/open-telemetry/opentelemetry-collector-contrib/receiver/stefreceiver.(*stefReceiver).onStream
	github.com/open-telemetry/opentelemetry-collector-contrib/receiver/stefreceiver@v0.152.0/stef.go:152
github.com/splunk/stef/go/grpc.(*StreamServer).Stream
	github.com/splunk/stef/go/grpc@v0.1.1/server.go:235
github.com/splunk/stef/go/grpc/stef_proto._STEFDestination_Stream_Handler
	github.com/splunk/stef/go/grpc@v0.1.1/stef_proto/destination_grpc.pb.go:116
go.opentelemetry.io/collector/config/configgrpc.(*ServerConfig).getGrpcServerOptions.enhanceStreamWithClientInformation.func8
	go.opentelemetry.io/collector/config/configgrpc@v0.152.0/configgrpc.go:675
google.golang.org/grpc.(*Server).processStreamingRPC
	google.golang.org/grpc@v1.81.0/server.go:1723
google.golang.org/grpc.(*Server).handleStream
	google.golang.org/grpc@v1.81.0/server.go:1860
google.golang.org/grpc.(*Server).serveStreams.func2.1
	google.golang.org/grpc@v1.81.0/server.go:1065
2026-05-19T23:08:41.747Z	error	stefreceiver@v0.152.0/stef.go:152	Cannot read from STEF/gRPC connection	{"resource": {"service.instance.id": "1ef3efc2-47fc-4750-bd49-c17828966d96", "service.name": "otelcol-contrib", "service.version": "0.152.0"}, "otelcol.component.id": "stef", "otelcol.component.kind": "receiver", "otelcol.signal": "metrics", "error": "EOF"}
github.com/open-telemetry/opentelemetry-collector-contrib/receiver/stefreceiver.(*stefReceiver).onStream
	github.com/open-telemetry/opentelemetry-collector-contrib/receiver/stefreceiver@v0.152.0/stef.go:152
github.com/splunk/stef/go/grpc.(*StreamServer).Stream
	github.com/splunk/stef/go/grpc@v0.1.1/server.go:235
github.com/splunk/stef/go/grpc/stef_proto._STEFDestination_Stream_Handler
	github.com/splunk/stef/go/grpc@v0.1.1/stef_proto/destination_grpc.pb.go:116
go.opentelemetry.io/collector/config/configgrpc.(*ServerConfig).getGrpcServerOptions.enhanceStreamWithClientInformation.func8
	go.opentelemetry.io/collector/config/configgrpc@v0.152.0/configgrpc.go:675
google.golang.org/grpc.(*Server).processStreamingRPC
	google.golang.org/grpc@v1.81.0/server.go:1723
google.golang.org/grpc.(*Server).handleStream
	google.golang.org/grpc@v1.81.0/server.go:1860
google.golang.org/grpc.(*Server).serveStreams.func2.1
	google.golang.org/grpc@v1.81.0/server.go:1065
2026-05-19T23:08:41.748Z	error	stefreceiver@v0.152.0/stef.go:152	Cannot read from STEF/gRPC connection	{"resource": {"service.instance.id": "1ef3efc2-47fc-4750-bd49-c17828966d96", "service.name": "otelcol-contrib", "service.version": "0.152.0"}, "otelcol.component.id": "stef", "otelcol.component.kind": "receiver", "otelcol.signal": "metrics", "error": "EOF"}
github.com/open-telemetry/opentelemetry-collector-contrib/receiver/stefreceiver.(*stefReceiver).onStream
	github.com/open-telemetry/opentelemetry-collector-contrib/receiver/stefreceiver@v0.152.0/stef.go:152
github.com/splunk/stef/go/grpc.(*StreamServer).Stream
	github.com/splunk/stef/go/grpc@v0.1.1/server.go:235
github.com/splunk/stef/go/grpc/stef_proto._STEFDestination_Stream_Handler
	github.com/splunk/stef/go/grpc@v0.1.1/stef_proto/destination_grpc.pb.go:116
go.opentelemetry.io/collector/config/configgrpc.(*ServerConfig).getGrpcServerOptions.enhanceStreamWithClientInformation.func8
	go.opentelemetry.io/collector/config/configgrpc@v0.152.0/configgrpc.go:675
google.golang.org/grpc.(*Server).processStreamingRPC
	google.golang.org/grpc@v1.81.0/server.go:1723
google.golang.org/grpc.(*Server).handleStream
	google.golang.org/grpc@v1.81.0/server.go:1860
google.golang.org/grpc.(*Server).serveStreams.func2.1
	google.golang.org/grpc@v1.81.0/server.go:1065
2026-05-19T23:08:41.753Z	error	stefreceiver@v0.152.0/stef.go:152	Cannot read from STEF/gRPC connection	{"resource": {"service.instance.id": "1ef3efc2-47fc-4750-bd49-c17828966d96", "service.name": "otelcol-contrib", "service.version": "0.152.0"}, "otelcol.component.id": "stef", "otelcol.component.kind": "receiver", "otelcol.signal": "metrics", "error": "EOF"}
github.com/open-telemetry/opentelemetry-collector-contrib/receiver/stefreceiver.(*stefReceiver).onStream
	github.com/open-telemetry/opentelemetry-collector-contrib/receiver/stefreceiver@v0.152.0/stef.go:152
github.com/splunk/stef/go/grpc.(*StreamServer).Stream
	github.com/splunk/stef/go/grpc@v0.1.1/server.go:235
github.com/splunk/stef/go/grpc/stef_proto._STEFDestination_Stream_Handler
	github.com/splunk/stef/go/grpc@v0.1.1/stef_proto/destination_grpc.pb.go:116
go.opentelemetry.io/collector/config/configgrpc.(*ServerConfig).getGrpcServerOptions.enhanceStreamWithClientInformation.func8
	go.opentelemetry.io/collector/config/configgrpc@v0.152.0/configgrpc.go:675
google.golang.org/grpc.(*Server).processStreamingRPC
	google.golang.org/grpc@v1.81.0/server.go:1723
google.golang.org/grpc.(*Server).handleStream
	google.golang.org/grpc@v1.81.0/server.go:1860
google.golang.org/grpc.(*Server).serveStreams.func2.1
	google.golang.org/grpc@v1.81.0/server.go:1065
2026-05-19T23:08:41.756Z	error	stefreceiver@v0.152.0/stef.go:152	Cannot read from STEF/gRPC connection	{"resource": {"service.instance.id": "1ef3efc2-47fc-4750-bd49-c17828966d96", "service.name": "otelcol-contrib", "service.version": "0.152.0"}, "otelcol.component.id": "stef", "otelcol.component.kind": "receiver", "otelcol.signal": "metrics", "error": "EOF"}
github.com/open-telemetry/opentelemetry-collector-contrib/receiver/stefreceiver.(*stefReceiver).onStream
	github.com/open-telemetry/opentelemetry-collector-contrib/receiver/stefreceiver@v0.152.0/stef.go:152
github.com/splunk/stef/go/grpc.(*StreamServer).Stream
	github.com/splunk/stef/go/grpc@v0.1.1/server.go:235
github.com/splunk/stef/go/grpc/stef_proto._STEFDestination_Stream_Handler
	github.com/splunk/stef/go/grpc@v0.1.1/stef_proto/destination_grpc.pb.go:116
go.opentelemetry.io/collector/config/configgrpc.(*ServerConfig).getGrpcServerOptions.enhanceStreamWithClientInformation.func8
	go.opentelemetry.io/collector/config/configgrpc@v0.152.0/configgrpc.go:675
google.golang.org/grpc.(*Server).processStreamingRPC
	google.golang.org/grpc@v1.81.0/server.go:1723
google.golang.org/grpc.(*Server).handleStream
	google.golang.org/grpc@v1.81.0/server.go:1860
google.golang.org/grpc.(*Server).serveStreams.func2.1
	google.golang.org/grpc@v1.81.0/server.go:1065

================================================================================
Component: backend-service
Container ID: 9cfb3a4caa624458f29bab93fa9f1935ff609e911c07c1e772e5f2a232424fc3
================================================================================
System Information:
  Available CPU cores: 32
  Available memory: 112.78 GB / 117.92 GB
  Build mode: release
  Memory allocator: jemalloc

Available Component URNs:
  Receivers: urn:otel:receiver:host_metrics, urn:otel:receiver:internal_telemetry, urn:otel:receiver:otap, urn:otel:receiver:otlp, urn:otel:receiver:stef, urn:otel:receiver:syslog_cef, urn:otel:receiver:topic, urn:otel:receiver:traffic_generator
  Processors: urn:otel:processor:attribute, urn:otel:processor:batch, urn:otel:processor:content_router, urn:otel:processor:debug, urn:otel:processor:delay, urn:otel:processor:durable_buffer, urn:otel:processor:fanout, urn:otel:processor:filter, urn:otel:processor:log_sampling, urn:otel:processor:retry, urn:otel:processor:temporal_reaggregation, urn:otel:processor:transform, urn:otel:processor:type_router
  Exporters: urn:otel:exporter:console, urn:otel:exporter:error, urn:otel:exporter:noop, urn:otel:exporter:otap, urn:otel:exporter:otlp_grpc, urn:otel:exporter:otlp_http, urn:otel:exporter:parquet, urn:otel:exporter:perf, urn:otel:exporter:stef, urn:otel:exporter:topic

Example configuration files can be found in the configs/ directory.
[2m2026-05-19T23:08:12.163Z[0m  [32mINFO [0m [1motap-df-controller::pipeline.core_allocation[0m: [pipeline_group_id=default, pipeline_id=main, num_cores=1, core_allocation=1]
[2m2026-05-19T23:08:12.165Z[0m  [32mINFO [0m [1motap-df-core-nodes::perf_exporter.start[0m: Starting Perf Exporter [frequency_ms=500][35m entity/node.attrs: node.id=perf node.urn=urn:otel:exporter:perf node.type=exporter pipeline.id=main pipeline.group.id=default deployment.generation=0 core.id=1 numa.node.id=0 process.instance.id=AGPEE7ZQAJ3RFJPTJCYGOLK7SQ host.id=9cfb3a4caa62 container.id=[0m
[2m2026-05-19T23:08:12.165Z[0m  [32mINFO [0m [1motap-df-contrib-nodes::stef.receiver.grpc.start[0m: Starting STEF gRPC receiver [endpoint=0.0.0.0:1235][35m entity/node.attrs: node.id=receiver node.urn=urn:otel:receiver:stef node.type=receiver pipeline.id=main pipeline.group.id=default deployment.generation=0 core.id=1 numa.node.id=0 process.instance.id=AGPEE7ZQAJ3RFJPTJCYGOLK7SQ host.id=9cfb3a4caa62 container.id=[0m
[2m2026-05-19T23:08:12.165Z[0m  [32mINFO [0m [1motap-df-admin::endpoint.start[0m: Admin HTTP server listening [bind_address=0.0.0.0:8080][35m[0m

================================================================================
END OF CONTAINER LOGS
================================================================================
[2026-05-19 23:09:09] INFO | ctx.type=- ctx.name=- | Starting Test: 700k
[2026-05-19 23:09:09] INFO | ctx.type=ScenarioContext ctx.name=700k | Running 11 test steps...
[2026-05-19 23:09:09] INFO | ctx.type=FrameworkElementHookContext ctx.name=RenderTemplateHook (pre_run) | Rendered template saved to .data/otc_metrics_stef_none_baseline/20260519_230617/tests/700k/backend-config.rendered.yaml
[2026-05-19 23:09:09] INFO | ctx.type=StepContext ctx.name=Deploy Backend Engine | Executing main step action...
[2026-05-19 23:09:11] INFO | ctx.type=FrameworkElementHookContext ctx.name=ReadyCheckHttpHook (post_run) | Ready check passed on attempt 2
[2026-05-19 23:09:11] INFO | ctx.type=FrameworkElementHookContext ctx.name=RenderTemplateHook (pre_run) | Rendered template saved to .data/otc_metrics_stef_none_baseline/20260519_230617/tests/700k/otelcol-config.rendered.yaml
[2026-05-19 23:09:11] INFO | ctx.type=StepContext ctx.name=Deploy Go Collector | Executing main step action...
[2026-05-19 23:09:12] INFO | ctx.type=FrameworkElementHookContext ctx.name=ReadyCheckHttpHook (post_run) | Ready check passed on attempt 2
[2026-05-19 23:09:12] INFO | ctx.type=FrameworkElementHookContext ctx.name=RenderTemplateHook (pre_run) | Rendered template saved to .data/otc_metrics_stef_none_baseline/20260519_230617/tests/700k/loadgen-config.rendered.yaml
[2026-05-19 23:09:12] INFO | ctx.type=StepContext ctx.name=Deploy Load Generator | Executing main step action...
[2026-05-19 23:09:13] INFO | ctx.type=FrameworkElementHookContext ctx.name=ReadyCheckHttpHook (post_run) | Ready check passed on attempt 2
[2026-05-19 23:09:13] INFO | ctx.type=StepContext ctx.name=Monitor All | Executing main step action...
[2026-05-19 23:09:13] INFO | ctx.type=StepContext ctx.name=Wait for data | Executing main step action...
[2026-05-19 23:09:18] INFO | ctx.type=StepContext ctx.name=Observe Load | Executing main step action...
[2026-05-19 23:09:39] INFO | ctx.type=StepContext ctx.name=Stop Load Generator | Executing main step action...
[2026-05-19 23:09:39] INFO | ctx.type=StepContext ctx.name=Stop Backend | Executing main step action...
[2026-05-19 23:09:39] INFO | ctx.type=StepContext ctx.name=Stop Monitoring All | Executing main step action...
[2026-05-19 23:09:44] INFO | ctx.type=StepContext ctx.name=Destroy All | Executing main step action...
[2026-05-19 23:10:05] INFO | ctx.type=StepContext ctx.name=Run Report | Executing main step action...

# OTel Collector 600k - OTC STEF Baseline (Metrics)

## Table: metadata_filtered
  
**Description**: Information about the test suite and report.
  
| Attribute        | Value                                             |
|:-----------------|:--------------------------------------------------|
| test.suite.start | 2026-05-19T23:06:18.508797+00:00                  |
| test.suite       | OTC STEF Baseline (Metrics)                       |
| test.step        | Run Report                                        |
| test.start       | 2026-05-19T23:08:11.839937+00:00                  |
| test.name        | 600k                                              |
| report.type      | sql_report                                        |
| report.time      | 2026-05-19T23:09:07.040261+00:00                  |
| report.name      | OTel Collector 600k - OTC STEF Baseline (Metrics) |
| code.sha         | 6eafd2676d480c0c3d2671aafbb0fb44f5b2a587          |
| code.dirty       | True                                              |
| code.branch      | stef-benchmarks                                   |


## Table: send_receive_rates_by_core
  
**Description**: Core Specific increase and average rate of various send / receive metrics
  
| component_name   | metric_name      |   core_id |   total_increase |   average_rate |
|:-----------------|:-----------------|----------:|-----------------:|---------------:|
| backend-service  | metrics          |         1 |      8.97345e+06 |       468948   |
| load-generator   | metrics_produced |         2 |      1.5606e+06  |        79918.8 |
| load-generator   | metrics_produced |         3 |      1.54673e+06 |        78956.9 |
| load-generator   | metrics_produced |         4 |      1.6473e+06  |        83866.3 |
| load-generator   | metrics_produced |         5 |      1.64903e+06 |        84009.8 |
| load-generator   | metrics_produced |         6 |      1.64123e+06 |        83596.3 |
| load-generator   | metrics_produced |         7 |      1.62476e+06 |        82791.3 |


## Table: aggregate_send_receive_rates
  
**Description**: Cumulative increase and average rate of various send / receive metrics
  
| component_name   | metric_name      |   total_increase |   average_rate |
|:-----------------|:-----------------|-----------------:|---------------:|
| load-generator   | metrics_produced |      9.66965e+06 |         493139 |
| backend-service  | metrics          |      8.97345e+06 |         468948 |


## Table: component_resource_metrics
  
**Description**: CPU and Memory metrics for the components in the Test Suite during the test.
  
| component_name   | metric_name            |   min_value |   avg_value |   max_value |
|:-----------------|:-----------------------|------------:|------------:|------------:|
| load-generator   | container.cpu.usage    | 0.38717     | 0.44769     | 0.472863    |
| load-generator   | container.memory.usage | 4.685e+08   | 4.71052e+08 | 4.77852e+08 |
| go-collector     | container.memory.usage | 1.20248e+09 | 3.10874e+09 | 4.75207e+09 |
| go-collector     | container.cpu.usage    | 0.531985    | 0.683138    | 1.00129     |
| backend-service  | container.cpu.usage    | 0.191031    | 0.224098    | 0.25018     |
| backend-service  | container.memory.usage | 6.1481e+07  | 6.39521e+07 | 6.66337e+07 |


## Table: metric_loss
  
**Description**: Lost metrics (failed or sent but not received) total and as a percentage
  
|   metrics_lost |   metrics_lost_pct |
|---------------:|-------------------:|
|         696201 |          0.0719986 |


## Table: metric_throughput_rates
  
**Description**: Metric throughput rates (metrics/sec) calculated from total counts and observation window duration
  
| metric_name      |   total_increase |   metrics_per_second |
|:-----------------|-----------------:|---------------------:|
| metrics_produced |      9.66965e+06 |               490809 |
| metrics          |      8.97345e+06 |               467533 |


## Table: gh_actions_benchmark
  
**Description**: The final metrics used with gh_actions_benchmark.
  
| name                          | unit        |            value | extra                                                  |
|:------------------------------|:------------|-----------------:|:-------------------------------------------------------|
| dropped_metrics_percentage    | %           |      7.19986     | OTC STEF Baseline (Metrics)/600k - Dropped Metrics %   |
| cpu_percentage_normalized_avg | %           |     68.3138      | OTC STEF Baseline (Metrics)/600k - CPU % (Normalized)  |
| cpu_percentage_normalized_max | %           |    100.129       | OTC STEF Baseline (Metrics)/600k - CPU % (Normalized)  |
| ram_mib_avg                   | MiB         |   2964.72        | OTC STEF Baseline (Metrics)/600k - RAM (MiB)           |
| ram_mib_max                   | MiB         |   4531.93        | OTC STEF Baseline (Metrics)/600k - RAM (MiB)           |
| metrics_produced_rate         | metrics/sec | 490809           | OTC STEF Baseline (Metrics)/600k - Metric Throughput   |
| metrics_received_rate         | metrics/sec | 467533           | OTC STEF Baseline (Metrics)/600k - Metric Throughput   |
| test_duration                 | seconds     |     20.0006      | OTC STEF Baseline (Metrics)/600k - Test Duration       |
| network_tx_bytes_rate_avg     | bytes/sec   |      4.39098e+06 | OTC STEF Baseline (Metrics)/600k - Network Utilization |
| network_rx_bytes_rate_avg     | bytes/sec   |      8.037e+06   | OTC STEF Baseline (Metrics)/600k - Network Utilization |




================================================================================
DOCKER CONTAINER LOGS
================================================================================

================================================================================
Component: load-generator
Container ID: 3392e8f7e2ddaf58510906ab9dcbeceee66506069bcdec4908edb1bfca959265
================================================================================
System Information:
  Available CPU cores: 32
  Available memory: 112.62 GB / 117.92 GB
  Build mode: release
  Memory allocator: jemalloc

Available Component URNs:
  Receivers: urn:otel:receiver:host_metrics, urn:otel:receiver:internal_telemetry, urn:otel:receiver:otap, urn:otel:receiver:otlp, urn:otel:receiver:stef, urn:otel:receiver:syslog_cef, urn:otel:receiver:topic, urn:otel:receiver:traffic_generator
  Processors: urn:otel:processor:attribute, urn:otel:processor:batch, urn:otel:processor:content_router, urn:otel:processor:debug, urn:otel:processor:delay, urn:otel:processor:durable_buffer, urn:otel:processor:fanout, urn:otel:processor:filter, urn:otel:processor:log_sampling, urn:otel:processor:retry, urn:otel:processor:temporal_reaggregation, urn:otel:processor:transform, urn:otel:processor:type_router
  Exporters: urn:otel:exporter:console, urn:otel:exporter:error, urn:otel:exporter:noop, urn:otel:exporter:otap, urn:otel:exporter:otlp_grpc, urn:otel:exporter:otlp_http, urn:otel:exporter:parquet, urn:otel:exporter:perf, urn:otel:exporter:stef, urn:otel:exporter:topic

Example configuration files can be found in the configs/ directory.
[2m2026-05-19T23:09:12.781Z[0m  [32mINFO [0m [1motap-df-controller::pipeline.core_allocation[0m: [pipeline_group_id=default, pipeline_id=main, num_cores=7, core_allocation=2-8]
[2m2026-05-19T23:09:12.786Z[0m  [32mINFO [0m [1motap-df-contrib-nodes::stef.exporter.grpc.start[0m: [grpc_endpoint=http://go-collector:4320, stef_compression=None][35m entity/node.attrs: node.id=exporter node.urn=urn:otel:exporter:stef node.type=exporter pipeline.id=main pipeline.group.id=default deployment.generation=0 core.id=2 numa.node.id=0 process.instance.id=AGPEFAA4ZV6NFG4YR6VL5ZRUHA host.id=3392e8f7e2dd container.id=[0m
[2m2026-05-19T23:09:12.787Z[0m  [32mINFO [0m [1motap-df-contrib-nodes::stef.exporter.grpc.start[0m: [grpc_endpoint=http://go-collector:4320, stef_compression=None][35m entity/node.attrs: node.id=exporter node.urn=urn:otel:exporter:stef node.type=exporter pipeline.id=main pipeline.group.id=default deployment.generation=0 core.id=6 numa.node.id=0 process.instance.id=AGPEFAA4ZV6NFG4YR6VL5ZRUHA host.id=3392e8f7e2dd container.id=[0m
[2m2026-05-19T23:09:12.788Z[0m  [32mINFO [0m [1motap-df-contrib-nodes::stef.exporter.grpc.start[0m: [grpc_endpoint=http://go-collector:4320, stef_compression=None][35m entity/node.attrs: node.id=exporter node.urn=urn:otel:exporter:stef node.type=exporter pipeline.id=main pipeline.group.id=default deployment.generation=0 core.id=3 numa.node.id=0 process.instance.id=AGPEFAA4ZV6NFG4YR6VL5ZRUHA host.id=3392e8f7e2dd container.id=[0m
[2m2026-05-19T23:09:12.788Z[0m  [32mINFO [0m [1motap-df-contrib-nodes::stef.exporter.grpc.start[0m: [grpc_endpoint=http://go-collector:4320, stef_compression=None][35m entity/node.attrs: node.id=exporter node.urn=urn:otel:exporter:stef node.type=exporter pipeline.id=main pipeline.group.id=default deployment.generation=0 core.id=5 numa.node.id=0 process.instance.id=AGPEFAA4ZV6NFG4YR6VL5ZRUHA host.id=3392e8f7e2dd container.id=[0m
[2m2026-05-19T23:09:12.788Z[0m  [32mINFO [0m [1motap-df-contrib-nodes::stef.exporter.grpc.start[0m: [grpc_endpoint=http://go-collector:4320, stef_compression=None][35m entity/node.attrs: node.id=exporter node.urn=urn:otel:exporter:stef node.type=exporter pipeline.id=main pipeline.group.id=default deployment.generation=0 core.id=7 numa.node.id=0 process.instance.id=AGPEFAA4ZV6NFG4YR6VL5ZRUHA host.id=3392e8f7e2dd container.id=[0m
[2m2026-05-19T23:09:12.788Z[0m  [32mINFO [0m [1motap-df-contrib-nodes::stef.exporter.grpc.start[0m: [grpc_endpoint=http://go-collector:4320, stef_compression=None][35m entity/node.attrs: node.id=exporter node.urn=urn:otel:exporter:stef node.type=exporter pipeline.id=main pipeline.group.id=default deployment.generation=0 core.id=4 numa.node.id=0 process.instance.id=AGPEFAA4ZV6NFG4YR6VL5ZRUHA host.id=3392e8f7e2dd container.id=[0m
[2m2026-05-19T23:09:12.789Z[0m  [32mINFO [0m [1motap-df-contrib-nodes::stef.exporter.grpc.start[0m: [grpc_endpoint=http://go-collector:4320, stef_compression=None][35m entity/node.attrs: node.id=exporter node.urn=urn:otel:exporter:stef node.type=exporter pipeline.id=main pipeline.group.id=default deployment.generation=0 core.id=8 numa.node.id=0 process.instance.id=AGPEFAA4ZV6NFG4YR6VL5ZRUHA host.id=3392e8f7e2dd container.id=[0m
[2m2026-05-19T23:09:12.789Z[0m  [32mINFO [0m [1motap-df-admin::endpoint.start[0m: Admin HTTP server listening [bind_address=0.0.0.0:8080][35m[0m
[2m2026-05-19T23:09:15.500Z[0m  [33mWARN [0m [1motap-df-core-nodes::traffic_generator.smooth_run_behind[0m: Data generator is falling behind and didn't finish the current run. For highest possible throughput, use production_mode: open [remaining=1, remaining_items=867][35m entity/node.attrs: node.id=receiver node.urn=urn:otel:receiver:traffic_generator node.type=receiver pipeline.id=main pipeline.group.id=default deployment.generation=0 core.id=2 numa.node.id=0 process.instance.id=AGPEFAA4ZV6NFG4YR6[2m2026-05-19T23:09:20.712Z[0m  [33mWARN [0m [1motap-df-core-nodes::traffic_generator.smooth_run_behind[0m: Data generator is falling behind and didn't finish the current run. For highest possible throughput, use production_mode: open [remaining=9, remaining_items=7803][35m entity/node.attrs: node.id=receiver node.urn=urn:otel:receiver:traffic_generator node.type=receiver pipeline.id=main pipeline.group.id=default deployment.generation=0 core.id=7 numa.node.id=0 process.instance.id=AGPEFAA4ZV6NFG4YR[2m2026-05-19T23:09:21.498Z[0m  [33mWARN [0m [1motap-df-core-nodes::traffic_generator.smooth_run_behind[0m: Data generator is falling behind and didn't finish the current run. For highest possible throughput, use production_mode: open [remaining=3, remaining_items=2601][35m entity/node.attrs: node.id=receiver node.urn=urn:otel:receiver:traffic_generator node.type=receiver pipeline.id=main pipeline.group.id=default deployment.generation=0 core.id=8 numa.node.id=0 process.instance.id=AGPEFAA4ZV6NFG4YR[2m2026-05-19T23:09:21.572Z[0m  [33mWARN [0m [1motap-df-core-nodes::traffic_generator.smooth_run_behind[0m: Data generator is falling behind and didn't finish the current run. For highest possible throughput, use production_mode: open [remaining=9, remaining_items=7803][35m entity/node.attrs: node.id=receiver node.urn=urn:otel:receiver:traffic_generator node.type=receiver pipeline.id=main pipeline.group.id=default deployment.generation=0 core.id=3 numa.node.id=0 process.instance.id=AGPEFAA4ZV6NFG4YR[2m2026-05-19T23:09:21.631Z[0m  [33mWARN [0m [1motap-df-core-nodes::traffic_generator.smooth_run_behind[0m: Data generator is falling behind and didn't finish the current run. For highest possible throughput, use production_mode: open [remaining=7, remaining_items=6069][35m entity/node.attrs: node.id=receiver node.urn=urn:otel:receiver:traffic_generator node.type=receiver pipeline.id=main pipeline.group.id=default deployment.generation=0 core.id=5 numa.node.id=0 process.instance.id=AGPEFAA4ZV6NFG4YR[2m2026-05-19T23:09:21.671Z[0m  [33mWARN [0m [1motap-df-core-nodes::traffic_generator.smooth_run_behind[0m: Data generator is falling behind and didn't finish the current run. For highest possible throughput, use production_mode: open [remaining=9, remaining_items=7803][35m entity/node.attrs: node.id=receiver node.urn=urn:otel:receiver:traffic_generator node.type=receiver pipeline.id=main pipeline.group.id=default deployment.generation=0 core.id=6 numa.node.id=0 process.instance.id=AGPEFAA4ZV6NFG4YR[2m2026-05-19T23:09:23.500Z[0m  [33mWARN [0m [1motap-df-core-nodes::traffic_generator.smooth_run_behind[0m: Data generator is falling behind and didn't finish the current run. For highest possible throughput, use production_mode: open [remaining=21, remaining_items=18207][35m entity/node.attrs: node.id=receiver node.urn=urn:otel:receiver:traffic_generator node.type=receiver pipeline.id=main pipeline.group.id=default deployment.generation=0 core.id=8 numa.node.id=0 process.instance.id=AGPEFAA4ZV6NFG4[2m2026-05-19T23:09:23.502Z[0m  [33mWARN [0m [1motap-df-core-nodes::traffic_generator.smooth_run_behind[0m: Data generator is falling behind and didn't finish the current run. For highest possible throughput, use production_mode: open [remaining=16, remaining_items=13872][35m entity/node.attrs: node.id=receiver node.urn=urn:otel:receiver:traffic_generator node.type=receiver pipeline.id=main pipeline.group.id=default deployment.generation=0 core.id=2 numa.node.id=0 process.instance.id=AGPEFAA4ZV6NFG4[2m2026-05-19T23:09:23.574Z[0m  [33mWARN [0m [1motap-df-core-nodes::traffic_generator.smooth_run_behind[0m: Data generator is falling behind and didn't finish the current run. For highest possible throughput, use production_mode: open [remaining=30, remaining_items=26010][35m entity/node.attrs: node.id=receiver node.urn=urn:otel:receiver:traffic_generator node.type=receiver pipeline.id=main pipeline.group.id=default deployment.generation=0 core.id=3 numa.node.id=0 process.instance.id=AGPEFAA4ZV6NFG4[2m2026-05-19T23:09:23.633Z[0m  [33mWARN [0m [1motap-df-core-nodes::traffic_generator.smooth_run_behind[0m: Data generator is falling behind and didn't finish the current run. For highest possible throughput, use production_mode: open [remaining=27, remaining_items=23409][35m entity/node.attrs: node.id=receiver node.urn=urn:otel:receiver:traffic_generator node.type=receiver pipeline.id=main pipeline.group.id=default deployment.generation=0 core.id=5 numa.node.id=0 process.instance.id=AGPEFAA4ZV6NFG4[2m2026-05-19T23:09:23.673Z[0m  [33mWARN [0m [1motap-df-core-nodes::traffic_generator.smooth_run_behind[0m: Data generator is falling behind and didn't finish the current run. For highest possible throughput, use production_mode: open [remaining=29, remaining_items=25143][35m entity/node.attrs: node.id=receiver node.urn=urn:otel:receiver:traffic_generator node.type=receiver pipeline.id=main pipeline.group.id=default deployment.generation=0 core.id=6 numa.node.id=0 process.instance.id=AGPEFAA4ZV6NFG4[2m2026-05-19T23:09:23.755Z[0m  [33mWARN [0m [1motap-df-core-nodes::traffic_generator.smooth_run_behind[0m: Data generator is falling behind and didn't finish the current run. For highest possible throughput, use production_mode: open [remaining=28, remaining_items=24276][35m entity/node.attrs: node.id=receiver node.urn=urn:otel:receiver:traffic_generator node.type=receiver pipeline.id=main pipeline.group.id=default deployment.generation=0 core.id=4 numa.node.id=0 process.instance.id=AGPEFAA4ZV6NFG4[2m2026-05-19T23:09:24.633Z[0m  [33mWARN [0m [1motap-df-core-nodes::traffic_generator.smooth_run_behind[0m: Data generator is falling behind and didn't finish the current run. For highest possible throughput, use production_mode: open [remaining=26, remaining_items=22542][35m entity/node.attrs: node.id=receiver node.urn=urn:otel:receiver:traffic_generator node.type=receiver pipeline.id=main pipeline.group.id=default deployment.generation=0 core.id=5 numa.node.id=0 process.instance.id=AGPEFAA4ZV6NFG4[2m2026-05-19T23:09:24.673Z[0m  [33mWARN [0m [1motap-df-core-nodes::traffic_generator.smooth_run_behind[0m: Data generator is falling behind and didn't finish the current run. For highest possible throughput, use production_mode: open [remaining=21, remaining_items=18207][35m entity/node.attrs: node.id=receiver node.urn=urn:otel:receiver:traffic_generator node.type=receiver pipeline.id=main pipeline.group.id=default deployment.generation=0 core.id=6 numa.node.id=0 process.instance.id=AGPEFAA4ZV6NFG4[2m2026-05-19T23:09:24.753Z[0m  [33mWARN [0m [1motap-df-core-nodes::traffic_generator.smooth_run_behind[0m: Data generator is falling behind and didn't finish the current run. For highest possible throughput, use production_mode: open [remaining=17, remaining_items=14739][35m entity/node.attrs: node.id=receiver node.urn=urn:otel:receiver:traffic_generator node.type=receiver pipeline.id=main pipeline.group.id=default deployment.generation=0 core.id=4 numa.node.id=0 process.instance.id=AGPEFAA4ZV6NFG4[2m2026-05-19T23:09:27.633Z[0m  [33mWARN [0m [1motap-df-core-nodes::traffic_generator.smooth_run_behind[0m: Data generator is falling behind and didn't finish the current run. For highest possible throughput, use production_mode: open [remaining=27, remaining_items=23409][35m entity/node.attrs: node.id=receiver node.urn=urn:otel:receiver:traffic_generator node.type=receiver pipeline.id=main pipeline.group.id=default deployment.generation=0 core.id=5 numa.node.id=0 process.instance.id=AGPEFAA4ZV6NFG4[2m2026-05-19T23:09:27.674Z[0m  [33mWARN [0m [1motap-df-core-nodes::traffic_generator.smooth_run_behind[0m: Data generator is falling behind and didn't finish the current run. For highest possible throughput, use production_mode: open [remaining=29, remaining_items=25143][35m entity/node.attrs: node.id=receiver node.urn=urn:otel:receiver:traffic_generator node.type=receiver pipeline.id=main pipeline.group.id=default deployment.generation=0 core.id=6 numa.node.id=0 process.instance.id=AGPEFAA4ZV6NFG4[2m2026-05-19T23:09:27.712Z[0m  [33mWARN [0m [1motap-df-core-nodes::traffic_generator.smooth_run_behind[0m: Data generator is falling behind and didn't finish the current run. For highest possible throughput, use production_mode: open [remaining=8, remaining_items=6936][35m entity/node.attrs: node.id=receiver node.urn=urn:otel:receiver:traffic_generator node.type=receiver pipeline.id=main pipeline.group.id=default deployment.generation=0 core.id=7 numa.node.id=0 process.instance.id=AGPEFAA4ZV6NFG4YR[2m2026-05-19T23:09:27.754Z[0m  [33mWARN [0m [1motap-df-core-nodes::traffic_generator.smooth_run_behind[0m: Data generator is falling behind and didn't finish the current run. For highest possible throughput, use production_mode: open [remaining=27, remaining_items=23409][35m entity/node.attrs: node.id=receiver node.urn=urn:otel:receiver:traffic_generator node.type=receiver pipeline.id=main pipeline.group.id=default deployment.generation=0 core.id=4 numa.node.id=0 process.instance.id=AGPEFAA4ZV6NFG4[2m2026-05-19T23:09:28.497Z[0m  [33mWARN [0m [1motap-df-core-nodes::traffic_generator.smooth_run_behind[0m: Data generator is falling behind and didn't finish the current run. For highest possible throughput, use production_mode: open [remaining=1, remaining_items=867][35m entity/node.attrs: node.id=receiver node.urn=urn:otel:receiver:traffic_generator node.type=receiver pipeline.id=main pipeline.group.id=default deployment.generation=0 core.id=8 numa.node.id=0 process.instance.id=AGPEFAA4ZV6NFG4YR6[2m2026-05-19T23:09:28.573Z[0m  [33mWARN [0m [1motap-df-core-nodes::traffic_generator.smooth_run_behind[0m: Data generator is falling behind and didn't finish the current run. For highest possible throughput, use production_mode: open [remaining=16, remaining_items=13872][35m entity/node.attrs: node.id=receiver node.urn=urn:otel:receiver:traffic_generator node.type=receiver pipeline.id=main pipeline.group.id=default deployment.generation=0 core.id=3 numa.node.id=0 process.instance.id=AGPEFAA4ZV6NFG4[2m2026-05-19T23:09:28.634Z[0m  [33mWARN [0m [1motap-df-core-nodes::traffic_generator.smooth_run_behind[0m: Data generator is falling behind and didn't finish the current run. For highest possible throughput, use production_mode: open [remaining=37, remaining_items=32079][35m entity/node.attrs: node.id=receiver node.urn=urn:otel:receiver:traffic_generator node.type=receiver pipeline.id=main pipeline.group.id=default deployment.generation=0 core.id=5 numa.node.id=0 process.instance.id=AGPEFAA4ZV6NFG4[2m2026-05-19T23:09:28.715Z[0m  [33mWARN [0m [1motap-df-core-nodes::traffic_generator.smooth_run_behind[0m: Data generator is falling behind and didn't finish the current run. For highest possible throughput, use production_mode: open [remaining=37, remaining_items=32079][35m entity/node.attrs: node.id=receiver node.urn=urn:otel:receiver:traffic_generator node.type=receiver pipeline.id=main pipeline.group.id=default deployment.generation=0 core.id=7 numa.node.id=0 process.instance.id=AGPEFAA4ZV6NFG4[2m2026-05-19T23:09:29.502Z[0m  [33mWARN [0m [1motap-df-core-nodes::traffic_generator.smooth_run_behind[0m: Data generator is falling behind and didn't finish the current run. For highest possible throughput, use production_mode: open [remaining=19, remaining_items=16473][35m entity/node.attrs: node.id=receiver node.urn=urn:otel:receiver:traffic_generator node.type=receiver pipeline.id=main pipeline.group.id=default deployment.generation=0 core.id=2 numa.node.id=0 process.instance.id=AGPEFAA4ZV6NFG4[2m2026-05-19T23:09:29.575Z[0m  [33mWARN [0m [1motap-df-core-nodes::traffic_generator.smooth_run_behind[0m: Data generator is falling behind and didn't finish the current run. For highest possible throughput, use production_mode: open [remaining=27, remaining_items=23409][35m entity/node.attrs: node.id=receiver node.urn=urn:otel:receiver:traffic_generator node.type=receiver pipeline.id=main pipeline.group.id=default deployment.generation=0 core.id=3 numa.node.id=0 process.instance.id=AGPEFAA4ZV6NFG4[2m2026-05-19T23:09:29.632Z[0m  [33mWARN [0m [1motap-df-core-nodes::traffic_generator.smooth_run_behind[0m: Data generator is falling behind and didn't finish the current run. For highest possible throughput, use production_mode: open [remaining=18, remaining_items=15606][35m entity/node.attrs: node.id=receiver node.urn=urn:otel:receiver:traffic_generator node.type=receiver pipeline.id=main pipeline.group.id=default deployment.generation=0 core.id=5 numa.node.id=0 process.instance.id=AGPEFAA4ZV6NFG4[2m2026-05-19T23:09:29.714Z[0m  [33mWARN [0m [1motap-df-core-nodes::traffic_generator.smooth_run_behind[0m: Data generator is falling behind and didn't finish the current run. For highest possible throughput, use production_mode: open [remaining=22, remaining_items=19074][35m entity/node.attrs: node.id=receiver node.urn=urn:otel:receiver:traffic_generator node.type=receiver pipeline.id=main pipeline.group.id=default deployment.generation=0 core.id=7 numa.node.id=0 process.instance.id=AGPEFAA4ZV6NFG4[2m2026-05-19T23:09:30.630Z[0m  [33mWARN [0m [1motap-df-core-nodes::traffic_generator.smooth_run_behind[0m: Data generator is falling behind and didn't finish the current run. For highest possible throughput, use production_mode: open [remaining=1, remaining_items=867][35m entity/node.attrs: node.id=receiver node.urn=urn:otel:receiver:traffic_generator node.type=receiver pipeline.id=main pipeline.group.id=default deployment.generation=0 core.id=5 numa.node.id=0 process.instance.id=AGPEFAA4ZV6NFG4YR6[2m2026-05-19T23:09:33.501Z[0m  [33mWARN [0m [1motap-df-core-nodes::traffic_generator.smooth_run_behind[0m: Data generator is falling behind and didn't finish the current run. For highest possible throughput, use production_mode: open [remaining=9, remaining_items=7803][35m entity/node.attrs: node.id=receiver node.urn=urn:otel:receiver:traffic_generator node.type=receiver pipeline.id=main pipeline.group.id=default deployment.generation=0 core.id=2 numa.node.id=0 process.instance.id=AGPEFAA4ZV6NFG4YR[2m2026-05-19T23:09:33.572Z[0m  [33mWARN [0m [1motap-df-core-nodes::traffic_generator.smooth_run_behind[0m: Data generator is falling behind and didn't finish the current run. For highest possible throughput, use production_mode: open [remaining=13, remaining_items=11271][35m entity/node.attrs: node.id=receiver node.urn=urn:otel:receiver:traffic_generator node.type=receiver pipeline.id=main pipeline.group.id=default deployment.generation=0 core.id=3 numa.node.id=0 process.instance.id=AGPEFAA4ZV6NFG4[2m2026-05-19T23:09:33.631Z[0m  [33mWARN [0m [1motap-df-core-nodes::traffic_generator.smooth_run_behind[0m: Data generator is falling behind and didn't finish the current run. For highest possible throughput, use production_mode: open [remaining=17, remaining_items=14739][35m entity/node.attrs: node.id=receiver node.urn=urn:otel:receiver:traffic_generator node.type=receiver pipeline.id=main pipeline.group.id=default deployment.generation=0 core.id=5 numa.node.id=0 process.instance.id=AGPEFAA4ZV6NFG4[2m2026-05-19T23:09:33.670Z[0m  [33mWARN [0m [1motap-df-core-nodes::traffic_generator.smooth_run_behind[0m: Data generator is falling behind and didn't finish the current run. For highest possible throughput, use production_mode: open [remaining=2, remaining_items=1734][35m entity/node.attrs: node.id=receiver node.urn=urn:otel:receiver:traffic_generator node.type=receiver pipeline.id=main pipeline.group.id=default deployment.generation=0 core.id=6 numa.node.id=0 process.instance.id=AGPEFAA4ZV6NFG4YR[2m2026-05-19T23:09:38.769Z[0m  [32mINFO [0m [1motap-df-admin::shutdown.requested[0m: [wait=true, timeout_secs=5][35m[0m
[2m2026-05-19T23:09:38.769Z[0m  [32mINFO [0m [1motap-df-admin::shutdown.blocking_wait[0m: [timeout_secs=5][35m[0m
[2m2026-05-19T23:09:38.769Z[0m  [32mINFO [0m [1motap-df-state::state.observed_event[0m: global shutdown [pipeline_group_id=default, pipeline_id=main, core_id=2, event_type=ShutdownRequested][35m[0m
[2m2026-05-19T23:09:38.769Z[0m  [32mINFO [0m [1motap-df-state::state.observed_event[0m: global shutdown [pipeline_group_id=default, pipeline_id=main, core_id=3, event_type=ShutdownRequested][35m[0m
[2m2026-05-19T23:09:38.769Z[0m  [32mINFO [0m [1motap-df-state::state.observed_event[0m: global shutdown [pipeline_group_id=default, pipeline_id=main, core_id=4, event_type=ShutdownRequested][35m[0m
[2m2026-05-19T23:09:38.769Z[0m  [32mINFO [0m [1motap-df-state::state.observed_event[0m: global shutdown [pipeline_group_id=default, pipeline_id=main, core_id=5, event_type=ShutdownRequested][35m[0m
[2m2026-05-19T23:09:38.769Z[0m  [32mINFO [0m [1motap-df-state::state.observed_event[0m: global shutdown [pipeline_group_id=default, pipeline_id=main, core_id=6, event_type=ShutdownRequested][35m[0m
[2m2026-05-19T23:09:38.769Z[0m  [32mINFO [0m [1motap-df-state::state.observed_event[0m: global shutdown [pipeline_group_id=default, pipeline_id=main, core_id=7, event_type=ShutdownRequested][35m[0m
[2m2026-05-19T23:09:38.769Z[0m  [32mINFO [0m [1motap-df-core-nodes::traffic_generator.drain_ingress[0m[35m entity/node.attrs: node.id=receiver node.urn=urn:otel:receiver:traffic_generator node.type=receiver pipeline.id=main pipeline.group.id=default deployment.generation=0 core.id=5 numa.node.id=0 process.instance.id=AGPEFAA4ZV6NFG4YR6VL5ZRUHA host.id=3392e8f7e2dd container.id=[0m
[2m2026-05-19T23:09:38.769Z[0m  [32mINFO [0m [1motap-df-core-nodes::traffic_generator.drain_ingress[0m[35m entity/node.attrs: node.id=receiver node.urn=urn:otel:receiver:traffic_generator node.type=receiver pipeline.id=main pipeline.group.id=default deployment.generation=0 core.id=2 numa.node.id=0 process.instance.id=AGPEFAA4ZV6NFG4YR6VL5ZRUHA host.id=3392e8f7e2dd container.id=[0m
[2m2026-05-19T23:09:38.769Z[0m  [32mINFO [0m [1motap-df-core-nodes::traffic_generator.drain_ingress[0m[35m entity/node.attrs: node.id=receiver node.urn=urn:otel:receiver:traffic_generator node.type=receiver pipeline.id=main pipeline.group.id=default deployment.generation=0 core.id=3 numa.node.id=0 process.instance.id=AGPEFAA4ZV6NFG4YR6VL5ZRUHA host.id=3392e8f7e2dd container.id=[0m
[2m2026-05-19T23:09:38.769Z[0m  [32mINFO [0m [1motap-df-core-nodes::traffic_generator.drain_ingress[0m[35m entity/node.attrs: node.id=receiver node.urn=urn:otel:receiver:traffic_generator node.type=receiver pipeline.id=main pipeline.group.id=default deployment.generation=0 core.id=4 numa.node.id=0 process.instance.id=AGPEFAA4ZV6NFG4YR6VL5ZRUHA host.id=3392e8f7e2dd container.id=[0m
[2m2026-05-19T23:09:38.769Z[0m  [32mINFO [0m [1motap-df-core-nodes::traffic_generator.drain_ingress[0m[35m entity/node.attrs: node.id=receiver node.urn=urn:otel:receiver:traffic_generator node.type=receiver pipeline.id=main pipeline.group.id=default deployment.generation=0 core.id=6 numa.node.id=0 process.instance.id=AGPEFAA4ZV6NFG4YR6VL5ZRUHA host.id=3392e8f7e2dd container.id=[0m
[2m2026-05-19T23:09:38.769Z[0m  [32mINFO [0m [1motap-df-core-nodes::traffic_generator.drain_ingress[0m[35m entity/node.attrs: node.id=receiver node.urn=urn:otel:receiver:traffic_generator node.type=receiver pipeline.id=main pipeline.group.id=default deployment.generation=0 core.id=7 numa.node.id=0 process.instance.id=AGPEFAA4ZV6NFG4YR6VL5ZRUHA host.id=3392e8f7e2dd container.id=[0m
[2m2026-05-19T23:09:38.769Z[0m  [32mINFO [0m [1motap-df-state::state.observed_event[0m: global shutdown [pipeline_group_id=default, pipeline_id=main, core_id=8, event_type=ShutdownRequested][35m[0m
[2m2026-05-19T23:09:38.769Z[0m  [32mINFO [0m [1motap-df-core-nodes::traffic_generator.drain_ingress[0m[35m entity/node.attrs: node.id=receiver node.urn=urn:otel:receiver:traffic_generator node.type=receiver pipeline.id=main pipeline.group.id=default deployment.generation=0 core.id=8 numa.node.id=0 process.instance.id=AGPEFAA4ZV6NFG4YR6VL5ZRUHA host.id=3392e8f7e2dd container.id=[0m
[2m2026-05-19T23:09:39.066Z[0m  [32mINFO [0m [1motap-df-contrib-nodes::stef.exporter.grpc.shutdown[0m[35m entity/node.attrs: node.id=exporter node.urn=urn:otel:exporter:stef node.type=exporter pipeline.id=main pipeline.group.id=default deployment.generation=0 core.id=4 numa.node.id=0 process.instance.id=AGPEFAA4ZV6NFG4YR6VL5ZRUHA host.id=3392e8f7e2dd container.id=[0m
[2m2026-05-19T23:09:39.235Z[0m  [32mINFO [0m [1motap-df-contrib-nodes::stef.exporter.grpc.shutdown[0m[35m entity/node.attrs: node.id=exporter node.urn=urn:otel:exporter:stef node.type=exporter pipeline.id=main pipeline.group.id=default deployment.generation=0 core.id=3 numa.node.id=0 process.instance.id=AGPEFAA4ZV6NFG4YR6VL5ZRUHA host.id=3392e8f7e2dd container.id=[0m
[2m2026-05-19T23:09:39.758Z[0m  [32mINFO [0m [1motap-df-contrib-nodes::stef.exporter.grpc.shutdown[0m[35m entity/node.attrs: node.id=exporter node.urn=urn:otel:exporter:stef node.type=exporter pipeline.id=main pipeline.group.id=default deployment.generation=0 core.id=5 numa.node.id=0 process.instance.id=AGPEFAA4ZV6NFG4YR6VL5ZRUHA host.id=3392e8f7e2dd container.id=[0m
[2m2026-05-19T23:09:39.762Z[0m  [32mINFO [0m [1motap-df-contrib-nodes::stef.exporter.grpc.shutdown[0m[35m entity/node.attrs: node.id=exporter node.urn=urn:otel:exporter:stef node.type=exporter pipeline.id=main pipeline.group.id=default deployment.generation=0 core.id=7 numa.node.id=0 process.instance.id=AGPEFAA4ZV6NFG4YR6VL5ZRUHA host.id=3392e8f7e2dd container.id=[0m
[2m2026-05-19T23:09:39.764Z[0m  [32mINFO [0m [1motap-df-contrib-nodes::stef.exporter.grpc.shutdown[0m[35m entity/node.attrs: node.id=exporter node.urn=urn:otel:exporter:stef node.type=exporter pipeline.id=main pipeline.group.id=default deployment.generation=0 core.id=6 numa.node.id=0 process.instance.id=AGPEFAA4ZV6NFG4YR6VL5ZRUHA host.id=3392e8f7e2dd container.id=[0m
[2m2026-05-19T23:09:39.766Z[0m  [32mINFO [0m [1motap-df-contrib-nodes::stef.exporter.grpc.shutdown[0m[35m entity/node.attrs: node.id=exporter node.urn=urn:otel:exporter:stef node.type=exporter pipeline.id=main pipeline.group.id=default deployment.generation=0 core.id=8 numa.node.id=0 process.instance.id=AGPEFAA4ZV6NFG4YR6VL5ZRUHA host.id=3392e8f7e2dd container.id=[0m
[2m2026-05-19T23:09:39.766Z[0m  [32mINFO [0m [1motap-df-contrib-nodes::stef.exporter.grpc.shutdown[0m[35m entity/node.attrs: node.id=exporter node.urn=urn:otel:exporter:stef node.type=exporter pipeline.id=main pipeline.group.id=default deployment.generation=0 core.id=2 numa.node.id=0 process.instance.id=AGPEFAA4ZV6NFG4YR6VL5ZRUHA host.id=3392e8f7e2dd container.id=[0m
[2m2026-05-19T23:09:39.780Z[0m  [32mINFO [0m [1motap-df-admin::shutdown.completed[0m: [elapsed_ms=1011][35m[0m
[2m2026-05-19T23:09:39.782Z[0m  [32mINFO [0m [1motap-df-admin::shutdown.requested[0m: [wait=true, timeout_secs=5][35m[0m
[2m2026-05-19T23:09:39.782Z[0m  [32mINFO [0m [1motap-df-admin::shutdown.blocking_wait[0m: [timeout_secs=5][35m[0m
[2m2026-05-19T23:09:39.782Z[0m  [32mINFO [0m [1motap-df-admin::shutdown.completed[0m: [elapsed_ms=0][35m[0m

================================================================================
Component: go-collector
Container ID: f45c9f93d78fd0e6a60a882834a0fa0aebe5f45d6a24f4208d10efcf6d1dca2e
================================================================================
2026-05-19T23:09:11.527Z	info	otelconftelemetry/tracer.go:47	Internal trace telemetry disabled	{"resource": {"service.instance.id": "7b352eef-ccd4-4ede-b4f2-e0337bffb849", "service.name": "otelcol-contrib", "service.version": "0.152.0"}}
2026-05-19T23:09:11.529Z	info	service@v0.152.0/service.go:241	Starting otelcol-contrib...	{"resource": {"service.instance.id": "7b352eef-ccd4-4ede-b4f2-e0337bffb849", "service.name": "otelcol-contrib", "service.version": "0.152.0"}, "Version": "0.152.0", "NumCPU": 32}
2026-05-19T23:09:11.529Z	info	extensions/extensions.go:41	Starting extensions...	{"resource": {"service.instance.id": "7b352eef-ccd4-4ede-b4f2-e0337bffb849", "service.name": "otelcol-contrib", "service.version": "0.152.0"}}
2026-05-19T23:09:11.530Z	info	stefreceiver@v0.152.0/stef.go:50	Starting GRPC server	{"resource": {"service.instance.id": "7b352eef-ccd4-4ede-b4f2-e0337bffb849", "service.name": "otelcol-contrib", "service.version": "0.152.0"}, "otelcol.component.id": "stef", "otelcol.component.kind": "receiver", "otelcol.signal": "metrics", "endpoint": "0.0.0.0:4320"}
2026-05-19T23:09:11.530Z	info	service@v0.152.0/service.go:264	Everything is ready. Begin running and processing data.	{"resource": {"service.instance.id": "7b352eef-ccd4-4ede-b4f2-e0337bffb849", "service.name": "otelcol-contrib", "service.version": "0.152.0"}}
2026-05-19T23:09:39.068Z	error	stefreceiver@v0.152.0/stef.go:152	Cannot read from STEF/gRPC connection	{"resource": {"service.instance.id": "7b352eef-ccd4-4ede-b4f2-e0337bffb849", "service.name": "otelcol-contrib", "service.version": "0.152.0"}, "otelcol.component.id": "stef", "otelcol.component.kind": "receiver", "otelcol.signal": "metrics", "error": "EOF"}
github.com/open-telemetry/opentelemetry-collector-contrib/receiver/stefreceiver.(*stefReceiver).onStream
	github.com/open-telemetry/opentelemetry-collector-contrib/receiver/stefreceiver@v0.152.0/stef.go:152
github.com/splunk/stef/go/grpc.(*StreamServer).Stream
	github.com/splunk/stef/go/grpc@v0.1.1/server.go:235
github.com/splunk/stef/go/grpc/stef_proto._STEFDestination_Stream_Handler
	github.com/splunk/stef/go/grpc@v0.1.1/stef_proto/destination_grpc.pb.go:116
go.opentelemetry.io/collector/config/configgrpc.(*ServerConfig).getGrpcServerOptions.enhanceStreamWithClientInformation.func8
	go.opentelemetry.io/collector/config/configgrpc@v0.152.0/configgrpc.go:675
google.golang.org/grpc.(*Server).processStreamingRPC
	google.golang.org/grpc@v1.81.0/server.go:1723
google.golang.org/grpc.(*Server).handleStream
	google.golang.org/grpc@v1.81.0/server.go:1860
google.golang.org/grpc.(*Server).serveStreams.func2.1
	google.golang.org/grpc@v1.81.0/server.go:1065
2026-05-19T23:09:39.235Z	error	stefreceiver@v0.152.0/stef.go:152	Cannot read from STEF/gRPC connection	{"resource": {"service.instance.id": "7b352eef-ccd4-4ede-b4f2-e0337bffb849", "service.name": "otelcol-contrib", "service.version": "0.152.0"}, "otelcol.component.id": "stef", "otelcol.component.kind": "receiver", "otelcol.signal": "metrics", "error": "EOF"}
github.com/open-telemetry/opentelemetry-collector-contrib/receiver/stefreceiver.(*stefReceiver).onStream
	github.com/open-telemetry/opentelemetry-collector-contrib/receiver/stefreceiver@v0.152.0/stef.go:152
github.com/splunk/stef/go/grpc.(*StreamServer).Stream
	github.com/splunk/stef/go/grpc@v0.1.1/server.go:235
github.com/splunk/stef/go/grpc/stef_proto._STEFDestination_Stream_Handler
	github.com/splunk/stef/go/grpc@v0.1.1/stef_proto/destination_grpc.pb.go:116
go.opentelemetry.io/collector/config/configgrpc.(*ServerConfig).getGrpcServerOptions.enhanceStreamWithClientInformation.func8
	go.opentelemetry.io/collector/config/configgrpc@v0.152.0/configgrpc.go:675
google.golang.org/grpc.(*Server).processStreamingRPC
	google.golang.org/grpc@v1.81.0/server.go:1723
google.golang.org/grpc.(*Server).handleStream
	google.golang.org/grpc@v1.81.0/server.go:1860
google.golang.org/grpc.(*Server).serveStreams.func2.1
	google.golang.org/grpc@v1.81.0/server.go:1065
2026-05-19T23:09:39.758Z	error	stefreceiver@v0.152.0/stef.go:152	Cannot read from STEF/gRPC connection	{"resource": {"service.instance.id": "7b352eef-ccd4-4ede-b4f2-e0337bffb849", "service.name": "otelcol-contrib", "service.version": "0.152.0"}, "otelcol.component.id": "stef", "otelcol.component.kind": "receiver", "otelcol.signal": "metrics", "error": "EOF"}
github.com/open-telemetry/opentelemetry-collector-contrib/receiver/stefreceiver.(*stefReceiver).onStream
	github.com/open-telemetry/opentelemetry-collector-contrib/receiver/stefreceiver@v0.152.0/stef.go:152
github.com/splunk/stef/go/grpc.(*StreamServer).Stream
	github.com/splunk/stef/go/grpc@v0.1.1/server.go:235
github.com/splunk/stef/go/grpc/stef_proto._STEFDestination_Stream_Handler
	github.com/splunk/stef/go/grpc@v0.1.1/stef_proto/destination_grpc.pb.go:116
go.opentelemetry.io/collector/config/configgrpc.(*ServerConfig).getGrpcServerOptions.enhanceStreamWithClientInformation.func8
	go.opentelemetry.io/collector/config/configgrpc@v0.152.0/configgrpc.go:675
google.golang.org/grpc.(*Server).processStreamingRPC
	google.golang.org/grpc@v1.81.0/server.go:1723
google.golang.org/grpc.(*Server).handleStream
	google.golang.org/grpc@v1.81.0/server.go:1860
google.golang.org/grpc.(*Server).serveStreams.func2.1
	google.golang.org/grpc@v1.81.0/server.go:1065
2026-05-19T23:09:39.762Z	error	stefreceiver@v0.152.0/stef.go:152	Cannot read from STEF/gRPC connection	{"resource": {"service.instance.id": "7b352eef-ccd4-4ede-b4f2-e0337bffb849", "service.name": "otelcol-contrib", "service.version": "0.152.0"}, "otelcol.component.id": "stef", "otelcol.component.kind": "receiver", "otelcol.signal": "metrics", "error": "EOF"}
github.com/open-telemetry/opentelemetry-collector-contrib/receiver/stefreceiver.(*stefReceiver).onStream
	github.com/open-telemetry/opentelemetry-collector-contrib/receiver/stefreceiver@v0.152.0/stef.go:152
github.com/splunk/stef/go/grpc.(*StreamServer).Stream
	github.com/splunk/stef/go/grpc@v0.1.1/server.go:235
github.com/splunk/stef/go/grpc/stef_proto._STEFDestination_Stream_Handler
	github.com/splunk/stef/go/grpc@v0.1.1/stef_proto/destination_grpc.pb.go:116
go.opentelemetry.io/collector/config/configgrpc.(*ServerConfig).getGrpcServerOptions.enhanceStreamWithClientInformation.func8
	go.opentelemetry.io/collector/config/configgrpc@v0.152.0/configgrpc.go:675
google.golang.org/grpc.(*Server).processStreamingRPC
	google.golang.org/grpc@v1.81.0/server.go:1723
google.golang.org/grpc.(*Server).handleStream
	google.golang.org/grpc@v1.81.0/server.go:1860
google.golang.org/grpc.(*Server).serveStreams.func2.1
	google.golang.org/grpc@v1.81.0/server.go:1065
2026-05-19T23:09:39.764Z	error	stefreceiver@v0.152.0/stef.go:152	Cannot read from STEF/gRPC connection	{"resource": {"service.instance.id": "7b352eef-ccd4-4ede-b4f2-e0337bffb849", "service.name": "otelcol-contrib", "service.version": "0.152.0"}, "otelcol.component.id": "stef", "otelcol.component.kind": "receiver", "otelcol.signal": "metrics", "error": "EOF"}
github.com/open-telemetry/opentelemetry-collector-contrib/receiver/stefreceiver.(*stefReceiver).onStream
	github.com/open-telemetry/opentelemetry-collector-contrib/receiver/stefreceiver@v0.152.0/stef.go:152
github.com/splunk/stef/go/grpc.(*StreamServer).Stream
	github.com/splunk/stef/go/grpc@v0.1.1/server.go:235
github.com/splunk/stef/go/grpc/stef_proto._STEFDestination_Stream_Handler
	github.com/splunk/stef/go/grpc@v0.1.1/stef_proto/destination_grpc.pb.go:116
go.opentelemetry.io/collector/config/configgrpc.(*ServerConfig).getGrpcServerOptions.enhanceStreamWithClientInformation.func8
	go.opentelemetry.io/collector/config/configgrpc@v0.152.0/configgrpc.go:675
google.golang.org/grpc.(*Server).processStreamingRPC
	google.golang.org/grpc@v1.81.0/server.go:1723
google.golang.org/grpc.(*Server).handleStream
	google.golang.org/grpc@v1.81.0/server.go:1860
google.golang.org/grpc.(*Server).serveStreams.func2.1
	google.golang.org/grpc@v1.81.0/server.go:1065
2026-05-19T23:09:39.766Z	error	stefreceiver@v0.152.0/stef.go:152	Cannot read from STEF/gRPC connection	{"resource": {"service.instance.id": "7b352eef-ccd4-4ede-b4f2-e0337bffb849", "service.name": "otelcol-contrib", "service.version": "0.152.0"}, "otelcol.component.id": "stef", "otelcol.component.kind": "receiver", "otelcol.signal": "metrics", "error": "EOF"}
github.com/open-telemetry/opentelemetry-collector-contrib/receiver/stefreceiver.(*stefReceiver).onStream
	github.com/open-telemetry/opentelemetry-collector-contrib/receiver/stefreceiver@v0.152.0/stef.go:152
github.com/splunk/stef/go/grpc.(*StreamServer).Stream
	github.com/splunk/stef/go/grpc@v0.1.1/server.go:235
github.com/splunk/stef/go/grpc/stef_proto._STEFDestination_Stream_Handler
	github.com/splunk/stef/go/grpc@v0.1.1/stef_proto/destination_grpc.pb.go:116
go.opentelemetry.io/collector/config/configgrpc.(*ServerConfig).getGrpcServerOptions.enhanceStreamWithClientInformation.func8
	go.opentelemetry.io/collector/config/configgrpc@v0.152.0/configgrpc.go:675
google.golang.org/grpc.(*Server).processStreamingRPC
	google.golang.org/grpc@v1.81.0/server.go:1723
google.golang.org/grpc.(*Server).handleStream
	google.golang.org/grpc@v1.81.0/server.go:1860
google.golang.org/grpc.(*Server).serveStreams.func2.1
	google.golang.org/grpc@v1.81.0/server.go:1065
2026-05-19T23:09:39.766Z	error	stefreceiver@v0.152.0/stef.go:152	Cannot read from STEF/gRPC connection	{"resource": {"service.instance.id": "7b352eef-ccd4-4ede-b4f2-e0337bffb849", "service.name": "otelcol-contrib", "service.version": "0.152.0"}, "otelcol.component.id": "stef", "otelcol.component.kind": "receiver", "otelcol.signal": "metrics", "error": "EOF"}
github.com/open-telemetry/opentelemetry-collector-contrib/receiver/stefreceiver.(*stefReceiver).onStream
	github.com/open-telemetry/opentelemetry-collector-contrib/receiver/stefreceiver@v0.152.0/stef.go:152
github.com/splunk/stef/go/grpc.(*StreamServer).Stream
	github.com/splunk/stef/go/grpc@v0.1.1/server.go:235
github.com/splunk/stef/go/grpc/stef_proto._STEFDestination_Stream_Handler
	github.com/splunk/stef/go/grpc@v0.1.1/stef_proto/destination_grpc.pb.go:116
go.opentelemetry.io/collector/config/configgrpc.(*ServerConfig).getGrpcServerOptions.enhanceStreamWithClientInformation.func8
	go.opentelemetry.io/collector/config/configgrpc@v0.152.0/configgrpc.go:675
google.golang.org/grpc.(*Server).processStreamingRPC
	google.golang.org/grpc@v1.81.0/server.go:1723
google.golang.org/grpc.(*Server).handleStream
	google.golang.org/grpc@v1.81.0/server.go:1860
google.golang.org/grpc.(*Server).serveStreams.func2.1
	google.golang.org/grpc@v1.81.0/server.go:1065

================================================================================
Component: backend-service
Container ID: 567f5aa8c21bd48a9f9cd9805107897259bb386c51f4ef6189b7abde849fe14b
================================================================================
System Information:
  Available CPU cores: 32
  Available memory: 112.66 GB / 117.92 GB
  Build mode: release
  Memory allocator: jemalloc

Available Component URNs:
  Receivers: urn:otel:receiver:host_metrics, urn:otel:receiver:internal_telemetry, urn:otel:receiver:otap, urn:otel:receiver:otlp, urn:otel:receiver:stef, urn:otel:receiver:syslog_cef, urn:otel:receiver:topic, urn:otel:receiver:traffic_generator
  Processors: urn:otel:processor:attribute, urn:otel:processor:batch, urn:otel:processor:content_router, urn:otel:processor:debug, urn:otel:processor:delay, urn:otel:processor:durable_buffer, urn:otel:processor:fanout, urn:otel:processor:filter, urn:otel:processor:log_sampling, urn:otel:processor:retry, urn:otel:processor:temporal_reaggregation, urn:otel:processor:transform, urn:otel:processor:type_router
  Exporters: urn:otel:exporter:console, urn:otel:exporter:error, urn:otel:exporter:noop, urn:otel:exporter:otap, urn:otel:exporter:otlp_grpc, urn:otel:exporter:otlp_http, urn:otel:exporter:parquet, urn:otel:exporter:perf, urn:otel:exporter:stef, urn:otel:exporter:topic

Example configuration files can be found in the configs/ directory.
[2m2026-05-19T23:09:10.183Z[0m  [32mINFO [0m [1motap-df-controller::pipeline.core_allocation[0m: [pipeline_group_id=default, pipeline_id=main, num_cores=1, core_allocation=1]
[2m2026-05-19T23:09:10.186Z[0m  [32mINFO [0m [1motap-df-admin::endpoint.start[0m: Admin HTTP server listening [bind_address=0.0.0.0:8080][35m[0m
[2m2026-05-19T23:09:10.186Z[0m  [32mINFO [0m [1motap-df-core-nodes::perf_exporter.start[0m: Starting Perf Exporter [frequency_ms=500][35m entity/node.attrs: node.id=perf node.urn=urn:otel:exporter:perf node.type=exporter pipeline.id=main pipeline.group.id=default deployment.generation=0 core.id=1 numa.node.id=0 process.instance.id=AGPEFAASUZ6DDIKUULYV6FPROQ host.id=567f5aa8c21b container.id=[0m
[2m2026-05-19T23:09:10.186Z[0m  [32mINFO [0m [1motap-df-contrib-nodes::stef.receiver.grpc.start[0m: Starting STEF gRPC receiver [endpoint=0.0.0.0:1235][35m entity/node.attrs: node.id=receiver node.urn=urn:otel:receiver:stef node.type=receiver pipeline.id=main pipeline.group.id=default deployment.generation=0 core.id=1 numa.node.id=0 process.instance.id=AGPEFAASUZ6DDIKUULYV6FPROQ host.id=567f5aa8c21b container.id=[0m

================================================================================
END OF CONTAINER LOGS
================================================================================

# OTel Collector 700k - OTC STEF Baseline (Metrics)

## Table: metadata_filtered
  
**Description**: Information about the test suite and report.
  
| Attribute        | Value                                             |
|:-----------------|:--------------------------------------------------|
| test.suite.start | 2026-05-19T23:06:18.508797+00:00                  |
| test.suite       | OTC STEF Baseline (Metrics)                       |
| test.step        | Run Report                                        |
| test.start       | 2026-05-19T23:09:09.879986+00:00                  |
| test.name        | 700k                                              |
| report.type      | sql_report                                        |
| report.time      | 2026-05-19T23:10:05.164794+00:00                  |
| report.name      | OTel Collector 700k - OTC STEF Baseline (Metrics) |
| code.sha         | 6eafd2676d480c0c3d2671aafbb0fb44f5b2a587          |
| code.dirty       | True                                              |
| code.branch      | stef-benchmarks                                   |


## Table: send_receive_rates_by_core
  
**Description**: Core Specific increase and average rate of various send / receive metrics
  
| component_name   | metric_name      |   core_id |   total_increase |   average_rate |
|:-----------------|:-----------------|----------:|-----------------:|---------------:|
| backend-service  | metrics          |         1 |      9.57948e+06 |       502720   |
| load-generator   | metrics_produced |         2 |      1.43402e+06 |        76237.8 |
| load-generator   | metrics_produced |         3 |      1.34212e+06 |        72280.7 |
| load-generator   | metrics_produced |         4 |      1.37766e+06 |        73734.8 |
| load-generator   | metrics_produced |         5 |      1.42275e+06 |        75749.1 |
| load-generator   | metrics_produced |         6 |      1.41148e+06 |        75417.1 |
| load-generator   | metrics_produced |         7 |      1.38547e+06 |        74151.9 |
| load-generator   | metrics_produced |         8 |      1.42101e+06 |        75967.2 |


## Table: aggregate_send_receive_rates
  
**Description**: Cumulative increase and average rate of various send / receive metrics
  
| component_name   | metric_name      |   total_increase |   average_rate |
|:-----------------|:-----------------|-----------------:|---------------:|
| backend-service  | metrics          |      9.57948e+06 |         502720 |
| load-generator   | metrics_produced |      9.7945e+06  |         523539 |


## Table: component_resource_metrics
  
**Description**: CPU and Memory metrics for the components in the Test Suite during the test.
  
| component_name   | metric_name            |   min_value |   avg_value |   max_value |
|:-----------------|:-----------------------|------------:|------------:|------------:|
| load-generator   | container.memory.usage | 5.13655e+08 | 5.17675e+08 | 5.3044e+08  |
| load-generator   | container.cpu.usage    | 0.408215    | 0.499137    | 0.575688    |
| go-collector     | container.cpu.usage    | 0.615325    | 0.785995    | 1.00151     |
| go-collector     | container.memory.usage | 1.26308e+09 | 3.45304e+09 | 5.56682e+09 |
| backend-service  | container.cpu.usage    | 0.195039    | 0.252751    | 0.305966    |
| backend-service  | container.memory.usage | 6.69245e+07 | 7.36285e+07 | 7.79837e+07 |


## Table: metric_loss
  
**Description**: Lost metrics (failed or sent but not received) total and as a percentage
  
|   metrics_lost |   metrics_lost_pct |
|---------------:|-------------------:|
|         215016 |          0.0219527 |


## Table: metric_throughput_rates
  
**Description**: Metric throughput rates (metrics/sec) calculated from total counts and observation window duration
  
| metric_name      |   total_increase |   metrics_per_second |
|:-----------------|-----------------:|---------------------:|
| metrics          |      9.57948e+06 |               499432 |
| metrics_produced |      9.7945e+06  |               518959 |


## Table: gh_actions_benchmark
  
**Description**: The final metrics used with gh_actions_benchmark.
  
| name                          | unit        |            value | extra                                                  |
|:------------------------------|:------------|-----------------:|:-------------------------------------------------------|
| dropped_metrics_percentage    | %           |      2.19527     | OTC STEF Baseline (Metrics)/700k - Dropped Metrics %   |
| cpu_percentage_normalized_avg | %           |     78.5995      | OTC STEF Baseline (Metrics)/700k - CPU % (Normalized)  |
| cpu_percentage_normalized_max | %           |    100.151       | OTC STEF Baseline (Metrics)/700k - CPU % (Normalized)  |
| ram_mib_avg                   | MiB         |   3293.07        | OTC STEF Baseline (Metrics)/700k - RAM (MiB)           |
| ram_mib_max                   | MiB         |   5308.93        | OTC STEF Baseline (Metrics)/700k - RAM (MiB)           |
| metrics_produced_rate         | metrics/sec | 518959           | OTC STEF Baseline (Metrics)/700k - Metric Throughput   |
| metrics_received_rate         | metrics/sec | 499432           | OTC STEF Baseline (Metrics)/700k - Metric Throughput   |
| test_duration                 | seconds     |     20.0008      | OTC STEF Baseline (Metrics)/700k - Test Duration       |
| network_tx_bytes_rate_avg     | bytes/sec   |      4.68554e+06 | OTC STEF Baseline (Metrics)/700k - Network Utilization |
| network_rx_bytes_rate_avg     | bytes/sec   |      8.60117e+06 | OTC STEF Baseline (Metrics)/700k - Network Utilization |



  Captured run env: .data/otc_metrics_stef_none_baseline/20260519_230617/run_env.json
  Environment:      INTEL(R) XEON(R) PLATINUM 8581C CPU @ 2.30GHz / x86_64 / 16 cores / 118 GiB / Debian GNU/Linux 12

Publishing results...
  Updated /home/jakedern/repos/otel-arrow/tools/comparison_dashboard/.site/data/suite/otc_metrics_stef_none_baseline/suite.yaml
  Updated /home/jakedern/repos/otel-arrow/tools/comparison_dashboard/.site/data/suite/otc_metrics_stef_none_baseline/run_env.json
  100k: metrics.json from sql_report-otel_collector_100k_otc_stef_baseline_metrics-20260519_230713.json
  100k: 5 files published
  400k: metrics.json from sql_report-otel_collector_400k_otc_stef_baseline_metrics-20260519_230810.json
  400k: 5 files published
  600k: metrics.json from sql_report-otel_collector_600k_otc_stef_baseline_metrics-20260519_230907.json
  600k: 5 files published
  700k: metrics.json from sql_report-otel_collector_700k_otc_stef_baseline_metrics-20260519_231005.json
  700k: 5 files published
  Published to /home/jakedern/repos/otel-arrow/tools/comparison_dashboard/.site/data/suite/otc_metrics_stef_none_baseline
